ISO-10303-21;
HEADER;
/*Generated by software containing ST-Developer
 * from STEP Tools, Inc. (www.steptools.com) 
 */
/*OPTION: using custom renumber hook */
/*description */
/*implementation_level */
FILE_DESCRIPTION(('STEP AP242 Edition 2','STEP AP242 Edition 2''CAx-IF Rec.Pracs.---Representation and Presentation of Product Manufa
cturing Information (PMI)---4.0---2014-10-13','STEP AP242 Edition 2''CAx-IF Rec.Pracs.---Representation and Presentation of Product Manufa
cturing Information (PMI)---4.0---2014-10-13''CAx-IF Rec.Pracs.---3D Tessellated Geometry---0.4---2014-09-14','STEP AP242 Edition 2''CAx-IF Rec.Pracs.---Representation and Presentation of Product Manufa
cturing Information (PMI)---4.0---2014-10-13''CAx-IF Rec.Pracs.---3D Tessellated Geometry---0.4---2014-09-14''2;1','STEP AP242 Edition 2''CAx-IF Rec.Pracs.---Representation and Presentation of Product Manufa
cturing Information (PMI)---4.0---2014-10-13''CAx-IF Rec.Pracs.---3D Tessellated Geometry---0.4---2014-09-14''2;1''CAx-IF Rec.Pracs.---User Defined Attributes---1.5---2016-08-15'),'2;1');
/*name */
/*time_stamp */
/*author */
/*organization */
/*preprocessor_version */
/*originating_system */
/*authorisation */
FILE_NAME('/vol/tmp/translate-2971514508271173405/MyKeeb Case - Top Housing.step','2026-09-29T01:24:02',(''),(''),'ST-DEVELOPER v20','ONSHAPE BY PTC INC, 1.221','  ');
FILE_SCHEMA(('AP242_MANAGED_MODEL_BASED_3D_ENGINEERING_MIM_LF { 1 0 10303 442 3 1 4 }'));
ENDSEC;
DATA;
#10=SHAPE_REPRESENTATION_RELATIONSHIP('','',#2676,#11);
#11=ADVANCED_BREP_SHAPE_REPRESENTATION('',(#2674),#4320);
#12=DEGENERATE_TOROIDAL_SURFACE('',#2755,0.0005,0.001,.T.);
#13=DEGENERATE_TOROIDAL_SURFACE('',#2762,0.0005,0.001,.T.);
#14=DEGENERATE_TOROIDAL_SURFACE('',#2764,0.0005,0.001,.T.);
#15=DEGENERATE_TOROIDAL_SURFACE('',#2770,0.0005,0.001,.T.);
#16=SPHERICAL_SURFACE('',#2730,0.0015);
#17=SPHERICAL_SURFACE('',#2743,0.0015);
#18=SPHERICAL_SURFACE('',#2745,0.0015);
#19=SPHERICAL_SURFACE('',#2751,0.0015);
#20=B_SPLINE_SURFACE_WITH_KNOTS('',3,1,((#3822,#3823),(#3824,#3825),(#3826,
#3827),(#3828,#3829)),.SURF_OF_LINEAR_EXTRUSION.,.F.,.F.,.F.,(4,4),(2,2),(0.,1.),(0.,1.),.PIECEWISE_BEZIER_KNOTS.);
#21=B_SPLINE_SURFACE_WITH_KNOTS('',3,1,((#3913,#3914),(#3915,#3916),(#3917,
#3918),(#3919,#3920)),.SURF_OF_LINEAR_EXTRUSION.,.F.,.F.,.F.,(4,4),(2,2),(0.,1.),(0.,1.),.PIECEWISE_BEZIER_KNOTS.);
#22=B_SPLINE_SURFACE_WITH_KNOTS('',3,1,((#3930,#3931),(#3932,#3933),(#3934,
#3935),(#3936,#3937)),.SURF_OF_LINEAR_EXTRUSION.,.F.,.F.,.F.,(4,4),(2,2),(0.,1.),(0.,1.),.PIECEWISE_BEZIER_KNOTS.);
#23=B_SPLINE_SURFACE_WITH_KNOTS('',3,1,((#3941,#3942),(#3943,#3944),(#3945,
#3946),(#3947,#3948)),.SURF_OF_LINEAR_EXTRUSION.,.F.,.F.,.F.,(4,4),(2,2),(0.,1.),(0.,1.),.PIECEWISE_BEZIER_KNOTS.);
#24=B_SPLINE_SURFACE_WITH_KNOTS('',3,1,((#4251,#4252),(#4253,#4254),(#4255,
#4256),(#4257,#4258)),.SURF_OF_LINEAR_EXTRUSION.,.F.,.F.,.F.,(4,4),(2,2),(0.,1.),(0.,1.),.PIECEWISE_BEZIER_KNOTS.);
#25=CYLINDRICAL_SURFACE('',#2714,0.0055);
#26=CYLINDRICAL_SURFACE('',#2727,0.0015);
#27=CYLINDRICAL_SURFACE('',#2733,0.0015);
#28=CYLINDRICAL_SURFACE('',#2736,0.0015);
#29=CYLINDRICAL_SURFACE('',#2738,0.0015);
#30=CYLINDRICAL_SURFACE('',#2740,0.0015);
#31=CYLINDRICAL_SURFACE('',#2747,0.0015);
#32=CYLINDRICAL_SURFACE('',#2749,0.0015);
#33=CYLINDRICAL_SURFACE('',#2753,0.0015);
#34=CYLINDRICAL_SURFACE('',#2758,0.001);
#35=CYLINDRICAL_SURFACE('',#2760,0.001);
#36=CYLINDRICAL_SURFACE('',#2766,0.001);
#37=CYLINDRICAL_SURFACE('',#2768,0.001);
#38=CIRCLE('',#2680,0.0055);
#39=CIRCLE('',#2715,0.0055);
#40=CIRCLE('',#2719,0.0005);
#41=CIRCLE('',#2720,0.0005);
#42=CIRCLE('',#2721,0.0005);
#43=CIRCLE('',#2722,0.0005);
#44=CIRCLE('',#2728,0.0015);
#45=CIRCLE('',#2729,0.0015);
#46=CIRCLE('',#2731,0.0015);
#47=CIRCLE('',#2732,0.0015);
#48=CIRCLE('',#2734,0.0015);
#49=CIRCLE('',#2735,0.0015);
#50=CIRCLE('',#2737,0.0015);
#51=CIRCLE('',#2739,0.0015);
#52=CIRCLE('',#2741,0.0015);
#53=CIRCLE('',#2742,0.0015);
#54=CIRCLE('',#2744,0.0015);
#55=CIRCLE('',#2746,0.0015);
#56=CIRCLE('',#2748,0.0015);
#57=CIRCLE('',#2750,0.0015);
#58=CIRCLE('',#2752,0.0015);
#59=CIRCLE('',#2754,0.0015);
#60=CIRCLE('',#2756,0.001);
#61=CIRCLE('',#2757,0.001);
#62=CIRCLE('',#2759,0.001);
#63=CIRCLE('',#2761,0.001);
#64=CIRCLE('',#2763,0.001);
#65=CIRCLE('',#2765,0.001);
#66=CIRCLE('',#2767,0.001);
#67=CIRCLE('',#2769,0.001);
#68=B_SPLINE_CURVE_WITH_KNOTS('',2,(#3513,#3514,#3515),.UNSPECIFIED.,.F.,.F.,(3,3),(0.,1.),.PIECEWISE_BEZIER_KNOTS.);
#69=B_SPLINE_CURVE_WITH_KNOTS('',2,(#3539,#3540,#3541),.UNSPECIFIED.,.F.,.F.,(3,3),(0.,1.),.PIECEWISE_BEZIER_KNOTS.);
#70=B_SPLINE_CURVE_WITH_KNOTS('',2,(#3546,#3547,#3548),.UNSPECIFIED.,.F.,.F.,(3,3),(0.,1.),.PIECEWISE_BEZIER_KNOTS.);
#71=B_SPLINE_CURVE_WITH_KNOTS('',2,(#3552,#3553,#3554),.UNSPECIFIED.,.F.,.F.,(3,3),(0.,1.),.PIECEWISE_BEZIER_KNOTS.);
#72=B_SPLINE_CURVE_WITH_KNOTS('',2,(#3558,#3559,#3560),.UNSPECIFIED.,.F.,.F.,(3,3),(0.,1.),.PIECEWISE_BEZIER_KNOTS.);
#73=B_SPLINE_CURVE_WITH_KNOTS('',2,(#3832,#3833,#3834),.UNSPECIFIED.,.F.,.F.,(3,3),(0.,1.),.PIECEWISE_BEZIER_KNOTS.);
#74=B_SPLINE_CURVE_WITH_KNOTS('',2,(#3923,#3924,#3925),.UNSPECIFIED.,.F.,.F.,(3,3),(0.,1.),.PIECEWISE_BEZIER_KNOTS.);
#75=B_SPLINE_CURVE_WITH_KNOTS('',2,(#3938,#3939,#3940),.UNSPECIFIED.,.F.,.F.,(3,3),(0.,1.),.PIECEWISE_BEZIER_KNOTS.);
#76=B_SPLINE_CURVE_WITH_KNOTS('',2,(#3951,#3952,#3953),.UNSPECIFIED.,.F.,.F.,(3,3),(0.,1.),.PIECEWISE_BEZIER_KNOTS.);
#77=B_SPLINE_CURVE_WITH_KNOTS('',2,(#4259,#4260,#4261),.UNSPECIFIED.,.F.,.F.,(3,3),(0.,1.),.PIECEWISE_BEZIER_KNOTS.);
#78=ORIENTED_EDGE('',*,*,#824,.F.);
#79=ORIENTED_EDGE('',*,*,#825,.T.);
#80=ORIENTED_EDGE('',*,*,#826,.T.);
#81=ORIENTED_EDGE('',*,*,#827,.F.);
#82=ORIENTED_EDGE('',*,*,#828,.T.);
#83=ORIENTED_EDGE('',*,*,#829,.T.);
#84=ORIENTED_EDGE('',*,*,#830,.F.);
#85=ORIENTED_EDGE('',*,*,#831,.F.);
#86=ORIENTED_EDGE('',*,*,#832,.F.);
#87=ORIENTED_EDGE('',*,*,#833,.F.);
#88=ORIENTED_EDGE('',*,*,#834,.F.);
#89=ORIENTED_EDGE('',*,*,#835,.F.);
#90=ORIENTED_EDGE('',*,*,#836,.F.);
#91=ORIENTED_EDGE('',*,*,#837,.F.);
#92=ORIENTED_EDGE('',*,*,#838,.T.);
#93=ORIENTED_EDGE('',*,*,#839,.T.);
#94=ORIENTED_EDGE('',*,*,#840,.T.);
#95=ORIENTED_EDGE('',*,*,#841,.T.);
#96=ORIENTED_EDGE('',*,*,#842,.F.);
#97=ORIENTED_EDGE('',*,*,#843,.F.);
#98=ORIENTED_EDGE('',*,*,#844,.F.);
#99=ORIENTED_EDGE('',*,*,#845,.T.);
#100=ORIENTED_EDGE('',*,*,#846,.F.);
#101=ORIENTED_EDGE('',*,*,#847,.F.);
#102=ORIENTED_EDGE('',*,*,#848,.T.);
#103=ORIENTED_EDGE('',*,*,#849,.F.);
#104=ORIENTED_EDGE('',*,*,#850,.T.);
#105=ORIENTED_EDGE('',*,*,#851,.T.);
#106=ORIENTED_EDGE('',*,*,#852,.T.);
#107=ORIENTED_EDGE('',*,*,#853,.T.);
#108=ORIENTED_EDGE('',*,*,#854,.T.);
#109=ORIENTED_EDGE('',*,*,#840,.F.);
#110=ORIENTED_EDGE('',*,*,#855,.F.);
#111=ORIENTED_EDGE('',*,*,#856,.T.);
#112=ORIENTED_EDGE('',*,*,#857,.T.);
#113=ORIENTED_EDGE('',*,*,#858,.T.);
#114=ORIENTED_EDGE('',*,*,#859,.T.);
#115=ORIENTED_EDGE('',*,*,#860,.T.);
#116=ORIENTED_EDGE('',*,*,#861,.T.);
#117=ORIENTED_EDGE('',*,*,#862,.T.);
#118=ORIENTED_EDGE('',*,*,#863,.T.);
#119=ORIENTED_EDGE('',*,*,#864,.T.);
#120=ORIENTED_EDGE('',*,*,#865,.T.);
#121=ORIENTED_EDGE('',*,*,#866,.T.);
#122=ORIENTED_EDGE('',*,*,#867,.T.);
#123=ORIENTED_EDGE('',*,*,#868,.T.);
#124=ORIENTED_EDGE('',*,*,#846,.T.);
#125=ORIENTED_EDGE('',*,*,#869,.F.);
#126=ORIENTED_EDGE('',*,*,#870,.F.);
#127=ORIENTED_EDGE('',*,*,#871,.T.);
#128=ORIENTED_EDGE('',*,*,#849,.T.);
#129=ORIENTED_EDGE('',*,*,#872,.F.);
#130=ORIENTED_EDGE('',*,*,#873,.F.);
#131=ORIENTED_EDGE('',*,*,#869,.T.);
#132=ORIENTED_EDGE('',*,*,#848,.F.);
#133=ORIENTED_EDGE('',*,*,#874,.F.);
#134=ORIENTED_EDGE('',*,*,#875,.T.);
#135=ORIENTED_EDGE('',*,*,#872,.T.);
#136=ORIENTED_EDGE('',*,*,#826,.F.);
#137=ORIENTED_EDGE('',*,*,#876,.F.);
#138=ORIENTED_EDGE('',*,*,#877,.F.);
#139=ORIENTED_EDGE('',*,*,#878,.F.);
#140=ORIENTED_EDGE('',*,*,#879,.T.);
#141=ORIENTED_EDGE('',*,*,#880,.T.);
#142=ORIENTED_EDGE('',*,*,#878,.T.);
#143=ORIENTED_EDGE('',*,*,#881,.F.);
#144=ORIENTED_EDGE('',*,*,#882,.F.);
#145=ORIENTED_EDGE('',*,*,#883,.T.);
#146=ORIENTED_EDGE('',*,*,#882,.T.);
#147=ORIENTED_EDGE('',*,*,#884,.F.);
#148=ORIENTED_EDGE('',*,*,#885,.F.);
#149=ORIENTED_EDGE('',*,*,#886,.T.);
#150=ORIENTED_EDGE('',*,*,#885,.T.);
#151=ORIENTED_EDGE('',*,*,#887,.F.);
#152=ORIENTED_EDGE('',*,*,#888,.T.);
#153=ORIENTED_EDGE('',*,*,#889,.F.);
#154=ORIENTED_EDGE('',*,*,#890,.F.);
#155=ORIENTED_EDGE('',*,*,#891,.F.);
#156=ORIENTED_EDGE('',*,*,#892,.F.);
#157=ORIENTED_EDGE('',*,*,#893,.T.);
#158=ORIENTED_EDGE('',*,*,#889,.T.);
#159=ORIENTED_EDGE('',*,*,#892,.T.);
#160=ORIENTED_EDGE('',*,*,#894,.F.);
#161=ORIENTED_EDGE('',*,*,#895,.F.);
#162=ORIENTED_EDGE('',*,*,#896,.F.);
#163=ORIENTED_EDGE('',*,*,#897,.F.);
#164=ORIENTED_EDGE('',*,*,#896,.T.);
#165=ORIENTED_EDGE('',*,*,#898,.F.);
#166=ORIENTED_EDGE('',*,*,#899,.F.);
#167=ORIENTED_EDGE('',*,*,#900,.T.);
#168=ORIENTED_EDGE('',*,*,#899,.T.);
#169=ORIENTED_EDGE('',*,*,#901,.F.);
#170=ORIENTED_EDGE('',*,*,#902,.F.);
#171=ORIENTED_EDGE('',*,*,#903,.T.);
#172=ORIENTED_EDGE('',*,*,#902,.T.);
#173=ORIENTED_EDGE('',*,*,#904,.F.);
#174=ORIENTED_EDGE('',*,*,#905,.F.);
#175=ORIENTED_EDGE('',*,*,#906,.T.);
#176=ORIENTED_EDGE('',*,*,#905,.T.);
#177=ORIENTED_EDGE('',*,*,#907,.F.);
#178=ORIENTED_EDGE('',*,*,#908,.F.);
#179=ORIENTED_EDGE('',*,*,#909,.T.);
#180=ORIENTED_EDGE('',*,*,#908,.T.);
#181=ORIENTED_EDGE('',*,*,#910,.F.);
#182=ORIENTED_EDGE('',*,*,#911,.F.);
#183=ORIENTED_EDGE('',*,*,#912,.F.);
#184=ORIENTED_EDGE('',*,*,#911,.T.);
#185=ORIENTED_EDGE('',*,*,#913,.F.);
#186=ORIENTED_EDGE('',*,*,#914,.F.);
#187=ORIENTED_EDGE('',*,*,#915,.F.);
#188=ORIENTED_EDGE('',*,*,#914,.T.);
#189=ORIENTED_EDGE('',*,*,#916,.F.);
#190=ORIENTED_EDGE('',*,*,#917,.F.);
#191=ORIENTED_EDGE('',*,*,#918,.F.);
#192=ORIENTED_EDGE('',*,*,#917,.T.);
#193=ORIENTED_EDGE('',*,*,#919,.F.);
#194=ORIENTED_EDGE('',*,*,#920,.F.);
#195=ORIENTED_EDGE('',*,*,#921,.F.);
#196=ORIENTED_EDGE('',*,*,#920,.T.);
#197=ORIENTED_EDGE('',*,*,#922,.F.);
#198=ORIENTED_EDGE('',*,*,#923,.F.);
#199=ORIENTED_EDGE('',*,*,#924,.F.);
#200=ORIENTED_EDGE('',*,*,#923,.T.);
#201=ORIENTED_EDGE('',*,*,#925,.F.);
#202=ORIENTED_EDGE('',*,*,#926,.F.);
#203=ORIENTED_EDGE('',*,*,#927,.T.);
#204=ORIENTED_EDGE('',*,*,#926,.T.);
#205=ORIENTED_EDGE('',*,*,#928,.F.);
#206=ORIENTED_EDGE('',*,*,#929,.F.);
#207=ORIENTED_EDGE('',*,*,#930,.F.);
#208=ORIENTED_EDGE('',*,*,#929,.T.);
#209=ORIENTED_EDGE('',*,*,#931,.T.);
#210=ORIENTED_EDGE('',*,*,#932,.F.);
#211=ORIENTED_EDGE('',*,*,#933,.F.);
#212=ORIENTED_EDGE('',*,*,#932,.T.);
#213=ORIENTED_EDGE('',*,*,#934,.F.);
#214=ORIENTED_EDGE('',*,*,#935,.F.);
#215=ORIENTED_EDGE('',*,*,#936,.F.);
#216=ORIENTED_EDGE('',*,*,#935,.T.);
#217=ORIENTED_EDGE('',*,*,#937,.F.);
#218=ORIENTED_EDGE('',*,*,#938,.F.);
#219=ORIENTED_EDGE('',*,*,#939,.T.);
#220=ORIENTED_EDGE('',*,*,#938,.T.);
#221=ORIENTED_EDGE('',*,*,#940,.F.);
#222=ORIENTED_EDGE('',*,*,#941,.F.);
#223=ORIENTED_EDGE('',*,*,#942,.F.);
#224=ORIENTED_EDGE('',*,*,#941,.T.);
#225=ORIENTED_EDGE('',*,*,#943,.F.);
#226=ORIENTED_EDGE('',*,*,#944,.F.);
#227=ORIENTED_EDGE('',*,*,#945,.F.);
#228=ORIENTED_EDGE('',*,*,#944,.T.);
#229=ORIENTED_EDGE('',*,*,#946,.F.);
#230=ORIENTED_EDGE('',*,*,#947,.F.);
#231=ORIENTED_EDGE('',*,*,#948,.F.);
#232=ORIENTED_EDGE('',*,*,#947,.T.);
#233=ORIENTED_EDGE('',*,*,#949,.F.);
#234=ORIENTED_EDGE('',*,*,#950,.F.);
#235=ORIENTED_EDGE('',*,*,#951,.T.);
#236=ORIENTED_EDGE('',*,*,#950,.T.);
#237=ORIENTED_EDGE('',*,*,#952,.F.);
#238=ORIENTED_EDGE('',*,*,#953,.F.);
#239=ORIENTED_EDGE('',*,*,#954,.F.);
#240=ORIENTED_EDGE('',*,*,#847,.T.);
#241=ORIENTED_EDGE('',*,*,#871,.F.);
#242=ORIENTED_EDGE('',*,*,#955,.F.);
#243=ORIENTED_EDGE('',*,*,#874,.T.);
#244=ORIENTED_EDGE('',*,*,#956,.T.);
#245=ORIENTED_EDGE('',*,*,#845,.F.);
#246=ORIENTED_EDGE('',*,*,#953,.T.);
#247=ORIENTED_EDGE('',*,*,#957,.F.);
#248=ORIENTED_EDGE('',*,*,#958,.T.);
#249=ORIENTED_EDGE('',*,*,#824,.T.);
#250=ORIENTED_EDGE('',*,*,#880,.F.);
#251=ORIENTED_EDGE('',*,*,#959,.F.);
#252=ORIENTED_EDGE('',*,*,#960,.T.);
#253=ORIENTED_EDGE('',*,*,#961,.T.);
#254=ORIENTED_EDGE('',*,*,#962,.T.);
#255=ORIENTED_EDGE('',*,*,#963,.T.);
#256=ORIENTED_EDGE('',*,*,#964,.T.);
#257=ORIENTED_EDGE('',*,*,#965,.T.);
#258=ORIENTED_EDGE('',*,*,#966,.T.);
#259=ORIENTED_EDGE('',*,*,#967,.T.);
#260=ORIENTED_EDGE('',*,*,#968,.T.);
#261=ORIENTED_EDGE('',*,*,#969,.T.);
#262=ORIENTED_EDGE('',*,*,#970,.T.);
#263=ORIENTED_EDGE('',*,*,#971,.T.);
#264=ORIENTED_EDGE('',*,*,#879,.F.);
#265=ORIENTED_EDGE('',*,*,#883,.F.);
#266=ORIENTED_EDGE('',*,*,#886,.F.);
#267=ORIENTED_EDGE('',*,*,#890,.T.);
#268=ORIENTED_EDGE('',*,*,#893,.F.);
#269=ORIENTED_EDGE('',*,*,#897,.T.);
#270=ORIENTED_EDGE('',*,*,#900,.F.);
#271=ORIENTED_EDGE('',*,*,#903,.F.);
#272=ORIENTED_EDGE('',*,*,#906,.F.);
#273=ORIENTED_EDGE('',*,*,#909,.F.);
#274=ORIENTED_EDGE('',*,*,#912,.T.);
#275=ORIENTED_EDGE('',*,*,#915,.T.);
#276=ORIENTED_EDGE('',*,*,#918,.T.);
#277=ORIENTED_EDGE('',*,*,#921,.T.);
#278=ORIENTED_EDGE('',*,*,#924,.T.);
#279=ORIENTED_EDGE('',*,*,#927,.F.);
#280=ORIENTED_EDGE('',*,*,#930,.T.);
#281=ORIENTED_EDGE('',*,*,#933,.T.);
#282=ORIENTED_EDGE('',*,*,#936,.T.);
#283=ORIENTED_EDGE('',*,*,#939,.F.);
#284=ORIENTED_EDGE('',*,*,#942,.T.);
#285=ORIENTED_EDGE('',*,*,#945,.T.);
#286=ORIENTED_EDGE('',*,*,#948,.T.);
#287=ORIENTED_EDGE('',*,*,#951,.F.);
#288=ORIENTED_EDGE('',*,*,#954,.T.);
#289=ORIENTED_EDGE('',*,*,#959,.T.);
#290=ORIENTED_EDGE('',*,*,#956,.F.);
#291=ORIENTED_EDGE('',*,*,#870,.T.);
#292=ORIENTED_EDGE('',*,*,#873,.T.);
#293=ORIENTED_EDGE('',*,*,#875,.F.);
#294=ORIENTED_EDGE('',*,*,#955,.T.);
#295=ORIENTED_EDGE('',*,*,#837,.T.);
#296=ORIENTED_EDGE('',*,*,#972,.F.);
#297=ORIENTED_EDGE('',*,*,#973,.F.);
#298=ORIENTED_EDGE('',*,*,#974,.T.);
#299=ORIENTED_EDGE('',*,*,#975,.T.);
#300=ORIENTED_EDGE('',*,*,#976,.T.);
#301=ORIENTED_EDGE('',*,*,#977,.F.);
#302=ORIENTED_EDGE('',*,*,#978,.F.);
#303=ORIENTED_EDGE('',*,*,#979,.T.);
#304=ORIENTED_EDGE('',*,*,#980,.T.);
#305=ORIENTED_EDGE('',*,*,#981,.F.);
#306=ORIENTED_EDGE('',*,*,#982,.F.);
#307=ORIENTED_EDGE('',*,*,#983,.T.);
#308=ORIENTED_EDGE('',*,*,#984,.T.);
#309=ORIENTED_EDGE('',*,*,#985,.F.);
#310=ORIENTED_EDGE('',*,*,#986,.F.);
#311=ORIENTED_EDGE('',*,*,#987,.T.);
#312=ORIENTED_EDGE('',*,*,#988,.T.);
#313=ORIENTED_EDGE('',*,*,#989,.F.);
#314=ORIENTED_EDGE('',*,*,#990,.F.);
#315=ORIENTED_EDGE('',*,*,#991,.T.);
#316=ORIENTED_EDGE('',*,*,#992,.T.);
#317=ORIENTED_EDGE('',*,*,#993,.F.);
#318=ORIENTED_EDGE('',*,*,#994,.F.);
#319=ORIENTED_EDGE('',*,*,#995,.T.);
#320=ORIENTED_EDGE('',*,*,#996,.T.);
#321=ORIENTED_EDGE('',*,*,#997,.F.);
#322=ORIENTED_EDGE('',*,*,#998,.F.);
#323=ORIENTED_EDGE('',*,*,#999,.T.);
#324=ORIENTED_EDGE('',*,*,#1000,.T.);
#325=ORIENTED_EDGE('',*,*,#1001,.F.);
#326=ORIENTED_EDGE('',*,*,#1002,.F.);
#327=ORIENTED_EDGE('',*,*,#1003,.T.);
#328=ORIENTED_EDGE('',*,*,#1004,.T.);
#329=ORIENTED_EDGE('',*,*,#1005,.F.);
#330=ORIENTED_EDGE('',*,*,#1006,.F.);
#331=ORIENTED_EDGE('',*,*,#1007,.T.);
#332=ORIENTED_EDGE('',*,*,#1008,.T.);
#333=ORIENTED_EDGE('',*,*,#1009,.F.);
#334=ORIENTED_EDGE('',*,*,#972,.T.);
#335=ORIENTED_EDGE('',*,*,#844,.T.);
#336=ORIENTED_EDGE('',*,*,#1010,.F.);
#337=ORIENTED_EDGE('',*,*,#1011,.F.);
#338=ORIENTED_EDGE('',*,*,#1012,.F.);
#339=ORIENTED_EDGE('',*,*,#843,.T.);
#340=ORIENTED_EDGE('',*,*,#1013,.F.);
#341=ORIENTED_EDGE('',*,*,#1014,.F.);
#342=ORIENTED_EDGE('',*,*,#1010,.T.);
#343=ORIENTED_EDGE('',*,*,#842,.T.);
#344=ORIENTED_EDGE('',*,*,#1015,.F.);
#345=ORIENTED_EDGE('',*,*,#1016,.F.);
#346=ORIENTED_EDGE('',*,*,#1013,.T.);
#347=ORIENTED_EDGE('',*,*,#841,.F.);
#348=ORIENTED_EDGE('',*,*,#854,.F.);
#349=ORIENTED_EDGE('',*,*,#1017,.T.);
#350=ORIENTED_EDGE('',*,*,#1015,.T.);
#351=ORIENTED_EDGE('',*,*,#839,.F.);
#352=ORIENTED_EDGE('',*,*,#1018,.F.);
#353=ORIENTED_EDGE('',*,*,#1019,.T.);
#354=ORIENTED_EDGE('',*,*,#855,.T.);
#355=ORIENTED_EDGE('',*,*,#838,.F.);
#356=ORIENTED_EDGE('',*,*,#974,.F.);
#357=ORIENTED_EDGE('',*,*,#1020,.T.);
#358=ORIENTED_EDGE('',*,*,#1018,.T.);
#359=ORIENTED_EDGE('',*,*,#1021,.F.);
#360=ORIENTED_EDGE('',*,*,#856,.F.);
#361=ORIENTED_EDGE('',*,*,#1019,.F.);
#362=ORIENTED_EDGE('',*,*,#1020,.F.);
#363=ORIENTED_EDGE('',*,*,#973,.T.);
#364=ORIENTED_EDGE('',*,*,#1009,.T.);
#365=ORIENTED_EDGE('',*,*,#1022,.F.);
#366=ORIENTED_EDGE('',*,*,#1023,.F.);
#367=ORIENTED_EDGE('',*,*,#1024,.T.);
#368=ORIENTED_EDGE('',*,*,#1005,.T.);
#369=ORIENTED_EDGE('',*,*,#1025,.F.);
#370=ORIENTED_EDGE('',*,*,#1026,.F.);
#371=ORIENTED_EDGE('',*,*,#1027,.T.);
#372=ORIENTED_EDGE('',*,*,#1001,.T.);
#373=ORIENTED_EDGE('',*,*,#1028,.F.);
#374=ORIENTED_EDGE('',*,*,#1029,.F.);
#375=ORIENTED_EDGE('',*,*,#1030,.T.);
#376=ORIENTED_EDGE('',*,*,#997,.T.);
#377=ORIENTED_EDGE('',*,*,#1031,.F.);
#378=ORIENTED_EDGE('',*,*,#1032,.F.);
#379=ORIENTED_EDGE('',*,*,#1033,.T.);
#380=ORIENTED_EDGE('',*,*,#993,.T.);
#381=ORIENTED_EDGE('',*,*,#1034,.F.);
#382=ORIENTED_EDGE('',*,*,#1035,.F.);
#383=ORIENTED_EDGE('',*,*,#1036,.T.);
#384=ORIENTED_EDGE('',*,*,#989,.T.);
#385=ORIENTED_EDGE('',*,*,#1037,.F.);
#386=ORIENTED_EDGE('',*,*,#1038,.F.);
#387=ORIENTED_EDGE('',*,*,#1039,.T.);
#388=ORIENTED_EDGE('',*,*,#985,.T.);
#389=ORIENTED_EDGE('',*,*,#1040,.F.);
#390=ORIENTED_EDGE('',*,*,#1041,.F.);
#391=ORIENTED_EDGE('',*,*,#1042,.T.);
#392=ORIENTED_EDGE('',*,*,#981,.T.);
#393=ORIENTED_EDGE('',*,*,#1043,.F.);
#394=ORIENTED_EDGE('',*,*,#1044,.F.);
#395=ORIENTED_EDGE('',*,*,#1045,.T.);
#396=ORIENTED_EDGE('',*,*,#977,.T.);
#397=ORIENTED_EDGE('',*,*,#1046,.F.);
#398=ORIENTED_EDGE('',*,*,#1047,.F.);
#399=ORIENTED_EDGE('',*,*,#1048,.T.);
#400=ORIENTED_EDGE('',*,*,#1011,.T.);
#401=ORIENTED_EDGE('',*,*,#1014,.T.);
#402=ORIENTED_EDGE('',*,*,#1016,.T.);
#403=ORIENTED_EDGE('',*,*,#1017,.F.);
#404=ORIENTED_EDGE('',*,*,#853,.F.);
#405=ORIENTED_EDGE('',*,*,#1049,.T.);
#406=ORIENTED_EDGE('',*,*,#1050,.T.);
#407=ORIENTED_EDGE('',*,*,#1051,.T.);
#408=ORIENTED_EDGE('',*,*,#1052,.T.);
#409=ORIENTED_EDGE('',*,*,#863,.F.);
#410=ORIENTED_EDGE('',*,*,#1053,.T.);
#411=ORIENTED_EDGE('',*,*,#857,.F.);
#412=ORIENTED_EDGE('',*,*,#1054,.F.);
#413=ORIENTED_EDGE('',*,*,#1055,.F.);
#414=ORIENTED_EDGE('',*,*,#1054,.T.);
#415=ORIENTED_EDGE('',*,*,#1056,.F.);
#416=ORIENTED_EDGE('',*,*,#859,.F.);
#417=ORIENTED_EDGE('',*,*,#1057,.T.);
#418=ORIENTED_EDGE('',*,*,#960,.F.);
#419=ORIENTED_EDGE('',*,*,#1058,.F.);
#420=ORIENTED_EDGE('',*,*,#1056,.T.);
#421=ORIENTED_EDGE('',*,*,#860,.F.);
#422=ORIENTED_EDGE('',*,*,#1059,.F.);
#423=ORIENTED_EDGE('',*,*,#1052,.F.);
#424=ORIENTED_EDGE('',*,*,#1055,.T.);
#425=ORIENTED_EDGE('',*,*,#1051,.F.);
#426=ORIENTED_EDGE('',*,*,#1060,.F.);
#427=ORIENTED_EDGE('',*,*,#864,.F.);
#428=ORIENTED_EDGE('',*,*,#867,.F.);
#429=ORIENTED_EDGE('',*,*,#1061,.T.);
#430=ORIENTED_EDGE('',*,*,#861,.F.);
#431=ORIENTED_EDGE('',*,*,#1062,.F.);
#432=ORIENTED_EDGE('',*,*,#1059,.T.);
#433=ORIENTED_EDGE('',*,*,#1058,.T.);
#434=ORIENTED_EDGE('',*,*,#1063,.F.);
#435=ORIENTED_EDGE('',*,*,#1062,.T.);
#436=ORIENTED_EDGE('',*,*,#1060,.T.);
#437=ORIENTED_EDGE('',*,*,#1064,.F.);
#438=ORIENTED_EDGE('',*,*,#1063,.T.);
#439=ORIENTED_EDGE('',*,*,#963,.F.);
#440=ORIENTED_EDGE('',*,*,#1065,.F.);
#441=ORIENTED_EDGE('',*,*,#1049,.F.);
#442=ORIENTED_EDGE('',*,*,#1064,.T.);
#443=ORIENTED_EDGE('',*,*,#1050,.F.);
#444=ORIENTED_EDGE('',*,*,#1066,.F.);
#445=ORIENTED_EDGE('',*,*,#868,.F.);
#446=ORIENTED_EDGE('',*,*,#1066,.T.);
#447=ORIENTED_EDGE('',*,*,#1065,.T.);
#448=ORIENTED_EDGE('',*,*,#1067,.F.);
#449=ORIENTED_EDGE('',*,*,#962,.F.);
#450=ORIENTED_EDGE('',*,*,#1068,.T.);
#451=ORIENTED_EDGE('',*,*,#865,.F.);
#452=ORIENTED_EDGE('',*,*,#1067,.T.);
#453=ORIENTED_EDGE('',*,*,#1069,.F.);
#454=ORIENTED_EDGE('',*,*,#1061,.F.);
#455=ORIENTED_EDGE('',*,*,#1070,.F.);
#456=ORIENTED_EDGE('',*,*,#969,.F.);
#457=ORIENTED_EDGE('',*,*,#1070,.T.);
#458=ORIENTED_EDGE('',*,*,#866,.F.);
#459=ORIENTED_EDGE('',*,*,#1071,.F.);
#460=ORIENTED_EDGE('',*,*,#970,.F.);
#461=ORIENTED_EDGE('',*,*,#1069,.T.);
#462=ORIENTED_EDGE('',*,*,#968,.F.);
#463=ORIENTED_EDGE('',*,*,#1072,.F.);
#464=ORIENTED_EDGE('',*,*,#862,.F.);
#465=ORIENTED_EDGE('',*,*,#1071,.T.);
#466=ORIENTED_EDGE('',*,*,#1068,.F.);
#467=ORIENTED_EDGE('',*,*,#1073,.F.);
#468=ORIENTED_EDGE('',*,*,#971,.F.);
#469=ORIENTED_EDGE('',*,*,#1072,.T.);
#470=ORIENTED_EDGE('',*,*,#967,.F.);
#471=ORIENTED_EDGE('',*,*,#1074,.F.);
#472=ORIENTED_EDGE('',*,*,#1053,.F.);
#473=ORIENTED_EDGE('',*,*,#1073,.T.);
#474=ORIENTED_EDGE('',*,*,#961,.F.);
#475=ORIENTED_EDGE('',*,*,#1075,.F.);
#476=ORIENTED_EDGE('',*,*,#964,.F.);
#477=ORIENTED_EDGE('',*,*,#1074,.T.);
#478=ORIENTED_EDGE('',*,*,#966,.F.);
#479=ORIENTED_EDGE('',*,*,#1076,.F.);
#480=ORIENTED_EDGE('',*,*,#858,.F.);
#481=ORIENTED_EDGE('',*,*,#1075,.T.);
#482=ORIENTED_EDGE('',*,*,#1057,.F.);
#483=ORIENTED_EDGE('',*,*,#1076,.T.);
#484=ORIENTED_EDGE('',*,*,#965,.F.);
#485=ORIENTED_EDGE('',*,*,#1007,.F.);
#486=ORIENTED_EDGE('',*,*,#1077,.F.);
#487=ORIENTED_EDGE('',*,*,#1078,.T.);
#488=ORIENTED_EDGE('',*,*,#1079,.T.);
#489=ORIENTED_EDGE('',*,*,#1006,.T.);
#490=ORIENTED_EDGE('',*,*,#1024,.F.);
#491=ORIENTED_EDGE('',*,*,#1080,.F.);
#492=ORIENTED_EDGE('',*,*,#1077,.T.);
#493=ORIENTED_EDGE('',*,*,#1008,.F.);
#494=ORIENTED_EDGE('',*,*,#1079,.F.);
#495=ORIENTED_EDGE('',*,*,#1081,.T.);
#496=ORIENTED_EDGE('',*,*,#1022,.T.);
#497=ORIENTED_EDGE('',*,*,#1078,.F.);
#498=ORIENTED_EDGE('',*,*,#1080,.T.);
#499=ORIENTED_EDGE('',*,*,#1023,.T.);
#500=ORIENTED_EDGE('',*,*,#1081,.F.);
#501=ORIENTED_EDGE('',*,*,#1003,.F.);
#502=ORIENTED_EDGE('',*,*,#1082,.F.);
#503=ORIENTED_EDGE('',*,*,#1083,.T.);
#504=ORIENTED_EDGE('',*,*,#1084,.T.);
#505=ORIENTED_EDGE('',*,*,#1002,.T.);
#506=ORIENTED_EDGE('',*,*,#1027,.F.);
#507=ORIENTED_EDGE('',*,*,#1085,.F.);
#508=ORIENTED_EDGE('',*,*,#1082,.T.);
#509=ORIENTED_EDGE('',*,*,#1004,.F.);
#510=ORIENTED_EDGE('',*,*,#1084,.F.);
#511=ORIENTED_EDGE('',*,*,#1086,.T.);
#512=ORIENTED_EDGE('',*,*,#1025,.T.);
#513=ORIENTED_EDGE('',*,*,#1083,.F.);
#514=ORIENTED_EDGE('',*,*,#1085,.T.);
#515=ORIENTED_EDGE('',*,*,#1026,.T.);
#516=ORIENTED_EDGE('',*,*,#1086,.F.);
#517=ORIENTED_EDGE('',*,*,#999,.F.);
#518=ORIENTED_EDGE('',*,*,#1087,.F.);
#519=ORIENTED_EDGE('',*,*,#1088,.T.);
#520=ORIENTED_EDGE('',*,*,#1089,.T.);
#521=ORIENTED_EDGE('',*,*,#998,.T.);
#522=ORIENTED_EDGE('',*,*,#1030,.F.);
#523=ORIENTED_EDGE('',*,*,#1090,.F.);
#524=ORIENTED_EDGE('',*,*,#1087,.T.);
#525=ORIENTED_EDGE('',*,*,#1000,.F.);
#526=ORIENTED_EDGE('',*,*,#1089,.F.);
#527=ORIENTED_EDGE('',*,*,#1091,.T.);
#528=ORIENTED_EDGE('',*,*,#1028,.T.);
#529=ORIENTED_EDGE('',*,*,#1088,.F.);
#530=ORIENTED_EDGE('',*,*,#1090,.T.);
#531=ORIENTED_EDGE('',*,*,#1029,.T.);
#532=ORIENTED_EDGE('',*,*,#1091,.F.);
#533=ORIENTED_EDGE('',*,*,#995,.F.);
#534=ORIENTED_EDGE('',*,*,#1092,.F.);
#535=ORIENTED_EDGE('',*,*,#1093,.T.);
#536=ORIENTED_EDGE('',*,*,#1094,.T.);
#537=ORIENTED_EDGE('',*,*,#994,.T.);
#538=ORIENTED_EDGE('',*,*,#1033,.F.);
#539=ORIENTED_EDGE('',*,*,#1095,.F.);
#540=ORIENTED_EDGE('',*,*,#1092,.T.);
#541=ORIENTED_EDGE('',*,*,#996,.F.);
#542=ORIENTED_EDGE('',*,*,#1094,.F.);
#543=ORIENTED_EDGE('',*,*,#1096,.T.);
#544=ORIENTED_EDGE('',*,*,#1031,.T.);
#545=ORIENTED_EDGE('',*,*,#1093,.F.);
#546=ORIENTED_EDGE('',*,*,#1095,.T.);
#547=ORIENTED_EDGE('',*,*,#1032,.T.);
#548=ORIENTED_EDGE('',*,*,#1096,.F.);
#549=ORIENTED_EDGE('',*,*,#991,.F.);
#550=ORIENTED_EDGE('',*,*,#1097,.F.);
#551=ORIENTED_EDGE('',*,*,#1098,.T.);
#552=ORIENTED_EDGE('',*,*,#1099,.T.);
#553=ORIENTED_EDGE('',*,*,#990,.T.);
#554=ORIENTED_EDGE('',*,*,#1036,.F.);
#555=ORIENTED_EDGE('',*,*,#1100,.F.);
#556=ORIENTED_EDGE('',*,*,#1097,.T.);
#557=ORIENTED_EDGE('',*,*,#992,.F.);
#558=ORIENTED_EDGE('',*,*,#1099,.F.);
#559=ORIENTED_EDGE('',*,*,#1101,.T.);
#560=ORIENTED_EDGE('',*,*,#1034,.T.);
#561=ORIENTED_EDGE('',*,*,#1098,.F.);
#562=ORIENTED_EDGE('',*,*,#1100,.T.);
#563=ORIENTED_EDGE('',*,*,#1035,.T.);
#564=ORIENTED_EDGE('',*,*,#1101,.F.);
#565=ORIENTED_EDGE('',*,*,#987,.F.);
#566=ORIENTED_EDGE('',*,*,#1102,.F.);
#567=ORIENTED_EDGE('',*,*,#1103,.T.);
#568=ORIENTED_EDGE('',*,*,#1104,.T.);
#569=ORIENTED_EDGE('',*,*,#986,.T.);
#570=ORIENTED_EDGE('',*,*,#1039,.F.);
#571=ORIENTED_EDGE('',*,*,#1105,.F.);
#572=ORIENTED_EDGE('',*,*,#1102,.T.);
#573=ORIENTED_EDGE('',*,*,#988,.F.);
#574=ORIENTED_EDGE('',*,*,#1104,.F.);
#575=ORIENTED_EDGE('',*,*,#1106,.T.);
#576=ORIENTED_EDGE('',*,*,#1037,.T.);
#577=ORIENTED_EDGE('',*,*,#1103,.F.);
#578=ORIENTED_EDGE('',*,*,#1105,.T.);
#579=ORIENTED_EDGE('',*,*,#1038,.T.);
#580=ORIENTED_EDGE('',*,*,#1106,.F.);
#581=ORIENTED_EDGE('',*,*,#983,.F.);
#582=ORIENTED_EDGE('',*,*,#1107,.F.);
#583=ORIENTED_EDGE('',*,*,#1108,.T.);
#584=ORIENTED_EDGE('',*,*,#1109,.T.);
#585=ORIENTED_EDGE('',*,*,#982,.T.);
#586=ORIENTED_EDGE('',*,*,#1042,.F.);
#587=ORIENTED_EDGE('',*,*,#1110,.F.);
#588=ORIENTED_EDGE('',*,*,#1107,.T.);
#589=ORIENTED_EDGE('',*,*,#984,.F.);
#590=ORIENTED_EDGE('',*,*,#1109,.F.);
#591=ORIENTED_EDGE('',*,*,#1111,.T.);
#592=ORIENTED_EDGE('',*,*,#1040,.T.);
#593=ORIENTED_EDGE('',*,*,#1108,.F.);
#594=ORIENTED_EDGE('',*,*,#1110,.T.);
#595=ORIENTED_EDGE('',*,*,#1041,.T.);
#596=ORIENTED_EDGE('',*,*,#1111,.F.);
#597=ORIENTED_EDGE('',*,*,#979,.F.);
#598=ORIENTED_EDGE('',*,*,#1112,.F.);
#599=ORIENTED_EDGE('',*,*,#1113,.T.);
#600=ORIENTED_EDGE('',*,*,#1114,.T.);
#601=ORIENTED_EDGE('',*,*,#978,.T.);
#602=ORIENTED_EDGE('',*,*,#1045,.F.);
#603=ORIENTED_EDGE('',*,*,#1115,.F.);
#604=ORIENTED_EDGE('',*,*,#1112,.T.);
#605=ORIENTED_EDGE('',*,*,#980,.F.);
#606=ORIENTED_EDGE('',*,*,#1114,.F.);
#607=ORIENTED_EDGE('',*,*,#1116,.T.);
#608=ORIENTED_EDGE('',*,*,#1043,.T.);
#609=ORIENTED_EDGE('',*,*,#1113,.F.);
#610=ORIENTED_EDGE('',*,*,#1115,.T.);
#611=ORIENTED_EDGE('',*,*,#1044,.T.);
#612=ORIENTED_EDGE('',*,*,#1116,.F.);
#613=ORIENTED_EDGE('',*,*,#975,.F.);
#614=ORIENTED_EDGE('',*,*,#1117,.F.);
#615=ORIENTED_EDGE('',*,*,#1118,.T.);
#616=ORIENTED_EDGE('',*,*,#1119,.T.);
#617=ORIENTED_EDGE('',*,*,#1012,.T.);
#618=ORIENTED_EDGE('',*,*,#1048,.F.);
#619=ORIENTED_EDGE('',*,*,#1120,.F.);
#620=ORIENTED_EDGE('',*,*,#1117,.T.);
#621=ORIENTED_EDGE('',*,*,#976,.F.);
#622=ORIENTED_EDGE('',*,*,#1119,.F.);
#623=ORIENTED_EDGE('',*,*,#1121,.T.);
#624=ORIENTED_EDGE('',*,*,#1046,.T.);
#625=ORIENTED_EDGE('',*,*,#1118,.F.);
#626=ORIENTED_EDGE('',*,*,#1120,.T.);
#627=ORIENTED_EDGE('',*,*,#1047,.T.);
#628=ORIENTED_EDGE('',*,*,#1121,.F.);
#629=ORIENTED_EDGE('',*,*,#1122,.F.);
#630=ORIENTED_EDGE('',*,*,#1123,.F.);
#631=ORIENTED_EDGE('',*,*,#852,.F.);
#632=ORIENTED_EDGE('',*,*,#1124,.F.);
#633=ORIENTED_EDGE('',*,*,#850,.F.);
#634=ORIENTED_EDGE('',*,*,#1125,.F.);
#635=ORIENTED_EDGE('',*,*,#1125,.T.);
#636=ORIENTED_EDGE('',*,*,#1021,.T.);
#637=ORIENTED_EDGE('',*,*,#1123,.T.);
#638=ORIENTED_EDGE('',*,*,#1126,.F.);
#639=ORIENTED_EDGE('',*,*,#1124,.T.);
#640=ORIENTED_EDGE('',*,*,#1126,.T.);
#641=ORIENTED_EDGE('',*,*,#1122,.T.);
#642=ORIENTED_EDGE('',*,*,#851,.F.);
#643=ORIENTED_EDGE('',*,*,#1127,.F.);
#644=ORIENTED_EDGE('',*,*,#1128,.F.);
#645=ORIENTED_EDGE('',*,*,#1129,.T.);
#646=ORIENTED_EDGE('',*,*,#1130,.T.);
#647=ORIENTED_EDGE('',*,*,#1131,.T.);
#648=ORIENTED_EDGE('',*,*,#1132,.F.);
#649=ORIENTED_EDGE('',*,*,#1133,.F.);
#650=ORIENTED_EDGE('',*,*,#1128,.T.);
#651=ORIENTED_EDGE('',*,*,#1134,.F.);
#652=ORIENTED_EDGE('',*,*,#1135,.F.);
#653=ORIENTED_EDGE('',*,*,#1136,.T.);
#654=ORIENTED_EDGE('',*,*,#1132,.T.);
#655=ORIENTED_EDGE('',*,*,#1137,.F.);
#656=ORIENTED_EDGE('',*,*,#1138,.F.);
#657=ORIENTED_EDGE('',*,*,#1139,.T.);
#658=ORIENTED_EDGE('',*,*,#1140,.T.);
#659=ORIENTED_EDGE('',*,*,#1141,.F.);
#660=ORIENTED_EDGE('',*,*,#1142,.F.);
#661=ORIENTED_EDGE('',*,*,#1143,.T.);
#662=ORIENTED_EDGE('',*,*,#1138,.T.);
#663=ORIENTED_EDGE('',*,*,#1144,.T.);
#664=ORIENTED_EDGE('',*,*,#1145,.F.);
#665=ORIENTED_EDGE('',*,*,#1146,.F.);
#666=ORIENTED_EDGE('',*,*,#1142,.T.);
#667=ORIENTED_EDGE('',*,*,#1147,.F.);
#668=ORIENTED_EDGE('',*,*,#1148,.F.);
#669=ORIENTED_EDGE('',*,*,#1149,.T.);
#670=ORIENTED_EDGE('',*,*,#1150,.T.);
#671=ORIENTED_EDGE('',*,*,#1151,.F.);
#672=ORIENTED_EDGE('',*,*,#1152,.F.);
#673=ORIENTED_EDGE('',*,*,#1153,.T.);
#674=ORIENTED_EDGE('',*,*,#1148,.T.);
#675=ORIENTED_EDGE('',*,*,#1154,.T.);
#676=ORIENTED_EDGE('',*,*,#1155,.F.);
#677=ORIENTED_EDGE('',*,*,#1156,.F.);
#678=ORIENTED_EDGE('',*,*,#1152,.T.);
#679=ORIENTED_EDGE('',*,*,#1157,.F.);
#680=ORIENTED_EDGE('',*,*,#1158,.F.);
#681=ORIENTED_EDGE('',*,*,#1159,.T.);
#682=ORIENTED_EDGE('',*,*,#1160,.T.);
#683=ORIENTED_EDGE('',*,*,#1161,.T.);
#684=ORIENTED_EDGE('',*,*,#1162,.F.);
#685=ORIENTED_EDGE('',*,*,#1163,.F.);
#686=ORIENTED_EDGE('',*,*,#1158,.T.);
#687=ORIENTED_EDGE('',*,*,#1164,.F.);
#688=ORIENTED_EDGE('',*,*,#1165,.F.);
#689=ORIENTED_EDGE('',*,*,#1166,.T.);
#690=ORIENTED_EDGE('',*,*,#1162,.T.);
#691=ORIENTED_EDGE('',*,*,#891,.T.);
#692=ORIENTED_EDGE('',*,*,#888,.F.);
#693=ORIENTED_EDGE('',*,*,#1167,.F.);
#694=ORIENTED_EDGE('',*,*,#894,.T.);
#695=ORIENTED_EDGE('',*,*,#825,.F.);
#696=ORIENTED_EDGE('',*,*,#958,.F.);
#697=ORIENTED_EDGE('',*,*,#1168,.T.);
#698=ORIENTED_EDGE('',*,*,#876,.T.);
#699=ORIENTED_EDGE('',*,*,#828,.F.);
#700=ORIENTED_EDGE('',*,*,#1169,.F.);
#701=ORIENTED_EDGE('',*,*,#1170,.T.);
#702=ORIENTED_EDGE('',*,*,#1171,.T.);
#703=ORIENTED_EDGE('',*,*,#827,.T.);
#704=ORIENTED_EDGE('',*,*,#1172,.F.);
#705=ORIENTED_EDGE('',*,*,#1173,.F.);
#706=ORIENTED_EDGE('',*,*,#1169,.T.);
#707=ORIENTED_EDGE('',*,*,#836,.T.);
#708=ORIENTED_EDGE('',*,*,#1174,.F.);
#709=ORIENTED_EDGE('',*,*,#1175,.F.);
#710=ORIENTED_EDGE('',*,*,#1172,.T.);
#711=ORIENTED_EDGE('',*,*,#835,.T.);
#712=ORIENTED_EDGE('',*,*,#1176,.F.);
#713=ORIENTED_EDGE('',*,*,#1177,.F.);
#714=ORIENTED_EDGE('',*,*,#1174,.T.);
#715=ORIENTED_EDGE('',*,*,#834,.T.);
#716=ORIENTED_EDGE('',*,*,#1178,.F.);
#717=ORIENTED_EDGE('',*,*,#1179,.F.);
#718=ORIENTED_EDGE('',*,*,#1176,.T.);
#719=ORIENTED_EDGE('',*,*,#833,.T.);
#720=ORIENTED_EDGE('',*,*,#1180,.F.);
#721=ORIENTED_EDGE('',*,*,#1181,.F.);
#722=ORIENTED_EDGE('',*,*,#1178,.T.);
#723=ORIENTED_EDGE('',*,*,#832,.T.);
#724=ORIENTED_EDGE('',*,*,#1182,.F.);
#725=ORIENTED_EDGE('',*,*,#1183,.F.);
#726=ORIENTED_EDGE('',*,*,#1180,.T.);
#727=ORIENTED_EDGE('',*,*,#831,.T.);
#728=ORIENTED_EDGE('',*,*,#1184,.F.);
#729=ORIENTED_EDGE('',*,*,#1185,.F.);
#730=ORIENTED_EDGE('',*,*,#1182,.T.);
#731=ORIENTED_EDGE('',*,*,#830,.T.);
#732=ORIENTED_EDGE('',*,*,#1186,.F.);
#733=ORIENTED_EDGE('',*,*,#1187,.F.);
#734=ORIENTED_EDGE('',*,*,#1184,.T.);
#735=ORIENTED_EDGE('',*,*,#1188,.F.);
#736=ORIENTED_EDGE('',*,*,#1140,.F.);
#737=ORIENTED_EDGE('',*,*,#1189,.T.);
#738=ORIENTED_EDGE('',*,*,#1145,.T.);
#739=ORIENTED_EDGE('',*,*,#1190,.F.);
#740=ORIENTED_EDGE('',*,*,#1150,.F.);
#741=ORIENTED_EDGE('',*,*,#1191,.T.);
#742=ORIENTED_EDGE('',*,*,#1155,.T.);
#743=ORIENTED_EDGE('',*,*,#1192,.F.);
#744=ORIENTED_EDGE('',*,*,#1160,.F.);
#745=ORIENTED_EDGE('',*,*,#1193,.T.);
#746=ORIENTED_EDGE('',*,*,#1165,.T.);
#747=ORIENTED_EDGE('',*,*,#829,.F.);
#748=ORIENTED_EDGE('',*,*,#1171,.F.);
#749=ORIENTED_EDGE('',*,*,#1194,.T.);
#750=ORIENTED_EDGE('',*,*,#1186,.T.);
#751=ORIENTED_EDGE('',*,*,#1195,.F.);
#752=ORIENTED_EDGE('',*,*,#1130,.F.);
#753=ORIENTED_EDGE('',*,*,#1196,.T.);
#754=ORIENTED_EDGE('',*,*,#1135,.T.);
#755=ORIENTED_EDGE('',*,*,#1170,.F.);
#756=ORIENTED_EDGE('',*,*,#1173,.T.);
#757=ORIENTED_EDGE('',*,*,#1175,.T.);
#758=ORIENTED_EDGE('',*,*,#1177,.T.);
#759=ORIENTED_EDGE('',*,*,#1179,.T.);
#760=ORIENTED_EDGE('',*,*,#1181,.T.);
#761=ORIENTED_EDGE('',*,*,#1183,.T.);
#762=ORIENTED_EDGE('',*,*,#1185,.T.);
#763=ORIENTED_EDGE('',*,*,#1187,.T.);
#764=ORIENTED_EDGE('',*,*,#1194,.F.);
#765=ORIENTED_EDGE('',*,*,#916,.T.);
#766=ORIENTED_EDGE('',*,*,#913,.T.);
#767=ORIENTED_EDGE('',*,*,#910,.T.);
#768=ORIENTED_EDGE('',*,*,#907,.T.);
#769=ORIENTED_EDGE('',*,*,#904,.T.);
#770=ORIENTED_EDGE('',*,*,#901,.T.);
#771=ORIENTED_EDGE('',*,*,#898,.T.);
#772=ORIENTED_EDGE('',*,*,#895,.T.);
#773=ORIENTED_EDGE('',*,*,#1167,.T.);
#774=ORIENTED_EDGE('',*,*,#887,.T.);
#775=ORIENTED_EDGE('',*,*,#884,.T.);
#776=ORIENTED_EDGE('',*,*,#881,.T.);
#777=ORIENTED_EDGE('',*,*,#877,.T.);
#778=ORIENTED_EDGE('',*,*,#1168,.F.);
#779=ORIENTED_EDGE('',*,*,#957,.T.);
#780=ORIENTED_EDGE('',*,*,#952,.T.);
#781=ORIENTED_EDGE('',*,*,#949,.T.);
#782=ORIENTED_EDGE('',*,*,#946,.T.);
#783=ORIENTED_EDGE('',*,*,#943,.T.);
#784=ORIENTED_EDGE('',*,*,#940,.T.);
#785=ORIENTED_EDGE('',*,*,#937,.T.);
#786=ORIENTED_EDGE('',*,*,#934,.T.);
#787=ORIENTED_EDGE('',*,*,#931,.F.);
#788=ORIENTED_EDGE('',*,*,#928,.T.);
#789=ORIENTED_EDGE('',*,*,#925,.T.);
#790=ORIENTED_EDGE('',*,*,#922,.T.);
#791=ORIENTED_EDGE('',*,*,#919,.T.);
#792=ORIENTED_EDGE('',*,*,#1159,.F.);
#793=ORIENTED_EDGE('',*,*,#1163,.T.);
#794=ORIENTED_EDGE('',*,*,#1166,.F.);
#795=ORIENTED_EDGE('',*,*,#1193,.F.);
#796=ORIENTED_EDGE('',*,*,#1149,.F.);
#797=ORIENTED_EDGE('',*,*,#1153,.F.);
#798=ORIENTED_EDGE('',*,*,#1156,.T.);
#799=ORIENTED_EDGE('',*,*,#1191,.F.);
#800=ORIENTED_EDGE('',*,*,#1139,.F.);
#801=ORIENTED_EDGE('',*,*,#1143,.F.);
#802=ORIENTED_EDGE('',*,*,#1146,.T.);
#803=ORIENTED_EDGE('',*,*,#1189,.F.);
#804=ORIENTED_EDGE('',*,*,#1129,.F.);
#805=ORIENTED_EDGE('',*,*,#1133,.T.);
#806=ORIENTED_EDGE('',*,*,#1136,.F.);
#807=ORIENTED_EDGE('',*,*,#1196,.F.);
#808=ORIENTED_EDGE('',*,*,#1161,.F.);
#809=ORIENTED_EDGE('',*,*,#1157,.T.);
#810=ORIENTED_EDGE('',*,*,#1192,.T.);
#811=ORIENTED_EDGE('',*,*,#1164,.T.);
#812=ORIENTED_EDGE('',*,*,#1151,.T.);
#813=ORIENTED_EDGE('',*,*,#1147,.T.);
#814=ORIENTED_EDGE('',*,*,#1190,.T.);
#815=ORIENTED_EDGE('',*,*,#1154,.F.);
#816=ORIENTED_EDGE('',*,*,#1141,.T.);
#817=ORIENTED_EDGE('',*,*,#1137,.T.);
#818=ORIENTED_EDGE('',*,*,#1188,.T.);
#819=ORIENTED_EDGE('',*,*,#1144,.F.);
#820=ORIENTED_EDGE('',*,*,#1131,.F.);
#821=ORIENTED_EDGE('',*,*,#1127,.T.);
#822=ORIENTED_EDGE('',*,*,#1195,.T.);
#823=ORIENTED_EDGE('',*,*,#1134,.T.);
#824=EDGE_CURVE('',#1197,#1198,#1439,.T.);
#825=EDGE_CURVE('',#1197,#1199,#68,.T.);
#826=EDGE_CURVE('',#1199,#1198,#1440,.T.);
#827=EDGE_CURVE('',#1200,#1201,#1441,.T.);
#828=EDGE_CURVE('',#1200,#1202,#1442,.T.);
#829=EDGE_CURVE('',#1202,#1203,#1443,.T.);
#830=EDGE_CURVE('',#1204,#1203,#1444,.T.);
#831=EDGE_CURVE('',#1205,#1204,#1445,.T.);
#832=EDGE_CURVE('',#1206,#1205,#1446,.T.);
#833=EDGE_CURVE('',#1207,#1206,#1447,.T.);
#834=EDGE_CURVE('',#1208,#1207,#1448,.T.);
#835=EDGE_CURVE('',#1209,#1208,#1449,.T.);
#836=EDGE_CURVE('',#1201,#1209,#1450,.T.);
#837=EDGE_CURVE('',#1210,#1211,#69,.T.);
#838=EDGE_CURVE('',#1210,#1212,#1451,.T.);
#839=EDGE_CURVE('',#1212,#1213,#70,.T.);
#840=EDGE_CURVE('',#1213,#1214,#1452,.T.);
#841=EDGE_CURVE('',#1214,#1215,#71,.T.);
#842=EDGE_CURVE('',#1216,#1215,#1453,.T.);
#843=EDGE_CURVE('',#1217,#1216,#72,.T.);
#844=EDGE_CURVE('',#1211,#1217,#1454,.T.);
#845=EDGE_CURVE('',#1218,#1218,#38,.T.);
#846=EDGE_CURVE('',#1219,#1220,#1455,.T.);
#847=EDGE_CURVE('',#1221,#1219,#1456,.T.);
#848=EDGE_CURVE('',#1221,#1222,#1457,.T.);
#849=EDGE_CURVE('',#1220,#1222,#1458,.T.);
#850=EDGE_CURVE('',#1223,#1224,#1459,.T.);
#851=EDGE_CURVE('',#1224,#1225,#1460,.T.);
#852=EDGE_CURVE('',#1225,#1226,#1461,.T.);
#853=EDGE_CURVE('',#1226,#1227,#1462,.T.);
#854=EDGE_CURVE('',#1227,#1214,#1463,.T.);
#855=EDGE_CURVE('',#1228,#1213,#1464,.T.);
#856=EDGE_CURVE('',#1228,#1223,#1465,.T.);
#857=EDGE_CURVE('',#1229,#1230,#1466,.F.);
#858=EDGE_CURVE('',#1230,#1231,#1467,.T.);
#859=EDGE_CURVE('',#1231,#1232,#1468,.T.);
#860=EDGE_CURVE('',#1232,#1229,#1469,.T.);
#861=EDGE_CURVE('',#1233,#1234,#1470,.F.);
#862=EDGE_CURVE('',#1234,#1235,#1471,.F.);
#863=EDGE_CURVE('',#1235,#1236,#1472,.T.);
#864=EDGE_CURVE('',#1236,#1233,#1473,.F.);
#865=EDGE_CURVE('',#1237,#1238,#1474,.F.);
#866=EDGE_CURVE('',#1238,#1239,#1475,.F.);
#867=EDGE_CURVE('',#1239,#1240,#1476,.T.);
#868=EDGE_CURVE('',#1240,#1237,#1477,.F.);
#869=EDGE_CURVE('',#1241,#1220,#1478,.T.);
#870=EDGE_CURVE('',#1242,#1241,#1479,.T.);
#871=EDGE_CURVE('',#1242,#1219,#1480,.T.);
#872=EDGE_CURVE('',#1243,#1222,#1481,.T.);
#873=EDGE_CURVE('',#1241,#1243,#1482,.T.);
#874=EDGE_CURVE('',#1244,#1221,#1483,.T.);
#875=EDGE_CURVE('',#1244,#1243,#1484,.T.);
#876=EDGE_CURVE('',#1245,#1199,#1485,.T.);
#877=EDGE_CURVE('',#1246,#1245,#1486,.T.);
#878=EDGE_CURVE('',#1247,#1246,#1487,.T.);
#879=EDGE_CURVE('',#1247,#1248,#1488,.T.);
#880=EDGE_CURVE('',#1248,#1198,#1489,.T.);
#881=EDGE_CURVE('',#1249,#1246,#1490,.T.);
#882=EDGE_CURVE('',#1250,#1249,#1491,.T.);
#883=EDGE_CURVE('',#1250,#1247,#1492,.T.);
#884=EDGE_CURVE('',#1251,#1249,#1493,.T.);
#885=EDGE_CURVE('',#1252,#1251,#1494,.T.);
#886=EDGE_CURVE('',#1252,#1250,#1495,.T.);
#887=EDGE_CURVE('',#1253,#1251,#1496,.T.);
#888=EDGE_CURVE('',#1253,#1254,#1497,.T.);
#889=EDGE_CURVE('',#1255,#1254,#1498,.T.);
#890=EDGE_CURVE('',#1252,#1255,#1499,.T.);
#891=EDGE_CURVE('',#1256,#1254,#1500,.T.);
#892=EDGE_CURVE('',#1257,#1256,#1501,.T.);
#893=EDGE_CURVE('',#1257,#1255,#1502,.T.);
#894=EDGE_CURVE('',#1258,#1256,#1503,.T.);
#895=EDGE_CURVE('',#1259,#1258,#1504,.T.);
#896=EDGE_CURVE('',#1260,#1259,#1505,.T.);
#897=EDGE_CURVE('',#1257,#1260,#1506,.T.);
#898=EDGE_CURVE('',#1261,#1259,#1507,.T.);
#899=EDGE_CURVE('',#1262,#1261,#1508,.T.);
#900=EDGE_CURVE('',#1262,#1260,#1509,.T.);
#901=EDGE_CURVE('',#1263,#1261,#1510,.T.);
#902=EDGE_CURVE('',#1264,#1263,#1511,.T.);
#903=EDGE_CURVE('',#1264,#1262,#1512,.T.);
#904=EDGE_CURVE('',#1265,#1263,#1513,.T.);
#905=EDGE_CURVE('',#1266,#1265,#1514,.T.);
#906=EDGE_CURVE('',#1266,#1264,#1515,.T.);
#907=EDGE_CURVE('',#1267,#1265,#1516,.T.);
#908=EDGE_CURVE('',#1268,#1267,#1517,.T.);
#909=EDGE_CURVE('',#1268,#1266,#1518,.T.);
#910=EDGE_CURVE('',#1269,#1267,#1519,.T.);
#911=EDGE_CURVE('',#1270,#1269,#1520,.T.);
#912=EDGE_CURVE('',#1268,#1270,#1521,.T.);
#913=EDGE_CURVE('',#1271,#1269,#1522,.T.);
#914=EDGE_CURVE('',#1272,#1271,#1523,.T.);
#915=EDGE_CURVE('',#1270,#1272,#1524,.T.);
#916=EDGE_CURVE('',#1273,#1271,#1525,.T.);
#917=EDGE_CURVE('',#1274,#1273,#1526,.T.);
#918=EDGE_CURVE('',#1272,#1274,#1527,.T.);
#919=EDGE_CURVE('',#1275,#1273,#1528,.T.);
#920=EDGE_CURVE('',#1276,#1275,#1529,.T.);
#921=EDGE_CURVE('',#1274,#1276,#1530,.T.);
#922=EDGE_CURVE('',#1277,#1275,#1531,.T.);
#923=EDGE_CURVE('',#1278,#1277,#1532,.T.);
#924=EDGE_CURVE('',#1276,#1278,#1533,.T.);
#925=EDGE_CURVE('',#1279,#1277,#1534,.T.);
#926=EDGE_CURVE('',#1280,#1279,#1535,.T.);
#927=EDGE_CURVE('',#1280,#1278,#1536,.T.);
#928=EDGE_CURVE('',#1281,#1279,#1537,.T.);
#929=EDGE_CURVE('',#1282,#1281,#1538,.T.);
#930=EDGE_CURVE('',#1280,#1282,#1539,.T.);
#931=EDGE_CURVE('',#1281,#1283,#1540,.T.);
#932=EDGE_CURVE('',#1284,#1283,#1541,.T.);
#933=EDGE_CURVE('',#1282,#1284,#1542,.T.);
#934=EDGE_CURVE('',#1285,#1283,#1543,.T.);
#935=EDGE_CURVE('',#1286,#1285,#1544,.T.);
#936=EDGE_CURVE('',#1284,#1286,#1545,.T.);
#937=EDGE_CURVE('',#1287,#1285,#1546,.T.);
#938=EDGE_CURVE('',#1288,#1287,#1547,.T.);
#939=EDGE_CURVE('',#1288,#1286,#1548,.T.);
#940=EDGE_CURVE('',#1289,#1287,#1549,.T.);
#941=EDGE_CURVE('',#1290,#1289,#1550,.T.);
#942=EDGE_CURVE('',#1288,#1290,#1551,.T.);
#943=EDGE_CURVE('',#1291,#1289,#1552,.T.);
#944=EDGE_CURVE('',#1292,#1291,#1553,.T.);
#945=EDGE_CURVE('',#1290,#1292,#1554,.T.);
#946=EDGE_CURVE('',#1293,#1291,#1555,.T.);
#947=EDGE_CURVE('',#1294,#1293,#1556,.T.);
#948=EDGE_CURVE('',#1292,#1294,#1557,.T.);
#949=EDGE_CURVE('',#1295,#1293,#1558,.T.);
#950=EDGE_CURVE('',#1296,#1295,#1559,.T.);
#951=EDGE_CURVE('',#1296,#1294,#1560,.T.);
#952=EDGE_CURVE('',#1297,#1295,#1561,.T.);
#953=EDGE_CURVE('',#1298,#1297,#1562,.T.);
#954=EDGE_CURVE('',#1296,#1298,#1563,.T.);
#955=EDGE_CURVE('',#1244,#1242,#1564,.T.);
#956=EDGE_CURVE('',#1299,#1299,#39,.T.);
#957=EDGE_CURVE('',#1300,#1297,#1565,.T.);
#958=EDGE_CURVE('',#1300,#1197,#1566,.T.);
#959=EDGE_CURVE('',#1298,#1248,#1567,.T.);
#960=EDGE_CURVE('',#1301,#1302,#1568,.F.);
#961=EDGE_CURVE('',#1302,#1303,#1569,.T.);
#962=EDGE_CURVE('',#1303,#1304,#1570,.T.);
#963=EDGE_CURVE('',#1304,#1301,#1571,.T.);
#964=EDGE_CURVE('',#1305,#1306,#1572,.F.);
#965=EDGE_CURVE('',#1306,#1307,#40,.T.);
#966=EDGE_CURVE('',#1307,#1308,#1573,.F.);
#967=EDGE_CURVE('',#1308,#1309,#41,.T.);
#968=EDGE_CURVE('',#1309,#1310,#1574,.T.);
#969=EDGE_CURVE('',#1310,#1311,#42,.T.);
#970=EDGE_CURVE('',#1311,#1312,#1575,.T.);
#971=EDGE_CURVE('',#1312,#1305,#43,.T.);
#972=EDGE_CURVE('',#1313,#1211,#1576,.T.);
#973=EDGE_CURVE('',#1314,#1313,#73,.T.);
#974=EDGE_CURVE('',#1314,#1210,#1577,.T.);
#975=EDGE_CURVE('',#1315,#1316,#1578,.T.);
#976=EDGE_CURVE('',#1316,#1317,#1579,.T.);
#977=EDGE_CURVE('',#1318,#1317,#1580,.T.);
#978=EDGE_CURVE('',#1319,#1318,#1581,.T.);
#979=EDGE_CURVE('',#1319,#1320,#1582,.T.);
#980=EDGE_CURVE('',#1320,#1321,#1583,.T.);
#981=EDGE_CURVE('',#1322,#1321,#1584,.T.);
#982=EDGE_CURVE('',#1323,#1322,#1585,.T.);
#983=EDGE_CURVE('',#1323,#1324,#1586,.T.);
#984=EDGE_CURVE('',#1324,#1325,#1587,.T.);
#985=EDGE_CURVE('',#1326,#1325,#1588,.T.);
#986=EDGE_CURVE('',#1327,#1326,#1589,.T.);
#987=EDGE_CURVE('',#1327,#1328,#1590,.T.);
#988=EDGE_CURVE('',#1328,#1329,#1591,.T.);
#989=EDGE_CURVE('',#1330,#1329,#1592,.T.);
#990=EDGE_CURVE('',#1331,#1330,#1593,.T.);
#991=EDGE_CURVE('',#1331,#1332,#1594,.T.);
#992=EDGE_CURVE('',#1332,#1333,#1595,.T.);
#993=EDGE_CURVE('',#1334,#1333,#1596,.T.);
#994=EDGE_CURVE('',#1335,#1334,#1597,.T.);
#995=EDGE_CURVE('',#1335,#1336,#1598,.T.);
#996=EDGE_CURVE('',#1336,#1337,#1599,.T.);
#997=EDGE_CURVE('',#1338,#1337,#1600,.T.);
#998=EDGE_CURVE('',#1339,#1338,#1601,.T.);
#999=EDGE_CURVE('',#1339,#1340,#1602,.T.);
#1000=EDGE_CURVE('',#1340,#1341,#1603,.T.);
#1001=EDGE_CURVE('',#1342,#1341,#1604,.T.);
#1002=EDGE_CURVE('',#1343,#1342,#1605,.T.);
#1003=EDGE_CURVE('',#1343,#1344,#1606,.T.);
#1004=EDGE_CURVE('',#1344,#1345,#1607,.T.);
#1005=EDGE_CURVE('',#1346,#1345,#1608,.T.);
#1006=EDGE_CURVE('',#1347,#1346,#1609,.T.);
#1007=EDGE_CURVE('',#1347,#1348,#1610,.T.);
#1008=EDGE_CURVE('',#1348,#1349,#1611,.T.);
#1009=EDGE_CURVE('',#1313,#1349,#1612,.T.);
#1010=EDGE_CURVE('',#1350,#1217,#1613,.T.);
#1011=EDGE_CURVE('',#1351,#1350,#1614,.T.);
#1012=EDGE_CURVE('',#1315,#1351,#1615,.T.);
#1013=EDGE_CURVE('',#1352,#1216,#1616,.T.);
#1014=EDGE_CURVE('',#1350,#1352,#74,.T.);
#1015=EDGE_CURVE('',#1353,#1215,#1617,.T.);
#1016=EDGE_CURVE('',#1352,#1353,#1618,.T.);
#1017=EDGE_CURVE('',#1227,#1353,#75,.T.);
#1018=EDGE_CURVE('',#1354,#1212,#1619,.T.);
#1019=EDGE_CURVE('',#1354,#1228,#76,.T.);
#1020=EDGE_CURVE('',#1314,#1354,#1620,.T.);
#1021=EDGE_CURVE('',#1223,#1226,#1621,.T.);
#1022=EDGE_CURVE('',#1355,#1349,#1622,.T.);
#1023=EDGE_CURVE('',#1356,#1355,#1623,.T.);
#1024=EDGE_CURVE('',#1356,#1346,#1624,.T.);
#1025=EDGE_CURVE('',#1357,#1345,#1625,.T.);
#1026=EDGE_CURVE('',#1358,#1357,#1626,.T.);
#1027=EDGE_CURVE('',#1358,#1342,#1627,.T.);
#1028=EDGE_CURVE('',#1359,#1341,#1628,.T.);
#1029=EDGE_CURVE('',#1360,#1359,#1629,.T.);
#1030=EDGE_CURVE('',#1360,#1338,#1630,.T.);
#1031=EDGE_CURVE('',#1361,#1337,#1631,.T.);
#1032=EDGE_CURVE('',#1362,#1361,#1632,.T.);
#1033=EDGE_CURVE('',#1362,#1334,#1633,.T.);
#1034=EDGE_CURVE('',#1363,#1333,#1634,.T.);
#1035=EDGE_CURVE('',#1364,#1363,#1635,.T.);
#1036=EDGE_CURVE('',#1364,#1330,#1636,.T.);
#1037=EDGE_CURVE('',#1365,#1329,#1637,.T.);
#1038=EDGE_CURVE('',#1366,#1365,#1638,.T.);
#1039=EDGE_CURVE('',#1366,#1326,#1639,.T.);
#1040=EDGE_CURVE('',#1367,#1325,#1640,.T.);
#1041=EDGE_CURVE('',#1368,#1367,#1641,.T.);
#1042=EDGE_CURVE('',#1368,#1322,#1642,.T.);
#1043=EDGE_CURVE('',#1369,#1321,#1643,.T.);
#1044=EDGE_CURVE('',#1370,#1369,#1644,.T.);
#1045=EDGE_CURVE('',#1370,#1318,#1645,.T.);
#1046=EDGE_CURVE('',#1371,#1317,#1646,.T.);
#1047=EDGE_CURVE('',#1372,#1371,#1647,.T.);
#1048=EDGE_CURVE('',#1372,#1351,#1648,.T.);
#1049=EDGE_CURVE('',#1373,#1374,#1649,.F.);
#1050=EDGE_CURVE('',#1374,#1375,#1650,.T.);
#1051=EDGE_CURVE('',#1375,#1376,#1651,.T.);
#1052=EDGE_CURVE('',#1376,#1373,#1652,.F.);
#1053=EDGE_CURVE('',#1235,#1230,#44,.F.);
#1054=EDGE_CURVE('',#1236,#1229,#45,.T.);
#1055=EDGE_CURVE('',#1236,#1376,#46,.F.);
#1056=EDGE_CURVE('',#1376,#1229,#47,.F.);
#1057=EDGE_CURVE('',#1231,#1302,#48,.F.);
#1058=EDGE_CURVE('',#1232,#1301,#49,.T.);
#1059=EDGE_CURVE('',#1373,#1232,#50,.T.);
#1060=EDGE_CURVE('',#1233,#1375,#51,.T.);
#1061=EDGE_CURVE('',#1239,#1234,#52,.F.);
#1062=EDGE_CURVE('',#1240,#1233,#53,.T.);
#1063=EDGE_CURVE('',#1373,#1301,#54,.F.);
#1064=EDGE_CURVE('',#1240,#1375,#55,.F.);
#1065=EDGE_CURVE('',#1374,#1304,#56,.T.);
#1066=EDGE_CURVE('',#1237,#1374,#57,.T.);
#1067=EDGE_CURVE('',#1237,#1304,#58,.F.);
#1068=EDGE_CURVE('',#1303,#1238,#59,.F.);
#1069=EDGE_CURVE('',#1234,#1310,#60,.T.);
#1070=EDGE_CURVE('',#1311,#1239,#61,.T.);
#1071=EDGE_CURVE('',#1312,#1238,#62,.T.);
#1072=EDGE_CURVE('',#1235,#1309,#63,.T.);
#1073=EDGE_CURVE('',#1305,#1303,#64,.T.);
#1074=EDGE_CURVE('',#1230,#1308,#65,.T.);
#1075=EDGE_CURVE('',#1306,#1302,#66,.T.);
#1076=EDGE_CURVE('',#1231,#1307,#67,.T.);
#1077=EDGE_CURVE('',#1377,#1347,#1653,.T.);
#1078=EDGE_CURVE('',#1377,#1378,#1654,.T.);
#1079=EDGE_CURVE('',#1378,#1348,#1655,.T.);
#1080=EDGE_CURVE('',#1377,#1356,#1656,.T.);
#1081=EDGE_CURVE('',#1378,#1355,#1657,.T.);
#1082=EDGE_CURVE('',#1379,#1343,#1658,.T.);
#1083=EDGE_CURVE('',#1379,#1380,#1659,.T.);
#1084=EDGE_CURVE('',#1380,#1344,#1660,.T.);
#1085=EDGE_CURVE('',#1379,#1358,#1661,.T.);
#1086=EDGE_CURVE('',#1380,#1357,#1662,.T.);
#1087=EDGE_CURVE('',#1381,#1339,#1663,.T.);
#1088=EDGE_CURVE('',#1381,#1382,#1664,.T.);
#1089=EDGE_CURVE('',#1382,#1340,#1665,.T.);
#1090=EDGE_CURVE('',#1381,#1360,#1666,.T.);
#1091=EDGE_CURVE('',#1382,#1359,#1667,.T.);
#1092=EDGE_CURVE('',#1383,#1335,#1668,.T.);
#1093=EDGE_CURVE('',#1383,#1384,#1669,.T.);
#1094=EDGE_CURVE('',#1384,#1336,#1670,.T.);
#1095=EDGE_CURVE('',#1383,#1362,#1671,.T.);
#1096=EDGE_CURVE('',#1384,#1361,#1672,.T.);
#1097=EDGE_CURVE('',#1385,#1331,#1673,.T.);
#1098=EDGE_CURVE('',#1385,#1386,#1674,.T.);
#1099=EDGE_CURVE('',#1386,#1332,#1675,.T.);
#1100=EDGE_CURVE('',#1385,#1364,#1676,.T.);
#1101=EDGE_CURVE('',#1386,#1363,#1677,.T.);
#1102=EDGE_CURVE('',#1387,#1327,#1678,.T.);
#1103=EDGE_CURVE('',#1387,#1388,#1679,.T.);
#1104=EDGE_CURVE('',#1388,#1328,#1680,.T.);
#1105=EDGE_CURVE('',#1387,#1366,#1681,.T.);
#1106=EDGE_CURVE('',#1388,#1365,#1682,.T.);
#1107=EDGE_CURVE('',#1389,#1323,#1683,.T.);
#1108=EDGE_CURVE('',#1389,#1390,#1684,.T.);
#1109=EDGE_CURVE('',#1390,#1324,#1685,.T.);
#1110=EDGE_CURVE('',#1389,#1368,#1686,.T.);
#1111=EDGE_CURVE('',#1390,#1367,#1687,.T.);
#1112=EDGE_CURVE('',#1391,#1319,#1688,.T.);
#1113=EDGE_CURVE('',#1391,#1392,#1689,.T.);
#1114=EDGE_CURVE('',#1392,#1320,#1690,.T.);
#1115=EDGE_CURVE('',#1391,#1370,#1691,.T.);
#1116=EDGE_CURVE('',#1392,#1369,#1692,.T.);
#1117=EDGE_CURVE('',#1393,#1315,#1693,.T.);
#1118=EDGE_CURVE('',#1393,#1394,#1694,.T.);
#1119=EDGE_CURVE('',#1394,#1316,#1695,.T.);
#1120=EDGE_CURVE('',#1393,#1372,#1696,.T.);
#1121=EDGE_CURVE('',#1394,#1371,#1697,.T.);
#1122=EDGE_CURVE('',#1395,#1225,#1698,.T.);
#1123=EDGE_CURVE('',#1226,#1395,#1699,.T.);
#1124=EDGE_CURVE('',#1224,#1396,#1700,.T.);
#1125=EDGE_CURVE('',#1396,#1223,#1701,.T.);
#1126=EDGE_CURVE('',#1396,#1395,#1702,.T.);
#1127=EDGE_CURVE('',#1397,#1398,#1703,.T.);
#1128=EDGE_CURVE('',#1399,#1397,#1704,.T.);
#1129=EDGE_CURVE('',#1399,#1400,#1705,.T.);
#1130=EDGE_CURVE('',#1400,#1398,#1706,.T.);
#1131=EDGE_CURVE('',#1397,#1401,#1707,.T.);
#1132=EDGE_CURVE('',#1402,#1401,#1708,.T.);
#1133=EDGE_CURVE('',#1399,#1402,#1709,.T.);
#1134=EDGE_CURVE('',#1403,#1401,#1710,.T.);
#1135=EDGE_CURVE('',#1404,#1403,#1711,.T.);
#1136=EDGE_CURVE('',#1404,#1402,#1712,.T.);
#1137=EDGE_CURVE('',#1405,#1406,#1713,.T.);
#1138=EDGE_CURVE('',#1407,#1405,#1714,.T.);
#1139=EDGE_CURVE('',#1407,#1408,#1715,.T.);
#1140=EDGE_CURVE('',#1408,#1406,#1716,.T.);
#1141=EDGE_CURVE('',#1409,#1405,#1717,.T.);
#1142=EDGE_CURVE('',#1410,#1409,#1718,.T.);
#1143=EDGE_CURVE('',#1410,#1407,#1719,.T.);
#1144=EDGE_CURVE('',#1409,#1411,#1720,.T.);
#1145=EDGE_CURVE('',#1412,#1411,#1721,.T.);
#1146=EDGE_CURVE('',#1410,#1412,#1722,.T.);
#1147=EDGE_CURVE('',#1413,#1414,#1723,.T.);
#1148=EDGE_CURVE('',#1415,#1413,#1724,.T.);
#1149=EDGE_CURVE('',#1415,#1416,#1725,.T.);
#1150=EDGE_CURVE('',#1416,#1414,#1726,.T.);
#1151=EDGE_CURVE('',#1417,#1413,#1727,.T.);
#1152=EDGE_CURVE('',#1418,#1417,#1728,.T.);
#1153=EDGE_CURVE('',#1418,#1415,#1729,.T.);
#1154=EDGE_CURVE('',#1417,#1419,#1730,.T.);
#1155=EDGE_CURVE('',#1420,#1419,#1731,.T.);
#1156=EDGE_CURVE('',#1418,#1420,#1732,.T.);
#1157=EDGE_CURVE('',#1421,#1422,#1733,.T.);
#1158=EDGE_CURVE('',#1423,#1421,#1734,.T.);
#1159=EDGE_CURVE('',#1423,#1424,#1735,.T.);
#1160=EDGE_CURVE('',#1424,#1422,#1736,.T.);
#1161=EDGE_CURVE('',#1421,#1425,#1737,.T.);
#1162=EDGE_CURVE('',#1426,#1425,#1738,.T.);
#1163=EDGE_CURVE('',#1423,#1426,#1739,.T.);
#1164=EDGE_CURVE('',#1427,#1425,#1740,.T.);
#1165=EDGE_CURVE('',#1428,#1427,#1741,.T.);
#1166=EDGE_CURVE('',#1428,#1426,#1742,.T.);
#1167=EDGE_CURVE('',#1258,#1253,#1743,.T.);
#1168=EDGE_CURVE('',#1300,#1245,#77,.T.);
#1169=EDGE_CURVE('',#1429,#1200,#1744,.T.);
#1170=EDGE_CURVE('',#1429,#1430,#1745,.T.);
#1171=EDGE_CURVE('',#1430,#1202,#1746,.T.);
#1172=EDGE_CURVE('',#1431,#1201,#1747,.T.);
#1173=EDGE_CURVE('',#1429,#1431,#1748,.T.);
#1174=EDGE_CURVE('',#1432,#1209,#1749,.T.);
#1175=EDGE_CURVE('',#1431,#1432,#1750,.T.);
#1176=EDGE_CURVE('',#1433,#1208,#1751,.T.);
#1177=EDGE_CURVE('',#1432,#1433,#1752,.T.);
#1178=EDGE_CURVE('',#1434,#1207,#1753,.T.);
#1179=EDGE_CURVE('',#1433,#1434,#1754,.T.);
#1180=EDGE_CURVE('',#1435,#1206,#1755,.T.);
#1181=EDGE_CURVE('',#1434,#1435,#1756,.T.);
#1182=EDGE_CURVE('',#1436,#1205,#1757,.T.);
#1183=EDGE_CURVE('',#1435,#1436,#1758,.T.);
#1184=EDGE_CURVE('',#1437,#1204,#1759,.T.);
#1185=EDGE_CURVE('',#1436,#1437,#1760,.T.);
#1186=EDGE_CURVE('',#1438,#1203,#1761,.T.);
#1187=EDGE_CURVE('',#1437,#1438,#1762,.T.);
#1188=EDGE_CURVE('',#1406,#1411,#1763,.T.);
#1189=EDGE_CURVE('',#1408,#1412,#1764,.T.);
#1190=EDGE_CURVE('',#1414,#1419,#1765,.T.);
#1191=EDGE_CURVE('',#1416,#1420,#1766,.T.);
#1192=EDGE_CURVE('',#1422,#1427,#1767,.T.);
#1193=EDGE_CURVE('',#1424,#1428,#1768,.T.);
#1194=EDGE_CURVE('',#1430,#1438,#1769,.T.);
#1195=EDGE_CURVE('',#1398,#1403,#1770,.T.);
#1196=EDGE_CURVE('',#1400,#1404,#1771,.T.);
#1197=VERTEX_POINT('',#3511);
#1198=VERTEX_POINT('',#3512);
#1199=VERTEX_POINT('',#3516);
#1200=VERTEX_POINT('',#3520);
#1201=VERTEX_POINT('',#3521);
#1202=VERTEX_POINT('',#3523);
#1203=VERTEX_POINT('',#3525);
#1204=VERTEX_POINT('',#3527);
#1205=VERTEX_POINT('',#3529);
#1206=VERTEX_POINT('',#3531);
#1207=VERTEX_POINT('',#3533);
#1208=VERTEX_POINT('',#3535);
#1209=VERTEX_POINT('',#3537);
#1210=VERTEX_POINT('',#3542);
#1211=VERTEX_POINT('',#3543);
#1212=VERTEX_POINT('',#3545);
#1213=VERTEX_POINT('',#3549);
#1214=VERTEX_POINT('',#3551);
#1215=VERTEX_POINT('',#3555);
#1216=VERTEX_POINT('',#3557);
#1217=VERTEX_POINT('',#3561);
#1218=VERTEX_POINT('',#3564);
#1219=VERTEX_POINT('',#3566);
#1220=VERTEX_POINT('',#3567);
#1221=VERTEX_POINT('',#3569);
#1222=VERTEX_POINT('',#3571);
#1223=VERTEX_POINT('',#3575);
#1224=VERTEX_POINT('',#3576);
#1225=VERTEX_POINT('',#3578);
#1226=VERTEX_POINT('',#3580);
#1227=VERTEX_POINT('',#3582);
#1228=VERTEX_POINT('',#3585);
#1229=VERTEX_POINT('',#3589);
#1230=VERTEX_POINT('',#3590);
#1231=VERTEX_POINT('',#3592);
#1232=VERTEX_POINT('',#3594);
#1233=VERTEX_POINT('',#3598);
#1234=VERTEX_POINT('',#3599);
#1235=VERTEX_POINT('',#3601);
#1236=VERTEX_POINT('',#3603);
#1237=VERTEX_POINT('',#3607);
#1238=VERTEX_POINT('',#3608);
#1239=VERTEX_POINT('',#3610);
#1240=VERTEX_POINT('',#3612);
#1241=VERTEX_POINT('',#3616);
#1242=VERTEX_POINT('',#3618);
#1243=VERTEX_POINT('',#3622);
#1244=VERTEX_POINT('',#3626);
#1245=VERTEX_POINT('',#3630);
#1246=VERTEX_POINT('',#3632);
#1247=VERTEX_POINT('',#3634);
#1248=VERTEX_POINT('',#3636);
#1249=VERTEX_POINT('',#3640);
#1250=VERTEX_POINT('',#3642);
#1251=VERTEX_POINT('',#3646);
#1252=VERTEX_POINT('',#3648);
#1253=VERTEX_POINT('',#3652);
#1254=VERTEX_POINT('',#3654);
#1255=VERTEX_POINT('',#3656);
#1256=VERTEX_POINT('',#3660);
#1257=VERTEX_POINT('',#3662);
#1258=VERTEX_POINT('',#3666);
#1259=VERTEX_POINT('',#3668);
#1260=VERTEX_POINT('',#3670);
#1261=VERTEX_POINT('',#3674);
#1262=VERTEX_POINT('',#3676);
#1263=VERTEX_POINT('',#3680);
#1264=VERTEX_POINT('',#3682);
#1265=VERTEX_POINT('',#3686);
#1266=VERTEX_POINT('',#3688);
#1267=VERTEX_POINT('',#3692);
#1268=VERTEX_POINT('',#3694);
#1269=VERTEX_POINT('',#3698);
#1270=VERTEX_POINT('',#3700);
#1271=VERTEX_POINT('',#3704);
#1272=VERTEX_POINT('',#3706);
#1273=VERTEX_POINT('',#3710);
#1274=VERTEX_POINT('',#3712);
#1275=VERTEX_POINT('',#3716);
#1276=VERTEX_POINT('',#3718);
#1277=VERTEX_POINT('',#3722);
#1278=VERTEX_POINT('',#3724);
#1279=VERTEX_POINT('',#3728);
#1280=VERTEX_POINT('',#3730);
#1281=VERTEX_POINT('',#3734);
#1282=VERTEX_POINT('',#3736);
#1283=VERTEX_POINT('',#3740);
#1284=VERTEX_POINT('',#3742);
#1285=VERTEX_POINT('',#3746);
#1286=VERTEX_POINT('',#3748);
#1287=VERTEX_POINT('',#3752);
#1288=VERTEX_POINT('',#3754);
#1289=VERTEX_POINT('',#3758);
#1290=VERTEX_POINT('',#3760);
#1291=VERTEX_POINT('',#3764);
#1292=VERTEX_POINT('',#3766);
#1293=VERTEX_POINT('',#3770);
#1294=VERTEX_POINT('',#3772);
#1295=VERTEX_POINT('',#3776);
#1296=VERTEX_POINT('',#3778);
#1297=VERTEX_POINT('',#3782);
#1298=VERTEX_POINT('',#3784);
#1299=VERTEX_POINT('',#3790);
#1300=VERTEX_POINT('',#3793);
#1301=VERTEX_POINT('',#3798);
#1302=VERTEX_POINT('',#3799);
#1303=VERTEX_POINT('',#3801);
#1304=VERTEX_POINT('',#3803);
#1305=VERTEX_POINT('',#3807);
#1306=VERTEX_POINT('',#3808);
#1307=VERTEX_POINT('',#3810);
#1308=VERTEX_POINT('',#3812);
#1309=VERTEX_POINT('',#3814);
#1310=VERTEX_POINT('',#3816);
#1311=VERTEX_POINT('',#3818);
#1312=VERTEX_POINT('',#3820);
#1313=VERTEX_POINT('',#3831);
#1314=VERTEX_POINT('',#3835);
#1315=VERTEX_POINT('',#3839);
#1316=VERTEX_POINT('',#3840);
#1317=VERTEX_POINT('',#3842);
#1318=VERTEX_POINT('',#3844);
#1319=VERTEX_POINT('',#3846);
#1320=VERTEX_POINT('',#3848);
#1321=VERTEX_POINT('',#3850);
#1322=VERTEX_POINT('',#3852);
#1323=VERTEX_POINT('',#3854);
#1324=VERTEX_POINT('',#3856);
#1325=VERTEX_POINT('',#3858);
#1326=VERTEX_POINT('',#3860);
#1327=VERTEX_POINT('',#3862);
#1328=VERTEX_POINT('',#3864);
#1329=VERTEX_POINT('',#3866);
#1330=VERTEX_POINT('',#3868);
#1331=VERTEX_POINT('',#3870);
#1332=VERTEX_POINT('',#3872);
#1333=VERTEX_POINT('',#3874);
#1334=VERTEX_POINT('',#3876);
#1335=VERTEX_POINT('',#3878);
#1336=VERTEX_POINT('',#3880);
#1337=VERTEX_POINT('',#3882);
#1338=VERTEX_POINT('',#3884);
#1339=VERTEX_POINT('',#3886);
#1340=VERTEX_POINT('',#3888);
#1341=VERTEX_POINT('',#3890);
#1342=VERTEX_POINT('',#3892);
#1343=VERTEX_POINT('',#3894);
#1344=VERTEX_POINT('',#3896);
#1345=VERTEX_POINT('',#3898);
#1346=VERTEX_POINT('',#3900);
#1347=VERTEX_POINT('',#3902);
#1348=VERTEX_POINT('',#3904);
#1349=VERTEX_POINT('',#3906);
#1350=VERTEX_POINT('',#3909);
#1351=VERTEX_POINT('',#3911);
#1352=VERTEX_POINT('',#3922);
#1353=VERTEX_POINT('',#3928);
#1354=VERTEX_POINT('',#3950);
#1355=VERTEX_POINT('',#3959);
#1356=VERTEX_POINT('',#3961);
#1357=VERTEX_POINT('',#3964);
#1358=VERTEX_POINT('',#3966);
#1359=VERTEX_POINT('',#3969);
#1360=VERTEX_POINT('',#3971);
#1361=VERTEX_POINT('',#3974);
#1362=VERTEX_POINT('',#3976);
#1363=VERTEX_POINT('',#3979);
#1364=VERTEX_POINT('',#3981);
#1365=VERTEX_POINT('',#3984);
#1366=VERTEX_POINT('',#3986);
#1367=VERTEX_POINT('',#3989);
#1368=VERTEX_POINT('',#3991);
#1369=VERTEX_POINT('',#3994);
#1370=VERTEX_POINT('',#3996);
#1371=VERTEX_POINT('',#3999);
#1372=VERTEX_POINT('',#4001);
#1373=VERTEX_POINT('',#4004);
#1374=VERTEX_POINT('',#4005);
#1375=VERTEX_POINT('',#4007);
#1376=VERTEX_POINT('',#4009);
#1377=VERTEX_POINT('',#4057);
#1378=VERTEX_POINT('',#4059);
#1379=VERTEX_POINT('',#4068);
#1380=VERTEX_POINT('',#4070);
#1381=VERTEX_POINT('',#4079);
#1382=VERTEX_POINT('',#4081);
#1383=VERTEX_POINT('',#4090);
#1384=VERTEX_POINT('',#4092);
#1385=VERTEX_POINT('',#4101);
#1386=VERTEX_POINT('',#4103);
#1387=VERTEX_POINT('',#4112);
#1388=VERTEX_POINT('',#4114);
#1389=VERTEX_POINT('',#4123);
#1390=VERTEX_POINT('',#4125);
#1391=VERTEX_POINT('',#4134);
#1392=VERTEX_POINT('',#4136);
#1393=VERTEX_POINT('',#4145);
#1394=VERTEX_POINT('',#4147);
#1395=VERTEX_POINT('',#4156);
#1396=VERTEX_POINT('',#4160);
#1397=VERTEX_POINT('',#4167);
#1398=VERTEX_POINT('',#4168);
#1399=VERTEX_POINT('',#4170);
#1400=VERTEX_POINT('',#4172);
#1401=VERTEX_POINT('',#4176);
#1402=VERTEX_POINT('',#4178);
#1403=VERTEX_POINT('',#4182);
#1404=VERTEX_POINT('',#4184);
#1405=VERTEX_POINT('',#4188);
#1406=VERTEX_POINT('',#4189);
#1407=VERTEX_POINT('',#4191);
#1408=VERTEX_POINT('',#4193);
#1409=VERTEX_POINT('',#4197);
#1410=VERTEX_POINT('',#4199);
#1411=VERTEX_POINT('',#4203);
#1412=VERTEX_POINT('',#4205);
#1413=VERTEX_POINT('',#4209);
#1414=VERTEX_POINT('',#4210);
#1415=VERTEX_POINT('',#4212);
#1416=VERTEX_POINT('',#4214);
#1417=VERTEX_POINT('',#4218);
#1418=VERTEX_POINT('',#4220);
#1419=VERTEX_POINT('',#4224);
#1420=VERTEX_POINT('',#4226);
#1421=VERTEX_POINT('',#4230);
#1422=VERTEX_POINT('',#4231);
#1423=VERTEX_POINT('',#4233);
#1424=VERTEX_POINT('',#4235);
#1425=VERTEX_POINT('',#4239);
#1426=VERTEX_POINT('',#4241);
#1427=VERTEX_POINT('',#4245);
#1428=VERTEX_POINT('',#4247);
#1429=VERTEX_POINT('',#4264);
#1430=VERTEX_POINT('',#4266);
#1431=VERTEX_POINT('',#4270);
#1432=VERTEX_POINT('',#4274);
#1433=VERTEX_POINT('',#4278);
#1434=VERTEX_POINT('',#4282);
#1435=VERTEX_POINT('',#4286);
#1436=VERTEX_POINT('',#4290);
#1437=VERTEX_POINT('',#4294);
#1438=VERTEX_POINT('',#4298);
#1439=LINE('',#3510,#1772);
#1440=LINE('',#3517,#1773);
#1441=LINE('',#3519,#1774);
#1442=LINE('',#3522,#1775);
#1443=LINE('',#3524,#1776);
#1444=LINE('',#3526,#1777);
#1445=LINE('',#3528,#1778);
#1446=LINE('',#3530,#1779);
#1447=LINE('',#3532,#1780);
#1448=LINE('',#3534,#1781);
#1449=LINE('',#3536,#1782);
#1450=LINE('',#3538,#1783);
#1451=LINE('',#3544,#1784);
#1452=LINE('',#3550,#1785);
#1453=LINE('',#3556,#1786);
#1454=LINE('',#3562,#1787);
#1455=LINE('',#3565,#1788);
#1456=LINE('',#3568,#1789);
#1457=LINE('',#3570,#1790);
#1458=LINE('',#3572,#1791);
#1459=LINE('',#3574,#1792);
#1460=LINE('',#3577,#1793);
#1461=LINE('',#3579,#1794);
#1462=LINE('',#3581,#1795);
#1463=LINE('',#3583,#1796);
#1464=LINE('',#3584,#1797);
#1465=LINE('',#3586,#1798);
#1466=LINE('',#3588,#1799);
#1467=LINE('',#3591,#1800);
#1468=LINE('',#3593,#1801);
#1469=LINE('',#3595,#1802);
#1470=LINE('',#3597,#1803);
#1471=LINE('',#3600,#1804);
#1472=LINE('',#3602,#1805);
#1473=LINE('',#3604,#1806);
#1474=LINE('',#3606,#1807);
#1475=LINE('',#3609,#1808);
#1476=LINE('',#3611,#1809);
#1477=LINE('',#3613,#1810);
#1478=LINE('',#3615,#1811);
#1479=LINE('',#3617,#1812);
#1480=LINE('',#3619,#1813);
#1481=LINE('',#3621,#1814);
#1482=LINE('',#3623,#1815);
#1483=LINE('',#3625,#1816);
#1484=LINE('',#3627,#1817);
#1485=LINE('',#3629,#1818);
#1486=LINE('',#3631,#1819);
#1487=LINE('',#3633,#1820);
#1488=LINE('',#3635,#1821);
#1489=LINE('',#3637,#1822);
#1490=LINE('',#3639,#1823);
#1491=LINE('',#3641,#1824);
#1492=LINE('',#3643,#1825);
#1493=LINE('',#3645,#1826);
#1494=LINE('',#3647,#1827);
#1495=LINE('',#3649,#1828);
#1496=LINE('',#3651,#1829);
#1497=LINE('',#3653,#1830);
#1498=LINE('',#3655,#1831);
#1499=LINE('',#3657,#1832);
#1500=LINE('',#3659,#1833);
#1501=LINE('',#3661,#1834);
#1502=LINE('',#3663,#1835);
#1503=LINE('',#3665,#1836);
#1504=LINE('',#3667,#1837);
#1505=LINE('',#3669,#1838);
#1506=LINE('',#3671,#1839);
#1507=LINE('',#3673,#1840);
#1508=LINE('',#3675,#1841);
#1509=LINE('',#3677,#1842);
#1510=LINE('',#3679,#1843);
#1511=LINE('',#3681,#1844);
#1512=LINE('',#3683,#1845);
#1513=LINE('',#3685,#1846);
#1514=LINE('',#3687,#1847);
#1515=LINE('',#3689,#1848);
#1516=LINE('',#3691,#1849);
#1517=LINE('',#3693,#1850);
#1518=LINE('',#3695,#1851);
#1519=LINE('',#3697,#1852);
#1520=LINE('',#3699,#1853);
#1521=LINE('',#3701,#1854);
#1522=LINE('',#3703,#1855);
#1523=LINE('',#3705,#1856);
#1524=LINE('',#3707,#1857);
#1525=LINE('',#3709,#1858);
#1526=LINE('',#3711,#1859);
#1527=LINE('',#3713,#1860);
#1528=LINE('',#3715,#1861);
#1529=LINE('',#3717,#1862);
#1530=LINE('',#3719,#1863);
#1531=LINE('',#3721,#1864);
#1532=LINE('',#3723,#1865);
#1533=LINE('',#3725,#1866);
#1534=LINE('',#3727,#1867);
#1535=LINE('',#3729,#1868);
#1536=LINE('',#3731,#1869);
#1537=LINE('',#3733,#1870);
#1538=LINE('',#3735,#1871);
#1539=LINE('',#3737,#1872);
#1540=LINE('',#3739,#1873);
#1541=LINE('',#3741,#1874);
#1542=LINE('',#3743,#1875);
#1543=LINE('',#3745,#1876);
#1544=LINE('',#3747,#1877);
#1545=LINE('',#3749,#1878);
#1546=LINE('',#3751,#1879);
#1547=LINE('',#3753,#1880);
#1548=LINE('',#3755,#1881);
#1549=LINE('',#3757,#1882);
#1550=LINE('',#3759,#1883);
#1551=LINE('',#3761,#1884);
#1552=LINE('',#3763,#1885);
#1553=LINE('',#3765,#1886);
#1554=LINE('',#3767,#1887);
#1555=LINE('',#3769,#1888);
#1556=LINE('',#3771,#1889);
#1557=LINE('',#3773,#1890);
#1558=LINE('',#3775,#1891);
#1559=LINE('',#3777,#1892);
#1560=LINE('',#3779,#1893);
#1561=LINE('',#3781,#1894);
#1562=LINE('',#3783,#1895);
#1563=LINE('',#3785,#1896);
#1564=LINE('',#3787,#1897);
#1565=LINE('',#3792,#1898);
#1566=LINE('',#3794,#1899);
#1567=LINE('',#3795,#1900);
#1568=LINE('',#3797,#1901);
#1569=LINE('',#3800,#1902);
#1570=LINE('',#3802,#1903);
#1571=LINE('',#3804,#1904);
#1572=LINE('',#3806,#1905);
#1573=LINE('',#3811,#1906);
#1574=LINE('',#3815,#1907);
#1575=LINE('',#3819,#1908);
#1576=LINE('',#3830,#1909);
#1577=LINE('',#3836,#1910);
#1578=LINE('',#3838,#1911);
#1579=LINE('',#3841,#1912);
#1580=LINE('',#3843,#1913);
#1581=LINE('',#3845,#1914);
#1582=LINE('',#3847,#1915);
#1583=LINE('',#3849,#1916);
#1584=LINE('',#3851,#1917);
#1585=LINE('',#3853,#1918);
#1586=LINE('',#3855,#1919);
#1587=LINE('',#3857,#1920);
#1588=LINE('',#3859,#1921);
#1589=LINE('',#3861,#1922);
#1590=LINE('',#3863,#1923);
#1591=LINE('',#3865,#1924);
#1592=LINE('',#3867,#1925);
#1593=LINE('',#3869,#1926);
#1594=LINE('',#3871,#1927);
#1595=LINE('',#3873,#1928);
#1596=LINE('',#3875,#1929);
#1597=LINE('',#3877,#1930);
#1598=LINE('',#3879,#1931);
#1599=LINE('',#3881,#1932);
#1600=LINE('',#3883,#1933);
#1601=LINE('',#3885,#1934);
#1602=LINE('',#3887,#1935);
#1603=LINE('',#3889,#1936);
#1604=LINE('',#3891,#1937);
#1605=LINE('',#3893,#1938);
#1606=LINE('',#3895,#1939);
#1607=LINE('',#3897,#1940);
#1608=LINE('',#3899,#1941);
#1609=LINE('',#3901,#1942);
#1610=LINE('',#3903,#1943);
#1611=LINE('',#3905,#1944);
#1612=LINE('',#3907,#1945);
#1613=LINE('',#3908,#1946);
#1614=LINE('',#3910,#1947);
#1615=LINE('',#3912,#1948);
#1616=LINE('',#3921,#1949);
#1617=LINE('',#3927,#1950);
#1618=LINE('',#3929,#1951);
#1619=LINE('',#3949,#1952);
#1620=LINE('',#3955,#1953);
#1621=LINE('',#3957,#1954);
#1622=LINE('',#3958,#1955);
#1623=LINE('',#3960,#1956);
#1624=LINE('',#3962,#1957);
#1625=LINE('',#3963,#1958);
#1626=LINE('',#3965,#1959);
#1627=LINE('',#3967,#1960);
#1628=LINE('',#3968,#1961);
#1629=LINE('',#3970,#1962);
#1630=LINE('',#3972,#1963);
#1631=LINE('',#3973,#1964);
#1632=LINE('',#3975,#1965);
#1633=LINE('',#3977,#1966);
#1634=LINE('',#3978,#1967);
#1635=LINE('',#3980,#1968);
#1636=LINE('',#3982,#1969);
#1637=LINE('',#3983,#1970);
#1638=LINE('',#3985,#1971);
#1639=LINE('',#3987,#1972);
#1640=LINE('',#3988,#1973);
#1641=LINE('',#3990,#1974);
#1642=LINE('',#3992,#1975);
#1643=LINE('',#3993,#1976);
#1644=LINE('',#3995,#1977);
#1645=LINE('',#3997,#1978);
#1646=LINE('',#3998,#1979);
#1647=LINE('',#4000,#1980);
#1648=LINE('',#4002,#1981);
#1649=LINE('',#4003,#1982);
#1650=LINE('',#4006,#1983);
#1651=LINE('',#4008,#1984);
#1652=LINE('',#4010,#1985);
#1653=LINE('',#4056,#1986);
#1654=LINE('',#4058,#1987);
#1655=LINE('',#4060,#1988);
#1656=LINE('',#4062,#1989);
#1657=LINE('',#4064,#1990);
#1658=LINE('',#4067,#1991);
#1659=LINE('',#4069,#1992);
#1660=LINE('',#4071,#1993);
#1661=LINE('',#4073,#1994);
#1662=LINE('',#4075,#1995);
#1663=LINE('',#4078,#1996);
#1664=LINE('',#4080,#1997);
#1665=LINE('',#4082,#1998);
#1666=LINE('',#4084,#1999);
#1667=LINE('',#4086,#2000);
#1668=LINE('',#4089,#2001);
#1669=LINE('',#4091,#2002);
#1670=LINE('',#4093,#2003);
#1671=LINE('',#4095,#2004);
#1672=LINE('',#4097,#2005);
#1673=LINE('',#4100,#2006);
#1674=LINE('',#4102,#2007);
#1675=LINE('',#4104,#2008);
#1676=LINE('',#4106,#2009);
#1677=LINE('',#4108,#2010);
#1678=LINE('',#4111,#2011);
#1679=LINE('',#4113,#2012);
#1680=LINE('',#4115,#2013);
#1681=LINE('',#4117,#2014);
#1682=LINE('',#4119,#2015);
#1683=LINE('',#4122,#2016);
#1684=LINE('',#4124,#2017);
#1685=LINE('',#4126,#2018);
#1686=LINE('',#4128,#2019);
#1687=LINE('',#4130,#2020);
#1688=LINE('',#4133,#2021);
#1689=LINE('',#4135,#2022);
#1690=LINE('',#4137,#2023);
#1691=LINE('',#4139,#2024);
#1692=LINE('',#4141,#2025);
#1693=LINE('',#4144,#2026);
#1694=LINE('',#4146,#2027);
#1695=LINE('',#4148,#2028);
#1696=LINE('',#4150,#2029);
#1697=LINE('',#4152,#2030);
#1698=LINE('',#4155,#2031);
#1699=LINE('',#4157,#2032);
#1700=LINE('',#4159,#2033);
#1701=LINE('',#4161,#2034);
#1702=LINE('',#4163,#2035);
#1703=LINE('',#4166,#2036);
#1704=LINE('',#4169,#2037);
#1705=LINE('',#4171,#2038);
#1706=LINE('',#4173,#2039);
#1707=LINE('',#4175,#2040);
#1708=LINE('',#4177,#2041);
#1709=LINE('',#4179,#2042);
#1710=LINE('',#4181,#2043);
#1711=LINE('',#4183,#2044);
#1712=LINE('',#4185,#2045);
#1713=LINE('',#4187,#2046);
#1714=LINE('',#4190,#2047);
#1715=LINE('',#4192,#2048);
#1716=LINE('',#4194,#2049);
#1717=LINE('',#4196,#2050);
#1718=LINE('',#4198,#2051);
#1719=LINE('',#4200,#2052);
#1720=LINE('',#4202,#2053);
#1721=LINE('',#4204,#2054);
#1722=LINE('',#4206,#2055);
#1723=LINE('',#4208,#2056);
#1724=LINE('',#4211,#2057);
#1725=LINE('',#4213,#2058);
#1726=LINE('',#4215,#2059);
#1727=LINE('',#4217,#2060);
#1728=LINE('',#4219,#2061);
#1729=LINE('',#4221,#2062);
#1730=LINE('',#4223,#2063);
#1731=LINE('',#4225,#2064);
#1732=LINE('',#4227,#2065);
#1733=LINE('',#4229,#2066);
#1734=LINE('',#4232,#2067);
#1735=LINE('',#4234,#2068);
#1736=LINE('',#4236,#2069);
#1737=LINE('',#4238,#2070);
#1738=LINE('',#4240,#2071);
#1739=LINE('',#4242,#2072);
#1740=LINE('',#4244,#2073);
#1741=LINE('',#4246,#2074);
#1742=LINE('',#4248,#2075);
#1743=LINE('',#4250,#2076);
#1744=LINE('',#4263,#2077);
#1745=LINE('',#4265,#2078);
#1746=LINE('',#4267,#2079);
#1747=LINE('',#4269,#2080);
#1748=LINE('',#4271,#2081);
#1749=LINE('',#4273,#2082);
#1750=LINE('',#4275,#2083);
#1751=LINE('',#4277,#2084);
#1752=LINE('',#4279,#2085);
#1753=LINE('',#4281,#2086);
#1754=LINE('',#4283,#2087);
#1755=LINE('',#4285,#2088);
#1756=LINE('',#4287,#2089);
#1757=LINE('',#4289,#2090);
#1758=LINE('',#4291,#2091);
#1759=LINE('',#4293,#2092);
#1760=LINE('',#4295,#2093);
#1761=LINE('',#4297,#2094);
#1762=LINE('',#4299,#2095);
#1763=LINE('',#4301,#2096);
#1764=LINE('',#4302,#2097);
#1765=LINE('',#4304,#2098);
#1766=LINE('',#4305,#2099);
#1767=LINE('',#4307,#2100);
#1768=LINE('',#4308,#2101);
#1769=LINE('',#4310,#2102);
#1770=LINE('',#4312,#2103);
#1771=LINE('',#4313,#2104);
#1772=VECTOR('',#2847,1.);
#1773=VECTOR('',#2848,1.);
#1774=VECTOR('',#2851,1.);
#1775=VECTOR('',#2852,1.);
#1776=VECTOR('',#2853,1.);
#1777=VECTOR('',#2854,1.);
#1778=VECTOR('',#2855,1.);
#1779=VECTOR('',#2856,1.);
#1780=VECTOR('',#2857,1.);
#1781=VECTOR('',#2858,1.);
#1782=VECTOR('',#2859,1.);
#1783=VECTOR('',#2860,1.);
#1784=VECTOR('',#2861,1.);
#1785=VECTOR('',#2862,1.);
#1786=VECTOR('',#2863,1.);
#1787=VECTOR('',#2864,1.);
#1788=VECTOR('',#2867,1.);
#1789=VECTOR('',#2868,1.);
#1790=VECTOR('',#2869,1.);
#1791=VECTOR('',#2870,1.);
#1792=VECTOR('',#2873,1.);
#1793=VECTOR('',#2874,1.);
#1794=VECTOR('',#2875,1.);
#1795=VECTOR('',#2876,1.);
#1796=VECTOR('',#2877,1.);
#1797=VECTOR('',#2878,1.);
#1798=VECTOR('',#2879,1.);
#1799=VECTOR('',#2882,1.);
#1800=VECTOR('',#2883,1.);
#1801=VECTOR('',#2884,1.);
#1802=VECTOR('',#2885,1.);
#1803=VECTOR('',#2888,1.);
#1804=VECTOR('',#2889,1.);
#1805=VECTOR('',#2890,1.);
#1806=VECTOR('',#2891,1.);
#1807=VECTOR('',#2894,1.);
#1808=VECTOR('',#2895,1.);
#1809=VECTOR('',#2896,1.);
#1810=VECTOR('',#2897,1.);
#1811=VECTOR('',#2900,1.);
#1812=VECTOR('',#2901,1.);
#1813=VECTOR('',#2902,1.);
#1814=VECTOR('',#2905,1.);
#1815=VECTOR('',#2906,1.);
#1816=VECTOR('',#2909,1.);
#1817=VECTOR('',#2910,1.);
#1818=VECTOR('',#2913,1.);
#1819=VECTOR('',#2914,1.);
#1820=VECTOR('',#2915,1.);
#1821=VECTOR('',#2916,1.);
#1822=VECTOR('',#2917,1.);
#1823=VECTOR('',#2920,1.);
#1824=VECTOR('',#2921,1.);
#1825=VECTOR('',#2922,1.);
#1826=VECTOR('',#2925,1.);
#1827=VECTOR('',#2926,1.);
#1828=VECTOR('',#2927,1.);
#1829=VECTOR('',#2930,1.);
#1830=VECTOR('',#2931,1.);
#1831=VECTOR('',#2932,1.);
#1832=VECTOR('',#2933,1.);
#1833=VECTOR('',#2936,1.);
#1834=VECTOR('',#2937,1.);
#1835=VECTOR('',#2938,1.);
#1836=VECTOR('',#2941,1.);
#1837=VECTOR('',#2942,1.);
#1838=VECTOR('',#2943,1.);
#1839=VECTOR('',#2944,1.);
#1840=VECTOR('',#2947,1.);
#1841=VECTOR('',#2948,1.);
#1842=VECTOR('',#2949,1.);
#1843=VECTOR('',#2952,1.);
#1844=VECTOR('',#2953,1.);
#1845=VECTOR('',#2954,1.);
#1846=VECTOR('',#2957,1.);
#1847=VECTOR('',#2958,1.);
#1848=VECTOR('',#2959,1.);
#1849=VECTOR('',#2962,1.);
#1850=VECTOR('',#2963,1.);
#1851=VECTOR('',#2964,1.);
#1852=VECTOR('',#2967,1.);
#1853=VECTOR('',#2968,1.);
#1854=VECTOR('',#2969,1.);
#1855=VECTOR('',#2972,1.);
#1856=VECTOR('',#2973,1.);
#1857=VECTOR('',#2974,1.);
#1858=VECTOR('',#2977,1.);
#1859=VECTOR('',#2978,1.);
#1860=VECTOR('',#2979,1.);
#1861=VECTOR('',#2982,1.);
#1862=VECTOR('',#2983,1.);
#1863=VECTOR('',#2984,1.);
#1864=VECTOR('',#2987,1.);
#1865=VECTOR('',#2988,1.);
#1866=VECTOR('',#2989,1.);
#1867=VECTOR('',#2992,1.);
#1868=VECTOR('',#2993,1.);
#1869=VECTOR('',#2994,1.);
#1870=VECTOR('',#2997,1.);
#1871=VECTOR('',#2998,1.);
#1872=VECTOR('',#2999,1.);
#1873=VECTOR('',#3002,1.);
#1874=VECTOR('',#3003,1.);
#1875=VECTOR('',#3004,1.);
#1876=VECTOR('',#3007,1.);
#1877=VECTOR('',#3008,1.);
#1878=VECTOR('',#3009,1.);
#1879=VECTOR('',#3012,1.);
#1880=VECTOR('',#3013,1.);
#1881=VECTOR('',#3014,1.);
#1882=VECTOR('',#3017,1.);
#1883=VECTOR('',#3018,1.);
#1884=VECTOR('',#3019,1.);
#1885=VECTOR('',#3022,1.);
#1886=VECTOR('',#3023,1.);
#1887=VECTOR('',#3024,1.);
#1888=VECTOR('',#3027,1.);
#1889=VECTOR('',#3028,1.);
#1890=VECTOR('',#3029,1.);
#1891=VECTOR('',#3032,1.);
#1892=VECTOR('',#3033,1.);
#1893=VECTOR('',#3034,1.);
#1894=VECTOR('',#3037,1.);
#1895=VECTOR('',#3038,1.);
#1896=VECTOR('',#3039,1.);
#1897=VECTOR('',#3042,1.);
#1898=VECTOR('',#3049,1.);
#1899=VECTOR('',#3050,1.);
#1900=VECTOR('',#3051,1.);
#1901=VECTOR('',#3054,1.);
#1902=VECTOR('',#3055,1.);
#1903=VECTOR('',#3056,1.);
#1904=VECTOR('',#3057,1.);
#1905=VECTOR('',#3060,1.);
#1906=VECTOR('',#3063,1.);
#1907=VECTOR('',#3066,1.);
#1908=VECTOR('',#3069,1.);
#1909=VECTOR('',#3072,1.);
#1910=VECTOR('',#3073,1.);
#1911=VECTOR('',#3076,1.);
#1912=VECTOR('',#3077,1.);
#1913=VECTOR('',#3078,1.);
#1914=VECTOR('',#3079,1.);
#1915=VECTOR('',#3080,1.);
#1916=VECTOR('',#3081,1.);
#1917=VECTOR('',#3082,1.);
#1918=VECTOR('',#3083,1.);
#1919=VECTOR('',#3084,1.);
#1920=VECTOR('',#3085,1.);
#1921=VECTOR('',#3086,1.);
#1922=VECTOR('',#3087,1.);
#1923=VECTOR('',#3088,1.);
#1924=VECTOR('',#3089,1.);
#1925=VECTOR('',#3090,1.);
#1926=VECTOR('',#3091,1.);
#1927=VECTOR('',#3092,1.);
#1928=VECTOR('',#3093,1.);
#1929=VECTOR('',#3094,1.);
#1930=VECTOR('',#3095,1.);
#1931=VECTOR('',#3096,1.);
#1932=VECTOR('',#3097,1.);
#1933=VECTOR('',#3098,1.);
#1934=VECTOR('',#3099,1.);
#1935=VECTOR('',#3100,1.);
#1936=VECTOR('',#3101,1.);
#1937=VECTOR('',#3102,1.);
#1938=VECTOR('',#3103,1.);
#1939=VECTOR('',#3104,1.);
#1940=VECTOR('',#3105,1.);
#1941=VECTOR('',#3106,1.);
#1942=VECTOR('',#3107,1.);
#1943=VECTOR('',#3108,1.);
#1944=VECTOR('',#3109,1.);
#1945=VECTOR('',#3110,1.);
#1946=VECTOR('',#3111,1.);
#1947=VECTOR('',#3112,1.);
#1948=VECTOR('',#3113,1.);
#1949=VECTOR('',#3114,1.);
#1950=VECTOR('',#3117,1.);
#1951=VECTOR('',#3118,1.);
#1952=VECTOR('',#3119,1.);
#1953=VECTOR('',#3122,1.);
#1954=VECTOR('',#3125,1.);
#1955=VECTOR('',#3126,1.);
#1956=VECTOR('',#3127,1.);
#1957=VECTOR('',#3128,1.);
#1958=VECTOR('',#3129,1.);
#1959=VECTOR('',#3130,1.);
#1960=VECTOR('',#3131,1.);
#1961=VECTOR('',#3132,1.);
#1962=VECTOR('',#3133,1.);
#1963=VECTOR('',#3134,1.);
#1964=VECTOR('',#3135,1.);
#1965=VECTOR('',#3136,1.);
#1966=VECTOR('',#3137,1.);
#1967=VECTOR('',#3138,1.);
#1968=VECTOR('',#3139,1.);
#1969=VECTOR('',#3140,1.);
#1970=VECTOR('',#3141,1.);
#1971=VECTOR('',#3142,1.);
#1972=VECTOR('',#3143,1.);
#1973=VECTOR('',#3144,1.);
#1974=VECTOR('',#3145,1.);
#1975=VECTOR('',#3146,1.);
#1976=VECTOR('',#3147,1.);
#1977=VECTOR('',#3148,1.);
#1978=VECTOR('',#3149,1.);
#1979=VECTOR('',#3150,1.);
#1980=VECTOR('',#3151,1.);
#1981=VECTOR('',#3152,1.);
#1982=VECTOR('',#3153,1.);
#1983=VECTOR('',#3154,1.);
#1984=VECTOR('',#3155,1.);
#1985=VECTOR('',#3156,1.);
#1986=VECTOR('',#3247,1.);
#1987=VECTOR('',#3248,1.);
#1988=VECTOR('',#3249,1.);
#1989=VECTOR('',#3252,1.);
#1990=VECTOR('',#3255,1.);
#1991=VECTOR('',#3260,1.);
#1992=VECTOR('',#3261,1.);
#1993=VECTOR('',#3262,1.);
#1994=VECTOR('',#3265,1.);
#1995=VECTOR('',#3268,1.);
#1996=VECTOR('',#3273,1.);
#1997=VECTOR('',#3274,1.);
#1998=VECTOR('',#3275,1.);
#1999=VECTOR('',#3278,1.);
#2000=VECTOR('',#3281,1.);
#2001=VECTOR('',#3286,1.);
#2002=VECTOR('',#3287,1.);
#2003=VECTOR('',#3288,1.);
#2004=VECTOR('',#3291,1.);
#2005=VECTOR('',#3294,1.);
#2006=VECTOR('',#3299,1.);
#2007=VECTOR('',#3300,1.);
#2008=VECTOR('',#3301,1.);
#2009=VECTOR('',#3304,1.);
#2010=VECTOR('',#3307,1.);
#2011=VECTOR('',#3312,1.);
#2012=VECTOR('',#3313,1.);
#2013=VECTOR('',#3314,1.);
#2014=VECTOR('',#3317,1.);
#2015=VECTOR('',#3320,1.);
#2016=VECTOR('',#3325,1.);
#2017=VECTOR('',#3326,1.);
#2018=VECTOR('',#3327,1.);
#2019=VECTOR('',#3330,1.);
#2020=VECTOR('',#3333,1.);
#2021=VECTOR('',#3338,1.);
#2022=VECTOR('',#3339,1.);
#2023=VECTOR('',#3340,1.);
#2024=VECTOR('',#3343,1.);
#2025=VECTOR('',#3346,1.);
#2026=VECTOR('',#3351,1.);
#2027=VECTOR('',#3352,1.);
#2028=VECTOR('',#3353,1.);
#2029=VECTOR('',#3356,1.);
#2030=VECTOR('',#3359,1.);
#2031=VECTOR('',#3364,1.);
#2032=VECTOR('',#3365,1.);
#2033=VECTOR('',#3368,1.);
#2034=VECTOR('',#3369,1.);
#2035=VECTOR('',#3372,1.);
#2036=VECTOR('',#3377,1.);
#2037=VECTOR('',#3378,1.);
#2038=VECTOR('',#3379,1.);
#2039=VECTOR('',#3380,1.);
#2040=VECTOR('',#3383,1.);
#2041=VECTOR('',#3384,1.);
#2042=VECTOR('',#3385,1.);
#2043=VECTOR('',#3388,1.);
#2044=VECTOR('',#3389,1.);
#2045=VECTOR('',#3390,1.);
#2046=VECTOR('',#3393,1.);
#2047=VECTOR('',#3394,1.);
#2048=VECTOR('',#3395,1.);
#2049=VECTOR('',#3396,1.);
#2050=VECTOR('',#3399,1.);
#2051=VECTOR('',#3400,1.);
#2052=VECTOR('',#3401,1.);
#2053=VECTOR('',#3404,1.);
#2054=VECTOR('',#3405,1.);
#2055=VECTOR('',#3406,1.);
#2056=VECTOR('',#3409,1.);
#2057=VECTOR('',#3410,1.);
#2058=VECTOR('',#3411,1.);
#2059=VECTOR('',#3412,1.);
#2060=VECTOR('',#3415,1.);
#2061=VECTOR('',#3416,1.);
#2062=VECTOR('',#3417,1.);
#2063=VECTOR('',#3420,1.);
#2064=VECTOR('',#3421,1.);
#2065=VECTOR('',#3422,1.);
#2066=VECTOR('',#3425,1.);
#2067=VECTOR('',#3426,1.);
#2068=VECTOR('',#3427,1.);
#2069=VECTOR('',#3428,1.);
#2070=VECTOR('',#3431,1.);
#2071=VECTOR('',#3432,1.);
#2072=VECTOR('',#3433,1.);
#2073=VECTOR('',#3436,1.);
#2074=VECTOR('',#3437,1.);
#2075=VECTOR('',#3438,1.);
#2076=VECTOR('',#3441,1.);
#2077=VECTOR('',#3444,1.);
#2078=VECTOR('',#3445,1.);
#2079=VECTOR('',#3446,1.);
#2080=VECTOR('',#3449,1.);
#2081=VECTOR('',#3450,1.);
#2082=VECTOR('',#3453,1.);
#2083=VECTOR('',#3454,1.);
#2084=VECTOR('',#3457,1.);
#2085=VECTOR('',#3458,1.);
#2086=VECTOR('',#3461,1.);
#2087=VECTOR('',#3462,1.);
#2088=VECTOR('',#3465,1.);
#2089=VECTOR('',#3466,1.);
#2090=VECTOR('',#3469,1.);
#2091=VECTOR('',#3470,1.);
#2092=VECTOR('',#3473,1.);
#2093=VECTOR('',#3474,1.);
#2094=VECTOR('',#3477,1.);
#2095=VECTOR('',#3478,1.);
#2096=VECTOR('',#3481,1.);
#2097=VECTOR('',#3482,1.);
#2098=VECTOR('',#3485,1.);
#2099=VECTOR('',#3486,1.);
#2100=VECTOR('',#3489,1.);
#2101=VECTOR('',#3490,1.);
#2102=VECTOR('',#3493,1.);
#2103=VECTOR('',#3496,1.);
#2104=VECTOR('',#3497,1.);
#2105=EDGE_LOOP('',(#78,#79,#80));
#2106=EDGE_LOOP('',(#81,#82,#83,#84,#85,#86,#87,#88,#89,#90));
#2107=EDGE_LOOP('',(#91,#92,#93,#94,#95,#96,#97,#98));
#2108=EDGE_LOOP('',(#99));
#2109=EDGE_LOOP('',(#100,#101,#102,#103));
#2110=EDGE_LOOP('',(#104,#105,#106,#107,#108,#109,#110,#111));
#2111=EDGE_LOOP('',(#112,#113,#114,#115));
#2112=EDGE_LOOP('',(#116,#117,#118,#119));
#2113=EDGE_LOOP('',(#120,#121,#122,#123));
#2114=EDGE_LOOP('',(#124,#125,#126,#127));
#2115=EDGE_LOOP('',(#128,#129,#130,#131));
#2116=EDGE_LOOP('',(#132,#133,#134,#135));
#2117=EDGE_LOOP('',(#136,#137,#138,#139,#140,#141));
#2118=EDGE_LOOP('',(#142,#143,#144,#145));
#2119=EDGE_LOOP('',(#146,#147,#148,#149));
#2120=EDGE_LOOP('',(#150,#151,#152,#153,#154));
#2121=EDGE_LOOP('',(#155,#156,#157,#158));
#2122=EDGE_LOOP('',(#159,#160,#161,#162,#163));
#2123=EDGE_LOOP('',(#164,#165,#166,#167));
#2124=EDGE_LOOP('',(#168,#169,#170,#171));
#2125=EDGE_LOOP('',(#172,#173,#174,#175));
#2126=EDGE_LOOP('',(#176,#177,#178,#179));
#2127=EDGE_LOOP('',(#180,#181,#182,#183));
#2128=EDGE_LOOP('',(#184,#185,#186,#187));
#2129=EDGE_LOOP('',(#188,#189,#190,#191));
#2130=EDGE_LOOP('',(#192,#193,#194,#195));
#2131=EDGE_LOOP('',(#196,#197,#198,#199));
#2132=EDGE_LOOP('',(#200,#201,#202,#203));
#2133=EDGE_LOOP('',(#204,#205,#206,#207));
#2134=EDGE_LOOP('',(#208,#209,#210,#211));
#2135=EDGE_LOOP('',(#212,#213,#214,#215));
#2136=EDGE_LOOP('',(#216,#217,#218,#219));
#2137=EDGE_LOOP('',(#220,#221,#222,#223));
#2138=EDGE_LOOP('',(#224,#225,#226,#227));
#2139=EDGE_LOOP('',(#228,#229,#230,#231));
#2140=EDGE_LOOP('',(#232,#233,#234,#235));
#2141=EDGE_LOOP('',(#236,#237,#238,#239));
#2142=EDGE_LOOP('',(#240,#241,#242,#243));
#2143=EDGE_LOOP('',(#244));
#2144=EDGE_LOOP('',(#245));
#2145=EDGE_LOOP('',(#246,#247,#248,#249,#250,#251));
#2146=EDGE_LOOP('',(#252,#253,#254,#255));
#2147=EDGE_LOOP('',(#256,#257,#258,#259,#260,#261,#262,#263));
#2148=EDGE_LOOP('',(#264,#265,#266,#267,#268,#269,#270,#271,#272,#273,#274,#275,#276,#277,#278,#279,#280,#281,#282,#283,#284,#285,#286,#287,#288,#289));
#2149=EDGE_LOOP('',(#290));
#2150=EDGE_LOOP('',(#291,#292,#293,#294));
#2151=EDGE_LOOP('',(#295,#296,#297,#298));
#2152=EDGE_LOOP('',(#299,#300,#301,#302,#303,#304,#305,#306,#307,#308,#309,#310,#311,#312,#313,#314,#315,#316,#317,#318,#319,#320,#321,#322,#323,#324,#325,#326,#327,#328,#329,#330,#331,#332,#333,#334,#335,#336,#337,#338));
#2153=EDGE_LOOP('',(#339,#340,#341,#342));
#2154=EDGE_LOOP('',(#343,#344,#345,#346));
#2155=EDGE_LOOP('',(#347,#348,#349,#350));
#2156=EDGE_LOOP('',(#351,#352,#353,#354));
#2157=EDGE_LOOP('',(#355,#356,#357,#358));
#2158=EDGE_LOOP('',(#359,#360,#361,#362,#363,#364,#365,#366,#367,#368,#369,#370,#371,#372,#373,#374,#375,#376,#377,#378,#379,#380,#381,#382,#383,#384,#385,#386,#387,#388,#389,#390,#391,#392,#393,#394,#395,#396,#397,#398,#399,#400,#401,#402,#403,#404));
#2159=EDGE_LOOP('',(#405,#406,#407,#408));
#2160=EDGE_LOOP('',(#409,#410,#411,#412));
#2161=EDGE_LOOP('',(#413,#414,#415));
#2162=EDGE_LOOP('',(#416,#417,#418,#419));
#2163=EDGE_LOOP('',(#420,#421,#422,#423));
#2164=EDGE_LOOP('',(#424,#425,#426,#427));
#2165=EDGE_LOOP('',(#428,#429,#430,#431));
#2166=EDGE_LOOP('',(#432,#433,#434));
#2167=EDGE_LOOP('',(#435,#436,#437));
#2168=EDGE_LOOP('',(#438,#439,#440,#441));
#2169=EDGE_LOOP('',(#442,#443,#444,#445));
#2170=EDGE_LOOP('',(#446,#447,#448));
#2171=EDGE_LOOP('',(#449,#450,#451,#452));
#2172=EDGE_LOOP('',(#453,#454,#455,#456));
#2173=EDGE_LOOP('',(#457,#458,#459,#460));
#2174=EDGE_LOOP('',(#461,#462,#463,#464));
#2175=EDGE_LOOP('',(#465,#466,#467,#468));
#2176=EDGE_LOOP('',(#469,#470,#471,#472));
#2177=EDGE_LOOP('',(#473,#474,#475,#476));
#2178=EDGE_LOOP('',(#477,#478,#479,#480));
#2179=EDGE_LOOP('',(#481,#482,#483,#484));
#2180=EDGE_LOOP('',(#485,#486,#487,#488));
#2181=EDGE_LOOP('',(#489,#490,#491,#492));
#2182=EDGE_LOOP('',(#493,#494,#495,#496));
#2183=EDGE_LOOP('',(#497,#498,#499,#500));
#2184=EDGE_LOOP('',(#501,#502,#503,#504));
#2185=EDGE_LOOP('',(#505,#506,#507,#508));
#2186=EDGE_LOOP('',(#509,#510,#511,#512));
#2187=EDGE_LOOP('',(#513,#514,#515,#516));
#2188=EDGE_LOOP('',(#517,#518,#519,#520));
#2189=EDGE_LOOP('',(#521,#522,#523,#524));
#2190=EDGE_LOOP('',(#525,#526,#527,#528));
#2191=EDGE_LOOP('',(#529,#530,#531,#532));
#2192=EDGE_LOOP('',(#533,#534,#535,#536));
#2193=EDGE_LOOP('',(#537,#538,#539,#540));
#2194=EDGE_LOOP('',(#541,#542,#543,#544));
#2195=EDGE_LOOP('',(#545,#546,#547,#548));
#2196=EDGE_LOOP('',(#549,#550,#551,#552));
#2197=EDGE_LOOP('',(#553,#554,#555,#556));
#2198=EDGE_LOOP('',(#557,#558,#559,#560));
#2199=EDGE_LOOP('',(#561,#562,#563,#564));
#2200=EDGE_LOOP('',(#565,#566,#567,#568));
#2201=EDGE_LOOP('',(#569,#570,#571,#572));
#2202=EDGE_LOOP('',(#573,#574,#575,#576));
#2203=EDGE_LOOP('',(#577,#578,#579,#580));
#2204=EDGE_LOOP('',(#581,#582,#583,#584));
#2205=EDGE_LOOP('',(#585,#586,#587,#588));
#2206=EDGE_LOOP('',(#589,#590,#591,#592));
#2207=EDGE_LOOP('',(#593,#594,#595,#596));
#2208=EDGE_LOOP('',(#597,#598,#599,#600));
#2209=EDGE_LOOP('',(#601,#602,#603,#604));
#2210=EDGE_LOOP('',(#605,#606,#607,#608));
#2211=EDGE_LOOP('',(#609,#610,#611,#612));
#2212=EDGE_LOOP('',(#613,#614,#615,#616));
#2213=EDGE_LOOP('',(#617,#618,#619,#620));
#2214=EDGE_LOOP('',(#621,#622,#623,#624));
#2215=EDGE_LOOP('',(#625,#626,#627,#628));
#2216=EDGE_LOOP('',(#629,#630,#631));
#2217=EDGE_LOOP('',(#632,#633,#634));
#2218=EDGE_LOOP('',(#635,#636,#637,#638));
#2219=EDGE_LOOP('',(#639,#640,#641,#642));
#2220=EDGE_LOOP('',(#643,#644,#645,#646));
#2221=EDGE_LOOP('',(#647,#648,#649,#650));
#2222=EDGE_LOOP('',(#651,#652,#653,#654));
#2223=EDGE_LOOP('',(#655,#656,#657,#658));
#2224=EDGE_LOOP('',(#659,#660,#661,#662));
#2225=EDGE_LOOP('',(#663,#664,#665,#666));
#2226=EDGE_LOOP('',(#667,#668,#669,#670));
#2227=EDGE_LOOP('',(#671,#672,#673,#674));
#2228=EDGE_LOOP('',(#675,#676,#677,#678));
#2229=EDGE_LOOP('',(#679,#680,#681,#682));
#2230=EDGE_LOOP('',(#683,#684,#685,#686));
#2231=EDGE_LOOP('',(#687,#688,#689,#690));
#2232=EDGE_LOOP('',(#691,#692,#693,#694));
#2233=EDGE_LOOP('',(#695,#696,#697,#698));
#2234=EDGE_LOOP('',(#699,#700,#701,#702));
#2235=EDGE_LOOP('',(#703,#704,#705,#706));
#2236=EDGE_LOOP('',(#707,#708,#709,#710));
#2237=EDGE_LOOP('',(#711,#712,#713,#714));
#2238=EDGE_LOOP('',(#715,#716,#717,#718));
#2239=EDGE_LOOP('',(#719,#720,#721,#722));
#2240=EDGE_LOOP('',(#723,#724,#725,#726));
#2241=EDGE_LOOP('',(#727,#728,#729,#730));
#2242=EDGE_LOOP('',(#731,#732,#733,#734));
#2243=EDGE_LOOP('',(#735,#736,#737,#738));
#2244=EDGE_LOOP('',(#739,#740,#741,#742));
#2245=EDGE_LOOP('',(#743,#744,#745,#746));
#2246=EDGE_LOOP('',(#747,#748,#749,#750));
#2247=EDGE_LOOP('',(#751,#752,#753,#754));
#2248=EDGE_LOOP('',(#755,#756,#757,#758,#759,#760,#761,#762,#763,#764));
#2249=EDGE_LOOP('',(#765,#766,#767,#768,#769,#770,#771,#772,#773,#774,#775,#776,#777,#778,#779,#780,#781,#782,#783,#784,#785,#786,#787,#788,#789,#790,#791));
#2250=EDGE_LOOP('',(#792,#793,#794,#795));
#2251=EDGE_LOOP('',(#796,#797,#798,#799));
#2252=EDGE_LOOP('',(#800,#801,#802,#803));
#2253=EDGE_LOOP('',(#804,#805,#806,#807));
#2254=EDGE_LOOP('',(#808,#809,#810,#811));
#2255=EDGE_LOOP('',(#812,#813,#814,#815));
#2256=EDGE_LOOP('',(#816,#817,#818,#819));
#2257=EDGE_LOOP('',(#820,#821,#822,#823));
#2258=FACE_BOUND('',#2105,.T.);
#2259=FACE_BOUND('',#2106,.T.);
#2260=FACE_BOUND('',#2107,.T.);
#2261=FACE_BOUND('',#2108,.T.);
#2262=FACE_BOUND('',#2109,.T.);
#2263=FACE_BOUND('',#2110,.T.);
#2264=FACE_BOUND('',#2111,.T.);
#2265=FACE_BOUND('',#2112,.T.);
#2266=FACE_BOUND('',#2113,.T.);
#2267=FACE_BOUND('',#2114,.T.);
#2268=FACE_BOUND('',#2115,.T.);
#2269=FACE_BOUND('',#2116,.T.);
#2270=FACE_BOUND('',#2117,.T.);
#2271=FACE_BOUND('',#2118,.T.);
#2272=FACE_BOUND('',#2119,.T.);
#2273=FACE_BOUND('',#2120,.T.);
#2274=FACE_BOUND('',#2121,.T.);
#2275=FACE_BOUND('',#2122,.T.);
#2276=FACE_BOUND('',#2123,.T.);
#2277=FACE_BOUND('',#2124,.T.);
#2278=FACE_BOUND('',#2125,.T.);
#2279=FACE_BOUND('',#2126,.T.);
#2280=FACE_BOUND('',#2127,.T.);
#2281=FACE_BOUND('',#2128,.T.);
#2282=FACE_BOUND('',#2129,.T.);
#2283=FACE_BOUND('',#2130,.T.);
#2284=FACE_BOUND('',#2131,.T.);
#2285=FACE_BOUND('',#2132,.T.);
#2286=FACE_BOUND('',#2133,.T.);
#2287=FACE_BOUND('',#2134,.T.);
#2288=FACE_BOUND('',#2135,.T.);
#2289=FACE_BOUND('',#2136,.T.);
#2290=FACE_BOUND('',#2137,.T.);
#2291=FACE_BOUND('',#2138,.T.);
#2292=FACE_BOUND('',#2139,.T.);
#2293=FACE_BOUND('',#2140,.T.);
#2294=FACE_BOUND('',#2141,.T.);
#2295=FACE_BOUND('',#2142,.T.);
#2296=FACE_BOUND('',#2143,.T.);
#2297=FACE_BOUND('',#2144,.T.);
#2298=FACE_BOUND('',#2145,.T.);
#2299=FACE_BOUND('',#2146,.T.);
#2300=FACE_BOUND('',#2147,.T.);
#2301=FACE_BOUND('',#2148,.T.);
#2302=FACE_BOUND('',#2149,.T.);
#2303=FACE_BOUND('',#2150,.T.);
#2304=FACE_BOUND('',#2151,.T.);
#2305=FACE_BOUND('',#2152,.T.);
#2306=FACE_BOUND('',#2153,.T.);
#2307=FACE_BOUND('',#2154,.T.);
#2308=FACE_BOUND('',#2155,.T.);
#2309=FACE_BOUND('',#2156,.T.);
#2310=FACE_BOUND('',#2157,.T.);
#2311=FACE_BOUND('',#2158,.T.);
#2312=FACE_BOUND('',#2159,.T.);
#2313=FACE_BOUND('',#2160,.T.);
#2314=FACE_BOUND('',#2161,.T.);
#2315=FACE_BOUND('',#2162,.T.);
#2316=FACE_BOUND('',#2163,.T.);
#2317=FACE_BOUND('',#2164,.T.);
#2318=FACE_BOUND('',#2165,.T.);
#2319=FACE_BOUND('',#2166,.T.);
#2320=FACE_BOUND('',#2167,.T.);
#2321=FACE_BOUND('',#2168,.T.);
#2322=FACE_BOUND('',#2169,.T.);
#2323=FACE_BOUND('',#2170,.T.);
#2324=FACE_BOUND('',#2171,.T.);
#2325=FACE_BOUND('',#2172,.T.);
#2326=FACE_BOUND('',#2173,.T.);
#2327=FACE_BOUND('',#2174,.T.);
#2328=FACE_BOUND('',#2175,.T.);
#2329=FACE_BOUND('',#2176,.T.);
#2330=FACE_BOUND('',#2177,.T.);
#2331=FACE_BOUND('',#2178,.T.);
#2332=FACE_BOUND('',#2179,.T.);
#2333=FACE_BOUND('',#2180,.T.);
#2334=FACE_BOUND('',#2181,.T.);
#2335=FACE_BOUND('',#2182,.T.);
#2336=FACE_BOUND('',#2183,.T.);
#2337=FACE_BOUND('',#2184,.T.);
#2338=FACE_BOUND('',#2185,.T.);
#2339=FACE_BOUND('',#2186,.T.);
#2340=FACE_BOUND('',#2187,.T.);
#2341=FACE_BOUND('',#2188,.T.);
#2342=FACE_BOUND('',#2189,.T.);
#2343=FACE_BOUND('',#2190,.T.);
#2344=FACE_BOUND('',#2191,.T.);
#2345=FACE_BOUND('',#2192,.T.);
#2346=FACE_BOUND('',#2193,.T.);
#2347=FACE_BOUND('',#2194,.T.);
#2348=FACE_BOUND('',#2195,.T.);
#2349=FACE_BOUND('',#2196,.T.);
#2350=FACE_BOUND('',#2197,.T.);
#2351=FACE_BOUND('',#2198,.T.);
#2352=FACE_BOUND('',#2199,.T.);
#2353=FACE_BOUND('',#2200,.T.);
#2354=FACE_BOUND('',#2201,.T.);
#2355=FACE_BOUND('',#2202,.T.);
#2356=FACE_BOUND('',#2203,.T.);
#2357=FACE_BOUND('',#2204,.T.);
#2358=FACE_BOUND('',#2205,.T.);
#2359=FACE_BOUND('',#2206,.T.);
#2360=FACE_BOUND('',#2207,.T.);
#2361=FACE_BOUND('',#2208,.T.);
#2362=FACE_BOUND('',#2209,.T.);
#2363=FACE_BOUND('',#2210,.T.);
#2364=FACE_BOUND('',#2211,.T.);
#2365=FACE_BOUND('',#2212,.T.);
#2366=FACE_BOUND('',#2213,.T.);
#2367=FACE_BOUND('',#2214,.T.);
#2368=FACE_BOUND('',#2215,.T.);
#2369=FACE_BOUND('',#2216,.T.);
#2370=FACE_BOUND('',#2217,.T.);
#2371=FACE_BOUND('',#2218,.T.);
#2372=FACE_BOUND('',#2219,.T.);
#2373=FACE_BOUND('',#2220,.T.);
#2374=FACE_BOUND('',#2221,.T.);
#2375=FACE_BOUND('',#2222,.T.);
#2376=FACE_BOUND('',#2223,.T.);
#2377=FACE_BOUND('',#2224,.T.);
#2378=FACE_BOUND('',#2225,.T.);
#2379=FACE_BOUND('',#2226,.T.);
#2380=FACE_BOUND('',#2227,.T.);
#2381=FACE_BOUND('',#2228,.T.);
#2382=FACE_BOUND('',#2229,.T.);
#2383=FACE_BOUND('',#2230,.T.);
#2384=FACE_BOUND('',#2231,.T.);
#2385=FACE_BOUND('',#2232,.T.);
#2386=FACE_BOUND('',#2233,.T.);
#2387=FACE_BOUND('',#2234,.T.);
#2388=FACE_BOUND('',#2235,.T.);
#2389=FACE_BOUND('',#2236,.T.);
#2390=FACE_BOUND('',#2237,.T.);
#2391=FACE_BOUND('',#2238,.T.);
#2392=FACE_BOUND('',#2239,.T.);
#2393=FACE_BOUND('',#2240,.T.);
#2394=FACE_BOUND('',#2241,.T.);
#2395=FACE_BOUND('',#2242,.T.);
#2396=FACE_BOUND('',#2243,.T.);
#2397=FACE_BOUND('',#2244,.T.);
#2398=FACE_BOUND('',#2245,.T.);
#2399=FACE_BOUND('',#2246,.T.);
#2400=FACE_BOUND('',#2247,.T.);
#2401=FACE_BOUND('',#2248,.T.);
#2402=FACE_BOUND('',#2249,.T.);
#2403=FACE_BOUND('',#2250,.T.);
#2404=FACE_BOUND('',#2251,.T.);
#2405=FACE_BOUND('',#2252,.T.);
#2406=FACE_BOUND('',#2253,.T.);
#2407=FACE_BOUND('',#2254,.T.);
#2408=FACE_BOUND('',#2255,.T.);
#2409=FACE_BOUND('',#2256,.T.);
#2410=FACE_BOUND('',#2257,.T.);
#2411=PLANE('',#2678);
#2412=PLANE('',#2679);
#2413=PLANE('',#2681);
#2414=PLANE('',#2682);
#2415=PLANE('',#2683);
#2416=PLANE('',#2684);
#2417=PLANE('',#2685);
#2418=PLANE('',#2686);
#2419=PLANE('',#2687);
#2420=PLANE('',#2688);
#2421=PLANE('',#2689);
#2422=PLANE('',#2690);
#2423=PLANE('',#2691);
#2424=PLANE('',#2692);
#2425=PLANE('',#2693);
#2426=PLANE('',#2694);
#2427=PLANE('',#2695);
#2428=PLANE('',#2696);
#2429=PLANE('',#2697);
#2430=PLANE('',#2698);
#2431=PLANE('',#2699);
#2432=PLANE('',#2700);
#2433=PLANE('',#2701);
#2434=PLANE('',#2702);
#2435=PLANE('',#2703);
#2436=PLANE('',#2704);
#2437=PLANE('',#2705);
#2438=PLANE('',#2706);
#2439=PLANE('',#2707);
#2440=PLANE('',#2708);
#2441=PLANE('',#2709);
#2442=PLANE('',#2710);
#2443=PLANE('',#2711);
#2444=PLANE('',#2712);
#2445=PLANE('',#2713);
#2446=PLANE('',#2716);
#2447=PLANE('',#2717);
#2448=PLANE('',#2718);
#2449=PLANE('',#2723);
#2450=PLANE('',#2724);
#2451=PLANE('',#2725);
#2452=PLANE('',#2726);
#2453=PLANE('',#2771);
#2454=PLANE('',#2772);
#2455=PLANE('',#2773);
#2456=PLANE('',#2774);
#2457=PLANE('',#2775);
#2458=PLANE('',#2776);
#2459=PLANE('',#2777);
#2460=PLANE('',#2778);
#2461=PLANE('',#2779);
#2462=PLANE('',#2780);
#2463=PLANE('',#2781);
#2464=PLANE('',#2782);
#2465=PLANE('',#2783);
#2466=PLANE('',#2784);
#2467=PLANE('',#2785);
#2468=PLANE('',#2786);
#2469=PLANE('',#2787);
#2470=PLANE('',#2788);
#2471=PLANE('',#2789);
#2472=PLANE('',#2790);
#2473=PLANE('',#2791);
#2474=PLANE('',#2792);
#2475=PLANE('',#2793);
#2476=PLANE('',#2794);
#2477=PLANE('',#2795);
#2478=PLANE('',#2796);
#2479=PLANE('',#2797);
#2480=PLANE('',#2798);
#2481=PLANE('',#2799);
#2482=PLANE('',#2800);
#2483=PLANE('',#2801);
#2484=PLANE('',#2802);
#2485=PLANE('',#2803);
#2486=PLANE('',#2804);
#2487=PLANE('',#2805);
#2488=PLANE('',#2806);
#2489=PLANE('',#2807);
#2490=PLANE('',#2808);
#2491=PLANE('',#2809);
#2492=PLANE('',#2810);
#2493=PLANE('',#2811);
#2494=PLANE('',#2812);
#2495=PLANE('',#2813);
#2496=PLANE('',#2814);
#2497=PLANE('',#2815);
#2498=PLANE('',#2816);
#2499=PLANE('',#2817);
#2500=PLANE('',#2818);
#2501=PLANE('',#2819);
#2502=PLANE('',#2820);
#2503=PLANE('',#2821);
#2504=PLANE('',#2822);
#2505=PLANE('',#2823);
#2506=PLANE('',#2824);
#2507=PLANE('',#2825);
#2508=PLANE('',#2826);
#2509=PLANE('',#2827);
#2510=PLANE('',#2828);
#2511=PLANE('',#2829);
#2512=PLANE('',#2830);
#2513=PLANE('',#2831);
#2514=PLANE('',#2832);
#2515=PLANE('',#2833);
#2516=PLANE('',#2834);
#2517=PLANE('',#2835);
#2518=PLANE('',#2836);
#2519=PLANE('',#2837);
#2520=PLANE('',#2838);
#2521=PLANE('',#2839);
#2522=PLANE('',#2840);
#2523=PLANE('',#2841);
#2524=PLANE('',#2842);
#2525=ADVANCED_FACE('',(#2258),#2411,.F.);
#2526=ADVANCED_FACE('',(#2259,#2260,#2261,#2262),#2412,.F.);
#2527=ADVANCED_FACE('',(#2263),#2413,.T.);
#2528=ADVANCED_FACE('',(#2264),#2414,.T.);
#2529=ADVANCED_FACE('',(#2265),#2415,.F.);
#2530=ADVANCED_FACE('',(#2266),#2416,.F.);
#2531=ADVANCED_FACE('',(#2267),#2417,.F.);
#2532=ADVANCED_FACE('',(#2268),#2418,.F.);
#2533=ADVANCED_FACE('',(#2269),#2419,.T.);
#2534=ADVANCED_FACE('',(#2270),#2420,.T.);
#2535=ADVANCED_FACE('',(#2271),#2421,.T.);
#2536=ADVANCED_FACE('',(#2272),#2422,.T.);
#2537=ADVANCED_FACE('',(#2273),#2423,.F.);
#2538=ADVANCED_FACE('',(#2274),#2424,.T.);
#2539=ADVANCED_FACE('',(#2275),#2425,.F.);
#2540=ADVANCED_FACE('',(#2276),#2426,.T.);
#2541=ADVANCED_FACE('',(#2277),#2427,.T.);
#2542=ADVANCED_FACE('',(#2278),#2428,.T.);
#2543=ADVANCED_FACE('',(#2279),#2429,.T.);
#2544=ADVANCED_FACE('',(#2280),#2430,.F.);
#2545=ADVANCED_FACE('',(#2281),#2431,.F.);
#2546=ADVANCED_FACE('',(#2282),#2432,.F.);
#2547=ADVANCED_FACE('',(#2283),#2433,.F.);
#2548=ADVANCED_FACE('',(#2284),#2434,.F.);
#2549=ADVANCED_FACE('',(#2285),#2435,.T.);
#2550=ADVANCED_FACE('',(#2286),#2436,.F.);
#2551=ADVANCED_FACE('',(#2287),#2437,.F.);
#2552=ADVANCED_FACE('',(#2288),#2438,.F.);
#2553=ADVANCED_FACE('',(#2289),#2439,.T.);
#2554=ADVANCED_FACE('',(#2290),#2440,.F.);
#2555=ADVANCED_FACE('',(#2291),#2441,.F.);
#2556=ADVANCED_FACE('',(#2292),#2442,.F.);
#2557=ADVANCED_FACE('',(#2293),#2443,.T.);
#2558=ADVANCED_FACE('',(#2294),#2444,.F.);
#2559=ADVANCED_FACE('',(#2295),#2445,.F.);
#2560=ADVANCED_FACE('',(#2296,#2297),#25,.F.);
#2561=ADVANCED_FACE('',(#2298),#2446,.F.);
#2562=ADVANCED_FACE('',(#2299),#2447,.T.);
#2563=ADVANCED_FACE('',(#2300,#2301,#2302,#2303),#2448,.T.);
#2564=ADVANCED_FACE('',(#2304),#20,.F.);
#2565=ADVANCED_FACE('',(#2305),#2449,.F.);
#2566=ADVANCED_FACE('',(#2306),#21,.F.);
#2567=ADVANCED_FACE('',(#2307),#2450,.F.);
#2568=ADVANCED_FACE('',(#2308),#22,.T.);
#2569=ADVANCED_FACE('',(#2309),#23,.T.);
#2570=ADVANCED_FACE('',(#2310),#2451,.T.);
#2571=ADVANCED_FACE('',(#2311,#2312),#2452,.T.);
#2572=ADVANCED_FACE('',(#2313),#26,.T.);
#2573=ADVANCED_FACE('',(#2314),#16,.T.);
#2574=ADVANCED_FACE('',(#2315),#27,.T.);
#2575=ADVANCED_FACE('',(#2316),#28,.T.);
#2576=ADVANCED_FACE('',(#2317),#29,.T.);
#2577=ADVANCED_FACE('',(#2318),#30,.T.);
#2578=ADVANCED_FACE('',(#2319),#17,.T.);
#2579=ADVANCED_FACE('',(#2320),#18,.T.);
#2580=ADVANCED_FACE('',(#2321),#31,.T.);
#2581=ADVANCED_FACE('',(#2322),#32,.T.);
#2582=ADVANCED_FACE('',(#2323),#19,.T.);
#2583=ADVANCED_FACE('',(#2324),#33,.T.);
#2584=ADVANCED_FACE('',(#2325),#12,.T.);
#2585=ADVANCED_FACE('',(#2326),#34,.T.);
#2586=ADVANCED_FACE('',(#2327),#35,.T.);
#2587=ADVANCED_FACE('',(#2328),#13,.T.);
#2588=ADVANCED_FACE('',(#2329),#14,.T.);
#2589=ADVANCED_FACE('',(#2330),#36,.T.);
#2590=ADVANCED_FACE('',(#2331),#37,.T.);
#2591=ADVANCED_FACE('',(#2332),#15,.T.);
#2592=ADVANCED_FACE('',(#2333),#2453,.T.);
#2593=ADVANCED_FACE('',(#2334),#2454,.F.);
#2594=ADVANCED_FACE('',(#2335),#2455,.T.);
#2595=ADVANCED_FACE('',(#2336),#2456,.T.);
#2596=ADVANCED_FACE('',(#2337),#2457,.T.);
#2597=ADVANCED_FACE('',(#2338),#2458,.F.);
#2598=ADVANCED_FACE('',(#2339),#2459,.T.);
#2599=ADVANCED_FACE('',(#2340),#2460,.T.);
#2600=ADVANCED_FACE('',(#2341),#2461,.T.);
#2601=ADVANCED_FACE('',(#2342),#2462,.F.);
#2602=ADVANCED_FACE('',(#2343),#2463,.T.);
#2603=ADVANCED_FACE('',(#2344),#2464,.T.);
#2604=ADVANCED_FACE('',(#2345),#2465,.T.);
#2605=ADVANCED_FACE('',(#2346),#2466,.F.);
#2606=ADVANCED_FACE('',(#2347),#2467,.T.);
#2607=ADVANCED_FACE('',(#2348),#2468,.T.);
#2608=ADVANCED_FACE('',(#2349),#2469,.T.);
#2609=ADVANCED_FACE('',(#2350),#2470,.F.);
#2610=ADVANCED_FACE('',(#2351),#2471,.T.);
#2611=ADVANCED_FACE('',(#2352),#2472,.T.);
#2612=ADVANCED_FACE('',(#2353),#2473,.T.);
#2613=ADVANCED_FACE('',(#2354),#2474,.F.);
#2614=ADVANCED_FACE('',(#2355),#2475,.T.);
#2615=ADVANCED_FACE('',(#2356),#2476,.T.);
#2616=ADVANCED_FACE('',(#2357),#2477,.T.);
#2617=ADVANCED_FACE('',(#2358),#2478,.F.);
#2618=ADVANCED_FACE('',(#2359),#2479,.T.);
#2619=ADVANCED_FACE('',(#2360),#2480,.T.);
#2620=ADVANCED_FACE('',(#2361),#2481,.T.);
#2621=ADVANCED_FACE('',(#2362),#2482,.F.);
#2622=ADVANCED_FACE('',(#2363),#2483,.T.);
#2623=ADVANCED_FACE('',(#2364),#2484,.T.);
#2624=ADVANCED_FACE('',(#2365),#2485,.T.);
#2625=ADVANCED_FACE('',(#2366),#2486,.F.);
#2626=ADVANCED_FACE('',(#2367),#2487,.T.);
#2627=ADVANCED_FACE('',(#2368),#2488,.T.);
#2628=ADVANCED_FACE('',(#2369),#2489,.T.);
#2629=ADVANCED_FACE('',(#2370),#2490,.T.);
#2630=ADVANCED_FACE('',(#2371),#2491,.F.);
#2631=ADVANCED_FACE('',(#2372),#2492,.F.);
#2632=ADVANCED_FACE('',(#2373),#2493,.T.);
#2633=ADVANCED_FACE('',(#2374),#2494,.F.);
#2634=ADVANCED_FACE('',(#2375),#2495,.T.);
#2635=ADVANCED_FACE('',(#2376),#2496,.T.);
#2636=ADVANCED_FACE('',(#2377),#2497,.T.);
#2637=ADVANCED_FACE('',(#2378),#2498,.F.);
#2638=ADVANCED_FACE('',(#2379),#2499,.T.);
#2639=ADVANCED_FACE('',(#2380),#2500,.T.);
#2640=ADVANCED_FACE('',(#2381),#2501,.F.);
#2641=ADVANCED_FACE('',(#2382),#2502,.T.);
#2642=ADVANCED_FACE('',(#2383),#2503,.F.);
#2643=ADVANCED_FACE('',(#2384),#2504,.T.);
#2644=ADVANCED_FACE('',(#2385),#2505,.F.);
#2645=ADVANCED_FACE('',(#2386),#24,.T.);
#2646=ADVANCED_FACE('',(#2387),#2506,.T.);
#2647=ADVANCED_FACE('',(#2388),#2507,.F.);
#2648=ADVANCED_FACE('',(#2389),#2508,.F.);
#2649=ADVANCED_FACE('',(#2390),#2509,.F.);
#2650=ADVANCED_FACE('',(#2391),#2510,.F.);
#2651=ADVANCED_FACE('',(#2392),#2511,.F.);
#2652=ADVANCED_FACE('',(#2393),#2512,.F.);
#2653=ADVANCED_FACE('',(#2394),#2513,.F.);
#2654=ADVANCED_FACE('',(#2395),#2514,.F.);
#2655=ADVANCED_FACE('',(#2396),#2515,.T.);
#2656=ADVANCED_FACE('',(#2397),#2516,.T.);
#2657=ADVANCED_FACE('',(#2398),#2517,.T.);
#2658=ADVANCED_FACE('',(#2399),#2518,.T.);
#2659=ADVANCED_FACE('',(#2400),#2519,.T.);
#2660=ADVANCED_FACE('',(#2401,#2402,#2403,#2404,#2405,#2406),#2520,.T.);
#2661=ADVANCED_FACE('',(#2407),#2521,.F.);
#2662=ADVANCED_FACE('',(#2408),#2522,.F.);
#2663=ADVANCED_FACE('',(#2409),#2523,.F.);
#2664=ADVANCED_FACE('',(#2410),#2524,.F.);
#2665=CLOSED_SHELL('',(#2525,#2526,#2527,#2528,#2529,#2530,#2531,#2532,#2533,#2534,#2535,#2536,#2537,#2538,#2539,#2540,#2541,#2542,#2543,#2544,#2545,#2546,#2547,#2548,#2549,#2550,#2551,#2552,#2553,#2554,#2555,#2556,#2557,#2558,#2559,#2560,#2561,#2562,#2563,#2564,#2565,#2566,#2567,#2568,#2569,#2570,#2571,#2572,#2573,#2574,#2575,#2576,#2577,#2578,#2579,#2580,#2581,#2582,#2583,#2584,#2585,#2586,#2587,#2588,#2589,#2590,#2591,#2592,#2593,#2594,#2595,#2596,#2597,#2598,#2599,#2600,#2601,#2602,#2603,#2604,#2605,#2606,#2607,#2608,#2609,#2610,#2611,#2612,#2613,#2614,#2615,#2616,#2617,#2618,#2619,#2620,#2621,#2622,#2623,#2624,#2625,#2626,#2627,#2628,#2629,#2630,#2631,#2632,#2633,#2634,#2635,#2636,#2637,#2638,#2639,#2640,#2641,#2642,#2643,#2644,#2645,#2646,#2647,#2648,#2649,#2650,#2651,#2652,#2653,#2654,#2655,#2656,#2657,#2658,#2659,#2660,#2661,#2662,#2663,#2664));
#2666=STYLED_ITEM('',(#2667),#2674);
#2667=PRESENTATION_STYLE_ASSIGNMENT((#2668));
#2668=SURFACE_STYLE_USAGE(.BOTH.,#2669);
#2669=SURFACE_SIDE_STYLE('',(#2670));
#2670=SURFACE_STYLE_FILL_AREA(#2671);
#2671=FILL_AREA_STYLE('',(#2672));
#2672=FILL_AREA_STYLE_COLOUR('',#2673);
#2673=COLOUR_RGB('',0.231372549019608,0.380392156862745,0.705882352941177);
#2674=MANIFOLD_SOLID_BREP('Top Housing',#2665);
#2675=SHAPE_DEFINITION_REPRESENTATION(#4325,#2676);
#2676=SHAPE_REPRESENTATION('Top Housing',(#2677),#4320);
#2677=AXIS2_PLACEMENT_3D('',#3508,#2843,#2844);
#2678=AXIS2_PLACEMENT_3D('',#3509,#2845,#2846);
#2679=AXIS2_PLACEMENT_3D('',#3518,#2849,#2850);
#2680=AXIS2_PLACEMENT_3D('',#3563,#2865,#2866);
#2681=AXIS2_PLACEMENT_3D('',#3573,#2871,#2872);
#2682=AXIS2_PLACEMENT_3D('',#3587,#2880,#2881);
#2683=AXIS2_PLACEMENT_3D('',#3596,#2886,#2887);
#2684=AXIS2_PLACEMENT_3D('',#3605,#2892,#2893);
#2685=AXIS2_PLACEMENT_3D('',#3614,#2898,#2899);
#2686=AXIS2_PLACEMENT_3D('',#3620,#2903,#2904);
#2687=AXIS2_PLACEMENT_3D('',#3624,#2907,#2908);
#2688=AXIS2_PLACEMENT_3D('',#3628,#2911,#2912);
#2689=AXIS2_PLACEMENT_3D('',#3638,#2918,#2919);
#2690=AXIS2_PLACEMENT_3D('',#3644,#2923,#2924);
#2691=AXIS2_PLACEMENT_3D('',#3650,#2928,#2929);
#2692=AXIS2_PLACEMENT_3D('',#3658,#2934,#2935);
#2693=AXIS2_PLACEMENT_3D('',#3664,#2939,#2940);
#2694=AXIS2_PLACEMENT_3D('',#3672,#2945,#2946);
#2695=AXIS2_PLACEMENT_3D('',#3678,#2950,#2951);
#2696=AXIS2_PLACEMENT_3D('',#3684,#2955,#2956);
#2697=AXIS2_PLACEMENT_3D('',#3690,#2960,#2961);
#2698=AXIS2_PLACEMENT_3D('',#3696,#2965,#2966);
#2699=AXIS2_PLACEMENT_3D('',#3702,#2970,#2971);
#2700=AXIS2_PLACEMENT_3D('',#3708,#2975,#2976);
#2701=AXIS2_PLACEMENT_3D('',#3714,#2980,#2981);
#2702=AXIS2_PLACEMENT_3D('',#3720,#2985,#2986);
#2703=AXIS2_PLACEMENT_3D('',#3726,#2990,#2991);
#2704=AXIS2_PLACEMENT_3D('',#3732,#2995,#2996);
#2705=AXIS2_PLACEMENT_3D('',#3738,#3000,#3001);
#2706=AXIS2_PLACEMENT_3D('',#3744,#3005,#3006);
#2707=AXIS2_PLACEMENT_3D('',#3750,#3010,#3011);
#2708=AXIS2_PLACEMENT_3D('',#3756,#3015,#3016);
#2709=AXIS2_PLACEMENT_3D('',#3762,#3020,#3021);
#2710=AXIS2_PLACEMENT_3D('',#3768,#3025,#3026);
#2711=AXIS2_PLACEMENT_3D('',#3774,#3030,#3031);
#2712=AXIS2_PLACEMENT_3D('',#3780,#3035,#3036);
#2713=AXIS2_PLACEMENT_3D('',#3786,#3040,#3041);
#2714=AXIS2_PLACEMENT_3D('',#3788,#3043,#3044);
#2715=AXIS2_PLACEMENT_3D('',#3789,#3045,#3046);
#2716=AXIS2_PLACEMENT_3D('',#3791,#3047,#3048);
#2717=AXIS2_PLACEMENT_3D('',#3796,#3052,#3053);
#2718=AXIS2_PLACEMENT_3D('',#3805,#3058,#3059);
#2719=AXIS2_PLACEMENT_3D('',#3809,#3061,#3062);
#2720=AXIS2_PLACEMENT_3D('',#3813,#3064,#3065);
#2721=AXIS2_PLACEMENT_3D('',#3817,#3067,#3068);
#2722=AXIS2_PLACEMENT_3D('',#3821,#3070,#3071);
#2723=AXIS2_PLACEMENT_3D('',#3837,#3074,#3075);
#2724=AXIS2_PLACEMENT_3D('',#3926,#3115,#3116);
#2725=AXIS2_PLACEMENT_3D('',#3954,#3120,#3121);
#2726=AXIS2_PLACEMENT_3D('',#3956,#3123,#3124);
#2727=AXIS2_PLACEMENT_3D('',#4011,#3157,#3158);
#2728=AXIS2_PLACEMENT_3D('',#4012,#3159,#3160);
#2729=AXIS2_PLACEMENT_3D('',#4013,#3161,#3162);
#2730=AXIS2_PLACEMENT_3D('',#4014,#3163,#3164);
#2731=AXIS2_PLACEMENT_3D('',#4015,#3165,#3166);
#2732=AXIS2_PLACEMENT_3D('',#4016,#3167,#3168);
#2733=AXIS2_PLACEMENT_3D('',#4017,#3169,#3170);
#2734=AXIS2_PLACEMENT_3D('',#4018,#3171,#3172);
#2735=AXIS2_PLACEMENT_3D('',#4019,#3173,#3174);
#2736=AXIS2_PLACEMENT_3D('',#4020,#3175,#3176);
#2737=AXIS2_PLACEMENT_3D('',#4021,#3177,#3178);
#2738=AXIS2_PLACEMENT_3D('',#4022,#3179,#3180);
#2739=AXIS2_PLACEMENT_3D('',#4023,#3181,#3182);
#2740=AXIS2_PLACEMENT_3D('',#4024,#3183,#3184);
#2741=AXIS2_PLACEMENT_3D('',#4025,#3185,#3186);
#2742=AXIS2_PLACEMENT_3D('',#4026,#3187,#3188);
#2743=AXIS2_PLACEMENT_3D('',#4027,#3189,#3190);
#2744=AXIS2_PLACEMENT_3D('',#4028,#3191,#3192);
#2745=AXIS2_PLACEMENT_3D('',#4029,#3193,#3194);
#2746=AXIS2_PLACEMENT_3D('',#4030,#3195,#3196);
#2747=AXIS2_PLACEMENT_3D('',#4031,#3197,#3198);
#2748=AXIS2_PLACEMENT_3D('',#4032,#3199,#3200);
#2749=AXIS2_PLACEMENT_3D('',#4033,#3201,#3202);
#2750=AXIS2_PLACEMENT_3D('',#4034,#3203,#3204);
#2751=AXIS2_PLACEMENT_3D('',#4035,#3205,#3206);
#2752=AXIS2_PLACEMENT_3D('',#4036,#3207,#3208);
#2753=AXIS2_PLACEMENT_3D('',#4037,#3209,#3210);
#2754=AXIS2_PLACEMENT_3D('',#4038,#3211,#3212);
#2755=AXIS2_PLACEMENT_3D('',#4039,#3213,#3214);
#2756=AXIS2_PLACEMENT_3D('',#4040,#3215,#3216);
#2757=AXIS2_PLACEMENT_3D('',#4041,#3217,#3218);
#2758=AXIS2_PLACEMENT_3D('',#4042,#3219,#3220);
#2759=AXIS2_PLACEMENT_3D('',#4043,#3221,#3222);
#2760=AXIS2_PLACEMENT_3D('',#4044,#3223,#3224);
#2761=AXIS2_PLACEMENT_3D('',#4045,#3225,#3226);
#2762=AXIS2_PLACEMENT_3D('',#4046,#3227,#3228);
#2763=AXIS2_PLACEMENT_3D('',#4047,#3229,#3230);
#2764=AXIS2_PLACEMENT_3D('',#4048,#3231,#3232);
#2765=AXIS2_PLACEMENT_3D('',#4049,#3233,#3234);
#2766=AXIS2_PLACEMENT_3D('',#4050,#3235,#3236);
#2767=AXIS2_PLACEMENT_3D('',#4051,#3237,#3238);
#2768=AXIS2_PLACEMENT_3D('',#4052,#3239,#3240);
#2769=AXIS2_PLACEMENT_3D('',#4053,#3241,#3242);
#2770=AXIS2_PLACEMENT_3D('',#4054,#3243,#3244);
#2771=AXIS2_PLACEMENT_3D('',#4055,#3245,#3246);
#2772=AXIS2_PLACEMENT_3D('',#4061,#3250,#3251);
#2773=AXIS2_PLACEMENT_3D('',#4063,#3253,#3254);
#2774=AXIS2_PLACEMENT_3D('',#4065,#3256,#3257);
#2775=AXIS2_PLACEMENT_3D('',#4066,#3258,#3259);
#2776=AXIS2_PLACEMENT_3D('',#4072,#3263,#3264);
#2777=AXIS2_PLACEMENT_3D('',#4074,#3266,#3267);
#2778=AXIS2_PLACEMENT_3D('',#4076,#3269,#3270);
#2779=AXIS2_PLACEMENT_3D('',#4077,#3271,#3272);
#2780=AXIS2_PLACEMENT_3D('',#4083,#3276,#3277);
#2781=AXIS2_PLACEMENT_3D('',#4085,#3279,#3280);
#2782=AXIS2_PLACEMENT_3D('',#4087,#3282,#3283);
#2783=AXIS2_PLACEMENT_3D('',#4088,#3284,#3285);
#2784=AXIS2_PLACEMENT_3D('',#4094,#3289,#3290);
#2785=AXIS2_PLACEMENT_3D('',#4096,#3292,#3293);
#2786=AXIS2_PLACEMENT_3D('',#4098,#3295,#3296);
#2787=AXIS2_PLACEMENT_3D('',#4099,#3297,#3298);
#2788=AXIS2_PLACEMENT_3D('',#4105,#3302,#3303);
#2789=AXIS2_PLACEMENT_3D('',#4107,#3305,#3306);
#2790=AXIS2_PLACEMENT_3D('',#4109,#3308,#3309);
#2791=AXIS2_PLACEMENT_3D('',#4110,#3310,#3311);
#2792=AXIS2_PLACEMENT_3D('',#4116,#3315,#3316);
#2793=AXIS2_PLACEMENT_3D('',#4118,#3318,#3319);
#2794=AXIS2_PLACEMENT_3D('',#4120,#3321,#3322);
#2795=AXIS2_PLACEMENT_3D('',#4121,#3323,#3324);
#2796=AXIS2_PLACEMENT_3D('',#4127,#3328,#3329);
#2797=AXIS2_PLACEMENT_3D('',#4129,#3331,#3332);
#2798=AXIS2_PLACEMENT_3D('',#4131,#3334,#3335);
#2799=AXIS2_PLACEMENT_3D('',#4132,#3336,#3337);
#2800=AXIS2_PLACEMENT_3D('',#4138,#3341,#3342);
#2801=AXIS2_PLACEMENT_3D('',#4140,#3344,#3345);
#2802=AXIS2_PLACEMENT_3D('',#4142,#3347,#3348);
#2803=AXIS2_PLACEMENT_3D('',#4143,#3349,#3350);
#2804=AXIS2_PLACEMENT_3D('',#4149,#3354,#3355);
#2805=AXIS2_PLACEMENT_3D('',#4151,#3357,#3358);
#2806=AXIS2_PLACEMENT_3D('',#4153,#3360,#3361);
#2807=AXIS2_PLACEMENT_3D('',#4154,#3362,#3363);
#2808=AXIS2_PLACEMENT_3D('',#4158,#3366,#3367);
#2809=AXIS2_PLACEMENT_3D('',#4162,#3370,#3371);
#2810=AXIS2_PLACEMENT_3D('',#4164,#3373,#3374);
#2811=AXIS2_PLACEMENT_3D('',#4165,#3375,#3376);
#2812=AXIS2_PLACEMENT_3D('',#4174,#3381,#3382);
#2813=AXIS2_PLACEMENT_3D('',#4180,#3386,#3387);
#2814=AXIS2_PLACEMENT_3D('',#4186,#3391,#3392);
#2815=AXIS2_PLACEMENT_3D('',#4195,#3397,#3398);
#2816=AXIS2_PLACEMENT_3D('',#4201,#3402,#3403);
#2817=AXIS2_PLACEMENT_3D('',#4207,#3407,#3408);
#2818=AXIS2_PLACEMENT_3D('',#4216,#3413,#3414);
#2819=AXIS2_PLACEMENT_3D('',#4222,#3418,#3419);
#2820=AXIS2_PLACEMENT_3D('',#4228,#3423,#3424);
#2821=AXIS2_PLACEMENT_3D('',#4237,#3429,#3430);
#2822=AXIS2_PLACEMENT_3D('',#4243,#3434,#3435);
#2823=AXIS2_PLACEMENT_3D('',#4249,#3439,#3440);
#2824=AXIS2_PLACEMENT_3D('',#4262,#3442,#3443);
#2825=AXIS2_PLACEMENT_3D('',#4268,#3447,#3448);
#2826=AXIS2_PLACEMENT_3D('',#4272,#3451,#3452);
#2827=AXIS2_PLACEMENT_3D('',#4276,#3455,#3456);
#2828=AXIS2_PLACEMENT_3D('',#4280,#3459,#3460);
#2829=AXIS2_PLACEMENT_3D('',#4284,#3463,#3464);
#2830=AXIS2_PLACEMENT_3D('',#4288,#3467,#3468);
#2831=AXIS2_PLACEMENT_3D('',#4292,#3471,#3472);
#2832=AXIS2_PLACEMENT_3D('',#4296,#3475,#3476);
#2833=AXIS2_PLACEMENT_3D('',#4300,#3479,#3480);
#2834=AXIS2_PLACEMENT_3D('',#4303,#3483,#3484);
#2835=AXIS2_PLACEMENT_3D('',#4306,#3487,#3488);
#2836=AXIS2_PLACEMENT_3D('',#4309,#3491,#3492);
#2837=AXIS2_PLACEMENT_3D('',#4311,#3494,#3495);
#2838=AXIS2_PLACEMENT_3D('',#4314,#3498,#3499);
#2839=AXIS2_PLACEMENT_3D('',#4315,#3500,#3501);
#2840=AXIS2_PLACEMENT_3D('',#4316,#3502,#3503);
#2841=AXIS2_PLACEMENT_3D('',#4317,#3504,#3505);
#2842=AXIS2_PLACEMENT_3D('',#4318,#3506,#3507);
#2843=DIRECTION('',(0.,0.,1.));
#2844=DIRECTION('',(1.,0.,0.));
#2845=DIRECTION('',(0.,0.,1.));
#2846=DIRECTION('',(1.,0.,0.));
#2847=DIRECTION('',(0.,-1.,0.));
#2848=DIRECTION('',(-1.,0.,0.));
#2849=DIRECTION('',(0.,0.,1.));
#2850=DIRECTION('',(1.,0.,0.));
#2851=DIRECTION('',(0.,-1.,0.));
#2852=DIRECTION('',(-1.,0.,0.));
#2853=DIRECTION('',(0.,-1.,0.));
#2854=DIRECTION('',(-1.,0.,0.));
#2855=DIRECTION('',(0.,-1.,0.));
#2856=DIRECTION('',(1.,0.,0.));
#2857=DIRECTION('',(0.,-1.,0.));
#2858=DIRECTION('',(1.,0.,0.));
#2859=DIRECTION('',(0.,-1.,0.));
#2860=DIRECTION('',(1.,0.,0.));
#2861=DIRECTION('',(0.,1.,0.));
#2862=DIRECTION('',(1.,0.,0.));
#2863=DIRECTION('',(0.,1.,0.));
#2864=DIRECTION('',(1.,0.,0.));
#2865=DIRECTION('',(0.,0.,1.));
#2866=DIRECTION('',(1.,-5.91383003173911E-17,0.));
#2867=DIRECTION('',(1.,0.,0.));
#2868=DIRECTION('',(0.,1.,0.));
#2869=DIRECTION('',(1.,0.,0.));
#2870=DIRECTION('',(0.,-1.,0.));
#2871=DIRECTION('',(0.,-1.,0.));
#2872=DIRECTION('',(0.,0.,-1.));
#2873=DIRECTION('',(0.,0.,1.));
#2874=DIRECTION('',(1.,0.,0.));
#2875=DIRECTION('',(0.,0.,-1.));
#2876=DIRECTION('',(1.,0.,0.));
#2877=DIRECTION('',(0.,0.,1.));
#2878=DIRECTION('',(0.,0.,1.));
#2879=DIRECTION('',(1.,0.,0.));
#2880=DIRECTION('',(1.,0.,0.));
#2881=DIRECTION('',(0.,0.,-1.));
#2882=DIRECTION('',(0.,0.,-1.));
#2883=DIRECTION('',(0.,-1.,0.));
#2884=DIRECTION('',(0.,0.,-1.));
#2885=DIRECTION('',(0.,1.,0.));
#2886=DIRECTION('',(0.,-1.,0.));
#2887=DIRECTION('',(0.,0.,-1.));
#2888=DIRECTION('',(0.,0.,-1.));
#2889=DIRECTION('',(-1.,0.,0.));
#2890=DIRECTION('',(0.,0.,-1.));
#2891=DIRECTION('',(1.,0.,0.));
#2892=DIRECTION('',(1.,0.,0.));
#2893=DIRECTION('',(0.,0.,-1.));
#2894=DIRECTION('',(0.,0.,-1.));
#2895=DIRECTION('',(0.,-1.,0.));
#2896=DIRECTION('',(0.,0.,-1.));
#2897=DIRECTION('',(0.,1.,0.));
#2898=DIRECTION('',(0.,1.,0.));
#2899=DIRECTION('',(0.,0.,1.));
#2900=DIRECTION('',(0.,0.,-1.));
#2901=DIRECTION('',(1.,0.,0.));
#2902=DIRECTION('',(0.,0.,-1.));
#2903=DIRECTION('',(1.,0.,0.));
#2904=DIRECTION('',(0.,0.,-1.));
#2905=DIRECTION('',(0.,0.,-1.));
#2906=DIRECTION('',(0.,-1.,0.));
#2907=DIRECTION('',(0.,1.,0.));
#2908=DIRECTION('',(0.,0.,1.));
#2909=DIRECTION('',(0.,0.,-1.));
#2910=DIRECTION('',(1.,0.,0.));
#2911=DIRECTION('',(0.,-1.,0.));
#2912=DIRECTION('',(0.,0.,-1.));
#2913=DIRECTION('',(0.,0.,1.));
#2914=DIRECTION('',(-1.,1.58467459980753E-16,0.));
#2915=DIRECTION('',(0.,0.,-1.));
#2916=DIRECTION('',(-1.,0.,0.));
#2917=DIRECTION('',(0.,0.,-1.));
#2918=DIRECTION('',(-1.,0.,0.));
#2919=DIRECTION('',(0.,0.,1.));
#2920=DIRECTION('',(0.,1.,0.));
#2921=DIRECTION('',(0.,0.,-1.));
#2922=DIRECTION('',(0.,1.,0.));
#2923=DIRECTION('',(7.16272919112991E-14,-1.,0.));
#2924=DIRECTION('',(1.,7.16272919112991E-14,0.));
#2925=DIRECTION('',(-1.,0.,0.));
#2926=DIRECTION('',(0.,0.,-1.));
#2927=DIRECTION('',(-1.,-7.16272919112991E-14,0.));
#2928=DIRECTION('',(1.,0.,0.));
#2929=DIRECTION('',(0.,0.,-1.));
#2930=DIRECTION('',(0.,1.,0.));
#2931=DIRECTION('',(0.,0.,1.));
#2932=DIRECTION('',(0.,0.,-1.));
#2933=DIRECTION('',(0.,-1.,0.));
#2934=DIRECTION('',(0.,-1.,0.));
#2935=DIRECTION('',(0.,0.,-1.));
#2936=DIRECTION('',(-1.,0.,0.));
#2937=DIRECTION('',(0.,0.,-1.));
#2938=DIRECTION('',(-1.,0.,0.));
#2939=DIRECTION('',(1.,0.,0.));
#2940=DIRECTION('',(0.,0.,-1.));
#2941=DIRECTION('',(0.,0.,1.));
#2942=DIRECTION('',(0.,1.,0.));
#2943=DIRECTION('',(0.,0.,-1.));
#2944=DIRECTION('',(0.,-1.,0.));
#2945=DIRECTION('',(0.,1.,0.));
#2946=DIRECTION('',(0.,0.,1.));
#2947=DIRECTION('',(1.,0.,0.));
#2948=DIRECTION('',(0.,0.,-1.));
#2949=DIRECTION('',(1.,0.,0.));
#2950=DIRECTION('',(1.,0.,0.));
#2951=DIRECTION('',(0.,0.,-1.));
#2952=DIRECTION('',(0.,-1.,0.));
#2953=DIRECTION('',(0.,0.,-1.));
#2954=DIRECTION('',(0.,-1.,0.));
#2955=DIRECTION('',(0.,1.,0.));
#2956=DIRECTION('',(0.,0.,1.));
#2957=DIRECTION('',(1.,0.,0.));
#2958=DIRECTION('',(0.,0.,-1.));
#2959=DIRECTION('',(1.,0.,0.));
#2960=DIRECTION('',(-1.,0.,0.));
#2961=DIRECTION('',(0.,0.,1.));
#2962=DIRECTION('',(0.,1.,0.));
#2963=DIRECTION('',(0.,0.,-1.));
#2964=DIRECTION('',(0.,1.,0.));
#2965=DIRECTION('',(0.,-1.,0.));
#2966=DIRECTION('',(0.,0.,-1.));
#2967=DIRECTION('',(1.,0.,0.));
#2968=DIRECTION('',(0.,0.,-1.));
#2969=DIRECTION('',(-1.,0.,0.));
#2970=DIRECTION('',(-1.,0.,0.));
#2971=DIRECTION('',(0.,0.,1.));
#2972=DIRECTION('',(0.,-1.,0.));
#2973=DIRECTION('',(0.,0.,-1.));
#2974=DIRECTION('',(0.,1.,0.));
#2975=DIRECTION('',(0.,1.,0.));
#2976=DIRECTION('',(0.,0.,1.));
#2977=DIRECTION('',(-1.,0.,0.));
#2978=DIRECTION('',(0.,0.,-1.));
#2979=DIRECTION('',(1.,0.,0.));
#2980=DIRECTION('',(1.,-1.92747052886312E-16,0.));
#2981=DIRECTION('',(1.92747052886312E-16,1.,0.));
#2982=DIRECTION('',(1.98254111540211E-16,1.,0.));
#2983=DIRECTION('',(0.,0.,-1.));
#2984=DIRECTION('',(-1.92747052886312E-16,-1.,0.));
#2985=DIRECTION('',(-6.31382520828684E-16,1.,0.));
#2986=DIRECTION('',(-1.,-6.31382520828684E-16,0.));
#2987=DIRECTION('',(-1.,-1.15648231731787E-15,0.));
#2988=DIRECTION('',(0.,0.,-1.));
#2989=DIRECTION('',(1.,6.31382520828684E-16,0.));
#2990=DIRECTION('',(1.,-1.92747052886312E-16,0.));
#2991=DIRECTION('',(1.92747052886312E-16,1.,0.));
#2992=DIRECTION('',(-2.97381167310317E-16,-1.,0.));
#2993=DIRECTION('',(0.,0.,-1.));
#2994=DIRECTION('',(-1.92747052886312E-16,-1.,0.));
#2995=DIRECTION('',(0.,1.,0.));
#2996=DIRECTION('',(0.,0.,1.));
#2997=DIRECTION('',(-1.,9.23339175503291E-17,0.));
#2998=DIRECTION('',(0.,0.,-1.));
#2999=DIRECTION('',(1.,0.,0.));
#3000=DIRECTION('',(1.,0.,0.));
#3001=DIRECTION('',(0.,0.,-1.));
#3002=DIRECTION('',(0.,-1.,0.));
#3003=DIRECTION('',(0.,0.,-1.));
#3004=DIRECTION('',(0.,-1.,0.));
#3005=DIRECTION('',(0.,1.,0.));
#3006=DIRECTION('',(0.,0.,1.));
#3007=DIRECTION('',(-1.,0.,0.));
#3008=DIRECTION('',(0.,0.,-1.));
#3009=DIRECTION('',(1.,0.,0.));
#3010=DIRECTION('',(1.,0.,0.));
#3011=DIRECTION('',(0.,0.,-1.));
#3012=DIRECTION('',(0.,-1.,0.));
#3013=DIRECTION('',(0.,0.,-1.));
#3014=DIRECTION('',(0.,-1.,0.));
#3015=DIRECTION('',(0.,1.,0.));
#3016=DIRECTION('',(0.,0.,1.));
#3017=DIRECTION('',(-1.,-9.2333917550329E-17,0.));
#3018=DIRECTION('',(0.,0.,-1.));
#3019=DIRECTION('',(1.,0.,0.));
#3020=DIRECTION('',(1.,0.,0.));
#3021=DIRECTION('',(0.,0.,-1.));
#3022=DIRECTION('',(0.,1.,0.));
#3023=DIRECTION('',(0.,0.,-1.));
#3024=DIRECTION('',(0.,-1.,0.));
#3025=DIRECTION('',(2.68602344667378E-15,1.,0.));
#3026=DIRECTION('',(-1.,2.68602344667378E-15,0.));
#3027=DIRECTION('',(-1.,2.60208521396521E-15,0.));
#3028=DIRECTION('',(0.,0.,-1.));
#3029=DIRECTION('',(1.,-2.68602344667378E-15,0.));
#3030=DIRECTION('',(1.,0.,0.));
#3031=DIRECTION('',(0.,0.,-1.));
#3032=DIRECTION('',(0.,-1.,0.));
#3033=DIRECTION('',(0.,0.,-1.));
#3034=DIRECTION('',(0.,-1.,0.));
#3035=DIRECTION('',(0.,1.,0.));
#3036=DIRECTION('',(0.,0.,1.));
#3037=DIRECTION('',(-1.,-6.46337422852303E-16,0.));
#3038=DIRECTION('',(0.,0.,-1.));
#3039=DIRECTION('',(1.,0.,0.));
#3040=DIRECTION('',(-1.,0.,0.));
#3041=DIRECTION('',(0.,0.,1.));
#3042=DIRECTION('',(0.,1.,0.));
#3043=DIRECTION('',(0.,0.,-1.));
#3044=DIRECTION('',(-1.,0.,0.));
#3045=DIRECTION('',(0.,0.,1.));
#3046=DIRECTION('',(1.,-5.91383003173911E-17,0.));
#3047=DIRECTION('',(1.,0.,0.));
#3048=DIRECTION('',(0.,0.,-1.));
#3049=DIRECTION('',(0.,1.,0.));
#3050=DIRECTION('',(0.,0.,1.));
#3051=DIRECTION('',(0.,-1.,0.));
#3052=DIRECTION('',(0.,-1.,0.));
#3053=DIRECTION('',(0.,0.,-1.));
#3054=DIRECTION('',(0.,0.,-1.));
#3055=DIRECTION('',(-1.,0.,0.));
#3056=DIRECTION('',(0.,0.,-1.));
#3057=DIRECTION('',(1.,0.,0.));
#3058=DIRECTION('',(0.,0.,1.));
#3059=DIRECTION('',(1.,0.,0.));
#3060=DIRECTION('',(-1.,0.,0.));
#3061=DIRECTION('',(0.,0.,1.));
#3062=DIRECTION('',(1.,0.,0.));
#3063=DIRECTION('',(0.,-1.,0.));
#3064=DIRECTION('',(0.,0.,1.));
#3065=DIRECTION('',(1.,0.,0.));
#3066=DIRECTION('',(-1.,0.,0.));
#3067=DIRECTION('',(0.,0.,1.));
#3068=DIRECTION('',(1.,0.,0.));
#3069=DIRECTION('',(0.,-1.,0.));
#3070=DIRECTION('',(0.,0.,1.));
#3071=DIRECTION('',(1.,0.,0.));
#3072=DIRECTION('',(0.,0.,1.));
#3073=DIRECTION('',(0.,0.,1.));
#3074=DIRECTION('',(0.,-1.,0.));
#3075=DIRECTION('',(0.,0.,-1.));
#3076=DIRECTION('',(-1.,0.,0.));
#3077=DIRECTION('',(0.,0.,-1.));
#3078=DIRECTION('',(1.,0.,0.));
#3079=DIRECTION('',(0.,0.,-1.));
#3080=DIRECTION('',(-1.,0.,0.));
#3081=DIRECTION('',(0.,0.,-1.));
#3082=DIRECTION('',(1.,0.,0.));
#3083=DIRECTION('',(0.,0.,-1.));
#3084=DIRECTION('',(-1.,0.,0.));
#3085=DIRECTION('',(0.,0.,-1.));
#3086=DIRECTION('',(1.,0.,0.));
#3087=DIRECTION('',(0.,0.,-1.));
#3088=DIRECTION('',(-1.,0.,0.));
#3089=DIRECTION('',(0.,0.,-1.));
#3090=DIRECTION('',(1.,0.,0.));
#3091=DIRECTION('',(0.,0.,-1.));
#3092=DIRECTION('',(-1.,0.,0.));
#3093=DIRECTION('',(0.,0.,-1.));
#3094=DIRECTION('',(1.,0.,0.));
#3095=DIRECTION('',(0.,0.,-1.));
#3096=DIRECTION('',(-1.,0.,0.));
#3097=DIRECTION('',(0.,0.,-1.));
#3098=DIRECTION('',(1.,0.,0.));
#3099=DIRECTION('',(0.,0.,-1.));
#3100=DIRECTION('',(-1.,0.,0.));
#3101=DIRECTION('',(0.,0.,-1.));
#3102=DIRECTION('',(1.,0.,0.));
#3103=DIRECTION('',(0.,0.,-1.));
#3104=DIRECTION('',(-1.,0.,0.));
#3105=DIRECTION('',(0.,0.,-1.));
#3106=DIRECTION('',(1.,0.,0.));
#3107=DIRECTION('',(0.,0.,-1.));
#3108=DIRECTION('',(-1.,0.,0.));
#3109=DIRECTION('',(0.,0.,-1.));
#3110=DIRECTION('',(1.,0.,0.));
#3111=DIRECTION('',(0.,0.,1.));
#3112=DIRECTION('',(1.,0.,0.));
#3113=DIRECTION('',(0.,0.,-1.));
#3114=DIRECTION('',(0.,0.,1.));
#3115=DIRECTION('',(1.,0.,0.));
#3116=DIRECTION('',(0.,0.,-1.));
#3117=DIRECTION('',(0.,0.,1.));
#3118=DIRECTION('',(0.,1.,0.));
#3119=DIRECTION('',(0.,0.,1.));
#3120=DIRECTION('',(1.,0.,0.));
#3121=DIRECTION('',(0.,0.,-1.));
#3122=DIRECTION('',(0.,1.,0.));
#3123=DIRECTION('',(0.,0.,-1.));
#3124=DIRECTION('',(1.,0.,0.));
#3125=DIRECTION('',(1.,0.,0.));
#3126=DIRECTION('',(0.,-1.,0.));
#3127=DIRECTION('',(-1.,0.,0.));
#3128=DIRECTION('',(0.,-1.,0.));
#3129=DIRECTION('',(0.,-1.,0.));
#3130=DIRECTION('',(-1.,0.,0.));
#3131=DIRECTION('',(0.,-1.,0.));
#3132=DIRECTION('',(0.,-1.,0.));
#3133=DIRECTION('',(-1.,0.,0.));
#3134=DIRECTION('',(0.,-1.,0.));
#3135=DIRECTION('',(0.,-1.,0.));
#3136=DIRECTION('',(-1.,0.,0.));
#3137=DIRECTION('',(0.,-1.,0.));
#3138=DIRECTION('',(0.,-1.,0.));
#3139=DIRECTION('',(-1.,0.,0.));
#3140=DIRECTION('',(0.,-1.,0.));
#3141=DIRECTION('',(0.,-1.,0.));
#3142=DIRECTION('',(-1.,0.,0.));
#3143=DIRECTION('',(0.,-1.,0.));
#3144=DIRECTION('',(0.,-1.,0.));
#3145=DIRECTION('',(-1.,0.,0.));
#3146=DIRECTION('',(0.,-1.,0.));
#3147=DIRECTION('',(0.,-1.,0.));
#3148=DIRECTION('',(-1.,0.,0.));
#3149=DIRECTION('',(0.,-1.,0.));
#3150=DIRECTION('',(0.,-1.,0.));
#3151=DIRECTION('',(-1.,0.,0.));
#3152=DIRECTION('',(0.,-1.,0.));
#3153=DIRECTION('',(1.,0.,0.));
#3154=DIRECTION('',(0.,1.,0.));
#3155=DIRECTION('',(1.,0.,0.));
#3156=DIRECTION('',(0.,1.,0.));
#3157=DIRECTION('',(0.,0.,1.));
#3158=DIRECTION('',(1.,0.,0.));
#3159=DIRECTION('',(0.,0.,1.));
#3160=DIRECTION('',(1.,0.,0.));
#3161=DIRECTION('',(-2.89120579329468E-16,0.,-1.));
#3162=DIRECTION('',(-1.,0.,2.89120579329468E-16));
#3163=DIRECTION('',(1.,0.,-2.89120579329468E-16));
#3164=DIRECTION('',(-2.89120579329468E-16,0.,-1.));
#3165=DIRECTION('',(1.,0.,0.));
#3166=DIRECTION('',(0.,0.,-1.));
#3167=DIRECTION('',(0.,1.,4.62592926927149E-15));
#3168=DIRECTION('',(0.,-4.62592926927149E-15,1.));
#3169=DIRECTION('',(0.,0.,-1.));
#3170=DIRECTION('',(-1.,0.,0.));
#3171=DIRECTION('',(0.,0.,1.));
#3172=DIRECTION('',(1.,0.,0.));
#3173=DIRECTION('',(0.,0.,-1.));
#3174=DIRECTION('',(-1.,0.,0.));
#3175=DIRECTION('',(0.,1.,0.));
#3176=DIRECTION('',(0.,0.,1.));
#3177=DIRECTION('',(0.,-1.,0.));
#3178=DIRECTION('',(0.,0.,-1.));
#3179=DIRECTION('',(-1.,0.,0.));
#3180=DIRECTION('',(0.,0.,1.));
#3181=DIRECTION('',(-1.,0.,6.93889390390723E-15));
#3182=DIRECTION('',(6.93889390390723E-15,0.,1.));
#3183=DIRECTION('',(0.,0.,-1.));
#3184=DIRECTION('',(-1.,0.,0.));
#3185=DIRECTION('',(0.,0.,1.));
#3186=DIRECTION('',(1.,0.,0.));
#3187=DIRECTION('',(0.,0.,-1.));
#3188=DIRECTION('',(-1.,0.,0.));
#3189=DIRECTION('',(1.,0.,-2.89120579329468E-16));
#3190=DIRECTION('',(-2.89120579329468E-16,0.,-1.));
#3191=DIRECTION('',(1.,0.,0.));
#3192=DIRECTION('',(0.,0.,-1.));
#3193=DIRECTION('',(0.,1.,0.));
#3194=DIRECTION('',(0.,0.,1.));
#3195=DIRECTION('',(0.,1.,0.));
#3196=DIRECTION('',(0.,0.,1.));
#3197=DIRECTION('',(1.,0.,0.));
#3198=DIRECTION('',(0.,0.,-1.));
#3199=DIRECTION('',(-1.,0.,0.));
#3200=DIRECTION('',(0.,0.,1.));
#3201=DIRECTION('',(0.,-1.,0.));
#3202=DIRECTION('',(0.,0.,-1.));
#3203=DIRECTION('',(0.,-1.,0.));
#3204=DIRECTION('',(0.,0.,-1.));
#3205=DIRECTION('',(-6.93889390390723E-15,0.,-1.));
#3206=DIRECTION('',(-1.,0.,6.93889390390723E-15));
#3207=DIRECTION('',(-2.8912057932947E-16,0.,-1.));
#3208=DIRECTION('',(-1.,0.,2.8912057932947E-16));
#3209=DIRECTION('',(0.,0.,1.));
#3210=DIRECTION('',(1.,0.,0.));
#3211=DIRECTION('',(0.,0.,1.));
#3212=DIRECTION('',(1.,0.,0.));
#3213=DIRECTION('',(0.,0.,1.));
#3214=DIRECTION('',(1.,0.,0.));
#3215=DIRECTION('',(1.,6.93889390390722E-15,6.93889390390722E-15));
#3216=DIRECTION('',(6.93889390390722E-15,0.,-1.));
#3217=DIRECTION('',(0.,-1.,0.));
#3218=DIRECTION('',(0.,0.,-1.));
#3219=DIRECTION('',(0.,1.,0.));
#3220=DIRECTION('',(0.,0.,1.));
#3221=DIRECTION('',(0.,-1.,0.));
#3222=DIRECTION('',(0.,0.,-1.));
#3223=DIRECTION('',(1.,0.,0.));
#3224=DIRECTION('',(0.,0.,-1.));
#3225=DIRECTION('',(1.,0.,0.));
#3226=DIRECTION('',(0.,0.,-1.));
#3227=DIRECTION('',(0.,0.,1.));
#3228=DIRECTION('',(1.,0.,0.));
#3229=DIRECTION('',(1.,0.,0.));
#3230=DIRECTION('',(0.,0.,-1.));
#3231=DIRECTION('',(0.,0.,1.));
#3232=DIRECTION('',(1.,0.,0.));
#3233=DIRECTION('',(0.,-1.,0.));
#3234=DIRECTION('',(0.,0.,-1.));
#3235=DIRECTION('',(-1.,0.,0.));
#3236=DIRECTION('',(0.,0.,1.));
#3237=DIRECTION('',(1.,0.,0.));
#3238=DIRECTION('',(0.,0.,-1.));
#3239=DIRECTION('',(0.,-1.,0.));
#3240=DIRECTION('',(0.,0.,-1.));
#3241=DIRECTION('',(0.,-1.,0.));
#3242=DIRECTION('',(0.,0.,-1.));
#3243=DIRECTION('',(0.,0.,1.));
#3244=DIRECTION('',(1.,0.,0.));
#3245=DIRECTION('',(0.,0.,1.));
#3246=DIRECTION('',(1.,0.,0.));
#3247=DIRECTION('',(0.,-1.,0.));
#3248=DIRECTION('',(-1.,0.,0.));
#3249=DIRECTION('',(0.,-1.,0.));
#3250=DIRECTION('',(-1.,0.,0.));
#3251=DIRECTION('',(0.,0.,1.));
#3252=DIRECTION('',(0.,0.,-1.));
#3253=DIRECTION('',(-1.,0.,0.));
#3254=DIRECTION('',(0.,0.,1.));
#3255=DIRECTION('',(0.,0.,-1.));
#3256=DIRECTION('',(0.,1.,0.));
#3257=DIRECTION('',(-1.,0.,0.));
#3258=DIRECTION('',(0.,0.,1.));
#3259=DIRECTION('',(1.,0.,0.));
#3260=DIRECTION('',(0.,-1.,0.));
#3261=DIRECTION('',(-1.,0.,0.));
#3262=DIRECTION('',(0.,-1.,0.));
#3263=DIRECTION('',(-1.,0.,0.));
#3264=DIRECTION('',(0.,0.,1.));
#3265=DIRECTION('',(0.,0.,-1.));
#3266=DIRECTION('',(-1.,0.,0.));
#3267=DIRECTION('',(0.,0.,1.));
#3268=DIRECTION('',(0.,0.,-1.));
#3269=DIRECTION('',(0.,1.,0.));
#3270=DIRECTION('',(-1.,0.,0.));
#3271=DIRECTION('',(0.,0.,1.));
#3272=DIRECTION('',(1.,0.,0.));
#3273=DIRECTION('',(0.,-1.,0.));
#3274=DIRECTION('',(-1.,0.,0.));
#3275=DIRECTION('',(0.,-1.,0.));
#3276=DIRECTION('',(-1.,0.,0.));
#3277=DIRECTION('',(0.,0.,1.));
#3278=DIRECTION('',(0.,0.,-1.));
#3279=DIRECTION('',(-1.,0.,0.));
#3280=DIRECTION('',(0.,0.,1.));
#3281=DIRECTION('',(0.,0.,-1.));
#3282=DIRECTION('',(0.,1.,0.));
#3283=DIRECTION('',(-1.,0.,0.));
#3284=DIRECTION('',(0.,0.,1.));
#3285=DIRECTION('',(1.,0.,0.));
#3286=DIRECTION('',(0.,-1.,0.));
#3287=DIRECTION('',(-1.,0.,0.));
#3288=DIRECTION('',(0.,-1.,0.));
#3289=DIRECTION('',(-1.,0.,0.));
#3290=DIRECTION('',(0.,0.,1.));
#3291=DIRECTION('',(0.,0.,-1.));
#3292=DIRECTION('',(-1.,0.,0.));
#3293=DIRECTION('',(0.,0.,1.));
#3294=DIRECTION('',(0.,0.,-1.));
#3295=DIRECTION('',(0.,1.,0.));
#3296=DIRECTION('',(-1.,0.,0.));
#3297=DIRECTION('',(0.,0.,1.));
#3298=DIRECTION('',(1.,0.,0.));
#3299=DIRECTION('',(0.,-1.,0.));
#3300=DIRECTION('',(-1.,0.,0.));
#3301=DIRECTION('',(0.,-1.,0.));
#3302=DIRECTION('',(-1.,0.,0.));
#3303=DIRECTION('',(0.,0.,1.));
#3304=DIRECTION('',(0.,0.,-1.));
#3305=DIRECTION('',(-1.,0.,0.));
#3306=DIRECTION('',(0.,0.,1.));
#3307=DIRECTION('',(0.,0.,-1.));
#3308=DIRECTION('',(0.,1.,0.));
#3309=DIRECTION('',(-1.,0.,0.));
#3310=DIRECTION('',(0.,0.,1.));
#3311=DIRECTION('',(1.,0.,0.));
#3312=DIRECTION('',(0.,-1.,0.));
#3313=DIRECTION('',(-1.,0.,0.));
#3314=DIRECTION('',(0.,-1.,0.));
#3315=DIRECTION('',(-1.,0.,0.));
#3316=DIRECTION('',(0.,0.,1.));
#3317=DIRECTION('',(0.,0.,-1.));
#3318=DIRECTION('',(-1.,0.,0.));
#3319=DIRECTION('',(0.,0.,1.));
#3320=DIRECTION('',(0.,0.,-1.));
#3321=DIRECTION('',(0.,1.,0.));
#3322=DIRECTION('',(-1.,0.,0.));
#3323=DIRECTION('',(0.,0.,1.));
#3324=DIRECTION('',(1.,0.,0.));
#3325=DIRECTION('',(0.,-1.,0.));
#3326=DIRECTION('',(-1.,0.,0.));
#3327=DIRECTION('',(0.,-1.,0.));
#3328=DIRECTION('',(-1.,0.,0.));
#3329=DIRECTION('',(0.,0.,1.));
#3330=DIRECTION('',(0.,0.,-1.));
#3331=DIRECTION('',(-1.,0.,0.));
#3332=DIRECTION('',(0.,0.,1.));
#3333=DIRECTION('',(0.,0.,-1.));
#3334=DIRECTION('',(0.,1.,0.));
#3335=DIRECTION('',(-1.,0.,0.));
#3336=DIRECTION('',(0.,0.,1.));
#3337=DIRECTION('',(1.,0.,0.));
#3338=DIRECTION('',(0.,-1.,0.));
#3339=DIRECTION('',(-1.,0.,0.));
#3340=DIRECTION('',(0.,-1.,0.));
#3341=DIRECTION('',(-1.,0.,0.));
#3342=DIRECTION('',(0.,0.,1.));
#3343=DIRECTION('',(0.,0.,-1.));
#3344=DIRECTION('',(-1.,0.,0.));
#3345=DIRECTION('',(0.,0.,1.));
#3346=DIRECTION('',(0.,0.,-1.));
#3347=DIRECTION('',(0.,1.,0.));
#3348=DIRECTION('',(-1.,0.,0.));
#3349=DIRECTION('',(0.,0.,1.));
#3350=DIRECTION('',(1.,0.,0.));
#3351=DIRECTION('',(0.,-1.,0.));
#3352=DIRECTION('',(-1.,0.,0.));
#3353=DIRECTION('',(0.,-1.,0.));
#3354=DIRECTION('',(-1.,0.,0.));
#3355=DIRECTION('',(0.,0.,1.));
#3356=DIRECTION('',(0.,0.,-1.));
#3357=DIRECTION('',(-1.,0.,0.));
#3358=DIRECTION('',(0.,0.,1.));
#3359=DIRECTION('',(0.,0.,-1.));
#3360=DIRECTION('',(0.,1.,0.));
#3361=DIRECTION('',(-1.,0.,0.));
#3362=DIRECTION('',(1.,0.,0.));
#3363=DIRECTION('',(0.,0.,-1.));
#3364=DIRECTION('',(0.,0.384615384615385,0.923076923076923));
#3365=DIRECTION('',(0.,-0.384615384615385,0.923076923076923));
#3366=DIRECTION('',(-1.,0.,0.));
#3367=DIRECTION('',(0.,0.,1.));
#3368=DIRECTION('',(0.,-0.384615384615385,-0.923076923076923));
#3369=DIRECTION('',(0.,0.384615384615385,-0.923076923076923));
#3370=DIRECTION('',(0.,0.923076923076923,0.384615384615385));
#3371=DIRECTION('',(0.,-0.384615384615385,0.923076923076923));
#3372=DIRECTION('',(1.,0.,0.));
#3373=DIRECTION('',(0.,0.923076923076923,-0.384615384615385));
#3374=DIRECTION('',(0.,0.384615384615385,0.923076923076923));
#3375=DIRECTION('',(1.,0.,0.));
#3376=DIRECTION('',(0.,0.,-1.));
#3377=DIRECTION('',(0.,1.,0.));
#3378=DIRECTION('',(0.,0.,1.));
#3379=DIRECTION('',(0.,1.,0.));
#3380=DIRECTION('',(0.,0.,1.));
#3381=DIRECTION('',(0.,-1.,0.));
#3382=DIRECTION('',(0.,0.,-1.));
#3383=DIRECTION('',(1.,0.,0.));
#3384=DIRECTION('',(0.,0.,1.));
#3385=DIRECTION('',(1.,0.,0.));
#3386=DIRECTION('',(-1.,0.,0.));
#3387=DIRECTION('',(0.,0.,1.));
#3388=DIRECTION('',(0.,-1.,0.));
#3389=DIRECTION('',(0.,0.,1.));
#3390=DIRECTION('',(0.,-1.,0.));
#3391=DIRECTION('',(-1.,0.,0.));
#3392=DIRECTION('',(0.,0.,1.));
#3393=DIRECTION('',(0.,-1.,0.));
#3394=DIRECTION('',(0.,0.,1.));
#3395=DIRECTION('',(0.,-1.,0.));
#3396=DIRECTION('',(0.,0.,1.));
#3397=DIRECTION('',(8.14424167125259E-16,-1.,0.));
#3398=DIRECTION('',(1.,8.14424167125259E-16,0.));
#3399=DIRECTION('',(1.,8.14424167125259E-16,0.));
#3400=DIRECTION('',(0.,0.,1.));
#3401=DIRECTION('',(1.,8.14424167125259E-16,0.));
#3402=DIRECTION('',(-1.,0.,0.));
#3403=DIRECTION('',(0.,0.,1.));
#3404=DIRECTION('',(0.,-1.,0.));
#3405=DIRECTION('',(0.,0.,1.));
#3406=DIRECTION('',(0.,-1.,0.));
#3407=DIRECTION('',(-1.,0.,0.));
#3408=DIRECTION('',(0.,0.,1.));
#3409=DIRECTION('',(0.,-1.,0.));
#3410=DIRECTION('',(0.,0.,1.));
#3411=DIRECTION('',(0.,-1.,0.));
#3412=DIRECTION('',(0.,0.,1.));
#3413=DIRECTION('',(0.,-1.,0.));
#3414=DIRECTION('',(0.,0.,-1.));
#3415=DIRECTION('',(1.,0.,0.));
#3416=DIRECTION('',(0.,0.,1.));
#3417=DIRECTION('',(1.,0.,0.));
#3418=DIRECTION('',(-1.,0.,0.));
#3419=DIRECTION('',(0.,0.,1.));
#3420=DIRECTION('',(0.,-1.,0.));
#3421=DIRECTION('',(0.,0.,1.));
#3422=DIRECTION('',(0.,-1.,0.));
#3423=DIRECTION('',(0.,-1.,0.));
#3424=DIRECTION('',(0.,0.,-1.));
#3425=DIRECTION('',(1.,0.,0.));
#3426=DIRECTION('',(0.,0.,1.));
#3427=DIRECTION('',(1.,0.,0.));
#3428=DIRECTION('',(0.,0.,1.));
#3429=DIRECTION('',(-1.,0.,0.));
#3430=DIRECTION('',(0.,0.,1.));
#3431=DIRECTION('',(0.,-1.,0.));
#3432=DIRECTION('',(0.,0.,1.));
#3433=DIRECTION('',(0.,-1.,0.));
#3434=DIRECTION('',(0.,1.,0.));
#3435=DIRECTION('',(0.,0.,1.));
#3436=DIRECTION('',(-1.,0.,0.));
#3437=DIRECTION('',(0.,0.,1.));
#3438=DIRECTION('',(-1.,0.,0.));
#3439=DIRECTION('',(-0.000121990662538154,0.999999992559139,0.));
#3440=DIRECTION('',(-0.999999992559139,-0.000121990662538154,0.));
#3441=DIRECTION('',(-0.999999992559139,-0.000121990662538154,0.));
#3442=DIRECTION('',(0.,1.,0.));
#3443=DIRECTION('',(0.,0.,1.));
#3444=DIRECTION('',(0.,0.,1.));
#3445=DIRECTION('',(-1.,0.,0.));
#3446=DIRECTION('',(0.,0.,1.));
#3447=DIRECTION('',(-1.,0.,0.));
#3448=DIRECTION('',(0.,0.,1.));
#3449=DIRECTION('',(0.,0.,1.));
#3450=DIRECTION('',(0.,-1.,0.));
#3451=DIRECTION('',(0.,-1.,0.));
#3452=DIRECTION('',(0.,0.,-1.));
#3453=DIRECTION('',(0.,0.,1.));
#3454=DIRECTION('',(1.,0.,0.));
#3455=DIRECTION('',(-1.,0.,0.));
#3456=DIRECTION('',(0.,0.,1.));
#3457=DIRECTION('',(0.,0.,1.));
#3458=DIRECTION('',(0.,-1.,0.));
#3459=DIRECTION('',(0.,-1.,0.));
#3460=DIRECTION('',(0.,0.,-1.));
#3461=DIRECTION('',(0.,0.,1.));
#3462=DIRECTION('',(1.,0.,0.));
#3463=DIRECTION('',(-1.,0.,0.));
#3464=DIRECTION('',(0.,0.,1.));
#3465=DIRECTION('',(0.,0.,1.));
#3466=DIRECTION('',(0.,-1.,0.));
#3467=DIRECTION('',(0.,-1.,0.));
#3468=DIRECTION('',(0.,0.,-1.));
#3469=DIRECTION('',(0.,0.,1.));
#3470=DIRECTION('',(1.,0.,0.));
#3471=DIRECTION('',(-1.,0.,0.));
#3472=DIRECTION('',(0.,0.,1.));
#3473=DIRECTION('',(0.,0.,1.));
#3474=DIRECTION('',(0.,-1.,0.));
#3475=DIRECTION('',(0.,1.,0.));
#3476=DIRECTION('',(0.,0.,1.));
#3477=DIRECTION('',(0.,0.,1.));
#3478=DIRECTION('',(-1.,0.,0.));
#3479=DIRECTION('',(-8.14424167125259E-16,1.,0.));
#3480=DIRECTION('',(-1.,-8.14424167125259E-16,0.));
#3481=DIRECTION('',(-1.,-8.14424167125259E-16,0.));
#3482=DIRECTION('',(-1.,-8.14424167125259E-16,0.));
#3483=DIRECTION('',(-9.57088814332049E-16,1.,0.));
#3484=DIRECTION('',(-1.,-9.57088814332049E-16,0.));
#3485=DIRECTION('',(-1.,-9.57088814332049E-16,0.));
#3486=DIRECTION('',(-1.,-9.57088814332049E-16,0.));
#3487=DIRECTION('',(-1.,0.,0.));
#3488=DIRECTION('',(0.,0.,1.));
#3489=DIRECTION('',(0.,-1.,0.));
#3490=DIRECTION('',(0.,-1.,0.));
#3491=DIRECTION('',(-1.,0.,0.));
#3492=DIRECTION('',(0.,0.,1.));
#3493=DIRECTION('',(0.,-1.,0.));
#3494=DIRECTION('',(0.,-1.,0.));
#3495=DIRECTION('',(0.,0.,-1.));
#3496=DIRECTION('',(1.,0.,0.));
#3497=DIRECTION('',(1.,0.,0.));
#3498=DIRECTION('',(0.,0.,-1.));
#3499=DIRECTION('',(1.,0.,0.));
#3500=DIRECTION('',(0.,0.,1.));
#3501=DIRECTION('',(1.,0.,0.));
#3502=DIRECTION('',(0.,0.,1.));
#3503=DIRECTION('',(1.,0.,0.));
#3504=DIRECTION('',(0.,0.,1.));
#3505=DIRECTION('',(1.,0.,0.));
#3506=DIRECTION('',(0.,0.,1.));
#3507=DIRECTION('',(1.,0.,0.));
#3508=CARTESIAN_POINT('',(0.,0.,0.));
#3509=CARTESIAN_POINT('',(0.150675,-0.047475,0.009));
#3510=CARTESIAN_POINT('',(0.2518875,4.16333634234433E-17,0.009));
#3511=CARTESIAN_POINT('',(0.2518875,-0.00955,0.009));
#3512=CARTESIAN_POINT('',(0.2518875,-0.01005,0.009));
#3513=CARTESIAN_POINT('',(0.2518875,-0.00955,0.009));
#3514=CARTESIAN_POINT('',(0.2518875,-0.01005,0.009));
#3515=CARTESIAN_POINT('',(0.2523875,-0.01005,0.009));
#3516=CARTESIAN_POINT('',(0.2523875,-0.01005,0.009));
#3517=CARTESIAN_POINT('',(0.263834375,-0.01005,0.009));
#3518=CARTESIAN_POINT('',(0.150675,-0.047475,0.009));
#3519=CARTESIAN_POINT('',(0.2538875,0.01,0.009));
#3520=CARTESIAN_POINT('',(0.2538875,0.011,0.009));
#3521=CARTESIAN_POINT('',(0.2538875,-0.00805,0.009));
#3522=CARTESIAN_POINT('',(-0.01,0.011,0.009));
#3523=CARTESIAN_POINT('',(-0.011,0.011,0.009));
#3524=CARTESIAN_POINT('',(-0.011,0.01,0.009));
#3525=CARTESIAN_POINT('',(-0.011,-0.10625,0.009));
#3526=CARTESIAN_POINT('',(0.3148,-0.10625,0.009));
#3527=CARTESIAN_POINT('',(0.3158,-0.10625,0.009));
#3528=CARTESIAN_POINT('',(0.3158,-0.10525,0.009));
#3529=CARTESIAN_POINT('',(0.3158,-0.08425,0.009));
#3530=CARTESIAN_POINT('',(0.305275,-0.08425,0.009));
#3531=CARTESIAN_POINT('',(0.29675,-0.08425,0.009));
#3532=CARTESIAN_POINT('',(0.29675,-0.0662,0.009));
#3533=CARTESIAN_POINT('',(0.29675,-0.0651999999999987,0.009));
#3534=CARTESIAN_POINT('',(0.29575,-0.0651999999999987,0.009));
#3535=CARTESIAN_POINT('',(0.27778125,-0.0652,0.009));
#3536=CARTESIAN_POINT('',(0.27778125,-0.00905,0.009));
#3537=CARTESIAN_POINT('',(0.27778125,-0.00805,0.009));
#3538=CARTESIAN_POINT('',(0.27678125,-0.00805,0.009));
#3539=CARTESIAN_POINT('',(-0.021075,-0.11295294,0.009));
#3540=CARTESIAN_POINT('',(-0.021075,-0.11635,0.009));
#3541=CARTESIAN_POINT('',(-0.01767794,-0.11635,0.009));
#3542=CARTESIAN_POINT('',(-0.021075,-0.11295294,0.009));
#3543=CARTESIAN_POINT('',(-0.01767794,-0.11635,0.009));
#3544=CARTESIAN_POINT('',(-0.021075,-0.047475,0.009));
#3545=CARTESIAN_POINT('',(-0.021075,0.01800294,0.009));
#3546=CARTESIAN_POINT('',(-0.021075,0.01800294,0.009));
#3547=CARTESIAN_POINT('',(-0.021075,0.0214,0.009));
#3548=CARTESIAN_POINT('',(-0.01767794,0.0214,0.009));
#3549=CARTESIAN_POINT('',(-0.01767794,0.0214,0.009));
#3550=CARTESIAN_POINT('',(0.150675,0.0214,0.009));
#3551=CARTESIAN_POINT('',(0.31902794,0.0214,0.009));
#3552=CARTESIAN_POINT('',(0.31902794,0.0214,0.009));
#3553=CARTESIAN_POINT('',(0.322425,0.0214,0.009));
#3554=CARTESIAN_POINT('',(0.322425,0.01800294,0.009));
#3555=CARTESIAN_POINT('',(0.322425,0.01800294,0.009));
#3556=CARTESIAN_POINT('',(0.322425,-0.047475,0.009));
#3557=CARTESIAN_POINT('',(0.322425,-0.11295294,0.009));
#3558=CARTESIAN_POINT('',(0.31902794,-0.11635,0.009));
#3559=CARTESIAN_POINT('',(0.322425,-0.11635,0.009));
#3560=CARTESIAN_POINT('',(0.322425,-0.11295294,0.009));
#3561=CARTESIAN_POINT('',(0.31902794,-0.11635,0.009));
#3562=CARTESIAN_POINT('',(0.150675,-0.11635,0.009));
#3563=CARTESIAN_POINT('',(0.267890625,0.000353125,0.009));
#3564=CARTESIAN_POINT('',(0.273390625,0.000353125,0.009));
#3565=CARTESIAN_POINT('',(0.305959375,-0.0517,0.009));
#3566=CARTESIAN_POINT('',(0.302699375,-0.0517,0.009));
#3567=CARTESIAN_POINT('',(0.309219375,-0.0517,0.009));
#3568=CARTESIAN_POINT('',(0.302699375,-0.0633,0.009));
#3569=CARTESIAN_POINT('',(0.302699375,-0.0749,0.009));
#3570=CARTESIAN_POINT('',(0.305959375,-0.0749,0.009));
#3571=CARTESIAN_POINT('',(0.309219375,-0.0749,0.009));
#3572=CARTESIAN_POINT('',(0.309219375,-0.0633,0.009));
#3573=CARTESIAN_POINT('',(0.150675,0.0214,-0.00146988));
#3574=CARTESIAN_POINT('',(0.145875,0.0214,0.00093012));
#3575=CARTESIAN_POINT('',(0.145875,0.0214,-0.00146988));
#3576=CARTESIAN_POINT('',(0.145875,0.0214,0.00333012));
#3577=CARTESIAN_POINT('',(0.150675,0.0214,0.00333012));
#3578=CARTESIAN_POINT('',(0.155475,0.0214,0.00333012));
#3579=CARTESIAN_POINT('',(0.155475,0.0214,0.00093012));
#3580=CARTESIAN_POINT('',(0.155475,0.0214,-0.00146988));
#3581=CARTESIAN_POINT('',(0.150675,0.0214,-0.00146988));
#3582=CARTESIAN_POINT('',(0.31902794,0.0214,-0.00146988));
#3583=CARTESIAN_POINT('',(0.31902794,0.0214,-0.00146988));
#3584=CARTESIAN_POINT('',(-0.01767794,0.0214,-0.00146988));
#3585=CARTESIAN_POINT('',(-0.01767794,0.0214,-0.00146988));
#3586=CARTESIAN_POINT('',(0.150675,0.0214,-0.00146988));
#3587=CARTESIAN_POINT('',(0.324925,-0.048975,0.0125));
#3588=CARTESIAN_POINT('',(0.324925,0.0224,0.0125));
#3589=CARTESIAN_POINT('',(0.324925,0.0224,3.012E-05));
#3590=CARTESIAN_POINT('',(0.324925,0.0224,0.0115));
#3591=CARTESIAN_POINT('',(0.324925,-0.048975,0.0115));
#3592=CARTESIAN_POINT('',(0.324925,-0.11735,0.0115));
#3593=CARTESIAN_POINT('',(0.324925,-0.11735,0.0125));
#3594=CARTESIAN_POINT('',(0.324925,-0.11735,3.012E-05));
#3595=CARTESIAN_POINT('',(0.324925,-0.048975,3.012E-05));
#3596=CARTESIAN_POINT('',(0.150675,0.0239,0.0125));
#3597=CARTESIAN_POINT('',(-0.022075,0.0239,0.0125));
#3598=CARTESIAN_POINT('',(-0.022075,0.0239,3.012E-05));
#3599=CARTESIAN_POINT('',(-0.022075,0.0239,0.0115));
#3600=CARTESIAN_POINT('',(0.323425,0.0239,0.0115));
#3601=CARTESIAN_POINT('',(0.323425,0.0239,0.0115));
#3602=CARTESIAN_POINT('',(0.323425,0.0239,-0.00146988));
#3603=CARTESIAN_POINT('',(0.323425,0.0239,3.012E-05));
#3604=CARTESIAN_POINT('',(-0.023575,0.0239,3.012E-05));
#3605=CARTESIAN_POINT('',(-0.023575,-0.11735,0.0125));
#3606=CARTESIAN_POINT('',(-0.023575,-0.11735,0.0125));
#3607=CARTESIAN_POINT('',(-0.023575,-0.11735,3.012E-05));
#3608=CARTESIAN_POINT('',(-0.023575,-0.11735,0.0115));
#3609=CARTESIAN_POINT('',(-0.023575,0.0224,0.0115));
#3610=CARTESIAN_POINT('',(-0.023575,0.0224,0.0115));
#3611=CARTESIAN_POINT('',(-0.023575,0.0224,0.0125));
#3612=CARTESIAN_POINT('',(-0.023575,0.0224,3.012E-05));
#3613=CARTESIAN_POINT('',(-0.023575,-0.11885,3.012E-05));
#3614=CARTESIAN_POINT('',(0.305959375,-0.0517,0.0125));
#3615=CARTESIAN_POINT('',(0.309219375,-0.0517,0.0125));
#3616=CARTESIAN_POINT('',(0.309219375,-0.0517,0.0125));
#3617=CARTESIAN_POINT('',(0.305959375,-0.0517,0.0125));
#3618=CARTESIAN_POINT('',(0.302699375,-0.0517,0.0125));
#3619=CARTESIAN_POINT('',(0.302699375,-0.0517,0.0125));
#3620=CARTESIAN_POINT('',(0.309219375,-0.0633,0.0125));
#3621=CARTESIAN_POINT('',(0.309219375,-0.0749,0.0125));
#3622=CARTESIAN_POINT('',(0.309219375,-0.0749,0.0125));
#3623=CARTESIAN_POINT('',(0.309219375,-0.0633,0.0125));
#3624=CARTESIAN_POINT('',(0.305959375,-0.0749,0.0125));
#3625=CARTESIAN_POINT('',(0.302699375,-0.0749,0.0125));
#3626=CARTESIAN_POINT('',(0.302699375,-0.0749,0.0125));
#3627=CARTESIAN_POINT('',(0.305959375,-0.0749,0.0125));
#3628=CARTESIAN_POINT('',(0.263834375,-0.01005,0.0125));
#3629=CARTESIAN_POINT('',(0.2523875,-0.01005,0.007));
#3630=CARTESIAN_POINT('',(0.2523875,-0.01005,0.007));
#3631=CARTESIAN_POINT('',(0.264834375,-0.01005,0.007));
#3632=CARTESIAN_POINT('',(0.27578125,-0.01005,0.007));
#3633=CARTESIAN_POINT('',(0.27578125,-0.01005,0.0125));
#3634=CARTESIAN_POINT('',(0.27578125,-0.01005,0.0125));
#3635=CARTESIAN_POINT('',(0.263834375,-0.01005,0.0125));
#3636=CARTESIAN_POINT('',(0.2518875,-0.01005,0.0125));
#3637=CARTESIAN_POINT('',(0.2518875,-0.01005,0.0125));
#3638=CARTESIAN_POINT('',(0.27578125,-0.038625,0.0125));
#3639=CARTESIAN_POINT('',(0.27578125,-0.037625,0.007));
#3640=CARTESIAN_POINT('',(0.27578125,-0.0672,0.007));
#3641=CARTESIAN_POINT('',(0.27578125,-0.0672,0.0125));
#3642=CARTESIAN_POINT('',(0.27578125,-0.0672,0.0125));
#3643=CARTESIAN_POINT('',(0.27578125,-0.038625,0.0125));
#3644=CARTESIAN_POINT('',(0.276265625,-0.0672,0.0125));
#3645=CARTESIAN_POINT('',(0.27678125,-0.0672,0.007));
#3646=CARTESIAN_POINT('',(0.29475,-0.0672,0.007));
#3647=CARTESIAN_POINT('',(0.29475,-0.0672,0.0125));
#3648=CARTESIAN_POINT('',(0.29475,-0.0672,0.0125));
#3649=CARTESIAN_POINT('',(0.276265625,-0.0672,0.0125));
#3650=CARTESIAN_POINT('',(0.29475,-0.07105,0.0125));
#3651=CARTESIAN_POINT('',(0.29475,-0.075725,0.007));
#3652=CARTESIAN_POINT('',(0.29475,-0.08625,0.007));
#3653=CARTESIAN_POINT('',(0.29475,-0.08625,0.007));
#3654=CARTESIAN_POINT('',(0.29475,-0.08625,0.009));
#3655=CARTESIAN_POINT('',(0.29475,-0.08625,0.0125));
#3656=CARTESIAN_POINT('',(0.29475,-0.08625,0.0125));
#3657=CARTESIAN_POINT('',(0.29475,-0.07105,0.0125));
#3658=CARTESIAN_POINT('',(0.295275,-0.08625,0.0125));
#3659=CARTESIAN_POINT('',(0.295275,-0.08625,0.009));
#3660=CARTESIAN_POINT('',(0.3138,-0.0862488380389307,0.009));
#3661=CARTESIAN_POINT('',(0.3138,-0.08625,0.0125));
#3662=CARTESIAN_POINT('',(0.3138,-0.08625,0.0125));
#3663=CARTESIAN_POINT('',(0.295275,-0.08625,0.0125));
#3664=CARTESIAN_POINT('',(0.3138,-0.09525,0.0125));
#3665=CARTESIAN_POINT('',(0.3138,-0.0862476760778614,0.007));
#3666=CARTESIAN_POINT('',(0.3138,-0.0862476760778614,0.007));
#3667=CARTESIAN_POINT('',(0.3138,-0.0862488380389307,0.007));
#3668=CARTESIAN_POINT('',(0.3138,-0.10425,0.007));
#3669=CARTESIAN_POINT('',(0.3138,-0.10425,0.0125));
#3670=CARTESIAN_POINT('',(0.3138,-0.10425,0.0125));
#3671=CARTESIAN_POINT('',(0.3138,-0.09525,0.0125));
#3672=CARTESIAN_POINT('',(0.3048,-0.10425,0.0125));
#3673=CARTESIAN_POINT('',(0.25745,-0.10425,0.007));
#3674=CARTESIAN_POINT('',(0.2572,-0.10425,0.007));
#3675=CARTESIAN_POINT('',(0.2572,-0.10425,0.0125));
#3676=CARTESIAN_POINT('',(0.2572,-0.10425,0.0125));
#3677=CARTESIAN_POINT('',(0.3048,-0.10425,0.0125));
#3678=CARTESIAN_POINT('',(0.2572,-0.09525,0.0125));
#3679=CARTESIAN_POINT('',(0.2572,-0.08595,0.007));
#3680=CARTESIAN_POINT('',(0.2572,-0.0857,0.007));
#3681=CARTESIAN_POINT('',(0.2572,-0.0857,0.0125));
#3682=CARTESIAN_POINT('',(0.2572,-0.0857,0.0125));
#3683=CARTESIAN_POINT('',(0.2572,-0.09525,0.0125));
#3684=CARTESIAN_POINT('',(0.241696875,-0.0857,0.0125));
#3685=CARTESIAN_POINT('',(0.25595,-0.0857,0.007));
#3686=CARTESIAN_POINT('',(0.22619375,-0.0857,0.007));
#3687=CARTESIAN_POINT('',(0.22619375,-0.0857,0.0125));
#3688=CARTESIAN_POINT('',(0.22619375,-0.0857,0.0125));
#3689=CARTESIAN_POINT('',(0.241696875,-0.0857,0.0125));
#3690=CARTESIAN_POINT('',(0.22619375,-0.085975,0.0125));
#3691=CARTESIAN_POINT('',(0.22619375,-0.08695,0.007));
#3692=CARTESIAN_POINT('',(0.22619375,-0.10425,0.007));
#3693=CARTESIAN_POINT('',(0.22619375,-0.10425,0.0125));
#3694=CARTESIAN_POINT('',(0.22619375,-0.10425,0.0125));
#3695=CARTESIAN_POINT('',(0.22619375,-0.085975,0.0125));
#3696=CARTESIAN_POINT('',(0.22594375,-0.10425,0.0125));
#3697=CARTESIAN_POINT('',(0.108596875,-0.10425,0.007));
#3698=CARTESIAN_POINT('',(-0.009,-0.10425,0.007));
#3699=CARTESIAN_POINT('',(-0.009,-0.10425,0.0125));
#3700=CARTESIAN_POINT('',(-0.009,-0.10425,0.0125));
#3701=CARTESIAN_POINT('',(0.22594375,-0.10425,0.0125));
#3702=CARTESIAN_POINT('',(-0.009,-0.06615,0.0125));
#3703=CARTESIAN_POINT('',(-0.009,-0.047625,0.007));
#3704=CARTESIAN_POINT('',(-0.009,0.009,0.007));
#3705=CARTESIAN_POINT('',(-0.009,0.009,0.0125));
#3706=CARTESIAN_POINT('',(-0.009,0.009,0.0125));
#3707=CARTESIAN_POINT('',(-0.009,-0.06615,0.0125));
#3708=CARTESIAN_POINT('',(1.7347234759768E-18,0.009,0.0125));
#3709=CARTESIAN_POINT('',(1.7347234759768E-18,0.009,0.007));
#3710=CARTESIAN_POINT('',(0.009,0.009,0.007));
#3711=CARTESIAN_POINT('',(0.009,0.009,0.0125));
#3712=CARTESIAN_POINT('',(0.009,0.009,0.0125));
#3713=CARTESIAN_POINT('',(1.7347234759768E-18,0.009,0.0125));
#3714=CARTESIAN_POINT('',(0.009,0.,0.0125));
#3715=CARTESIAN_POINT('',(0.009,0.000250000000000221,0.007));
#3716=CARTESIAN_POINT('',(0.009,-0.009,0.007));
#3717=CARTESIAN_POINT('',(0.009,-0.009,0.0125));
#3718=CARTESIAN_POINT('',(0.009,-0.009,0.0125));
#3719=CARTESIAN_POINT('',(0.009,0.,0.0125));
#3720=CARTESIAN_POINT('',(0.0117475,-0.009,0.0125));
#3721=CARTESIAN_POINT('',(0.01025,-0.009,0.007));
#3722=CARTESIAN_POINT('',(0.014495,-0.009,0.007));
#3723=CARTESIAN_POINT('',(0.014495,-0.009,0.0125));
#3724=CARTESIAN_POINT('',(0.014495,-0.009,0.0125));
#3725=CARTESIAN_POINT('',(0.0117475,-0.009,0.0125));
#3726=CARTESIAN_POINT('',(0.014495,3.46944695195361E-18,0.0125));
#3727=CARTESIAN_POINT('',(0.014495,0.000250000000000217,0.007));
#3728=CARTESIAN_POINT('',(0.014495,0.009,0.007));
#3729=CARTESIAN_POINT('',(0.014495,0.009,0.0125));
#3730=CARTESIAN_POINT('',(0.014495,0.009,0.0125));
#3731=CARTESIAN_POINT('',(0.014495,3.46944695195361E-18,0.0125));
#3732=CARTESIAN_POINT('',(0.023495,0.009,0.0125));
#3733=CARTESIAN_POINT('',(0.05207,0.009,0.007));
#3734=CARTESIAN_POINT('',(0.089645,0.009,0.007));
#3735=CARTESIAN_POINT('',(0.089645,0.009,0.0125));
#3736=CARTESIAN_POINT('',(0.089645,0.009,0.0125));
#3737=CARTESIAN_POINT('',(0.023495,0.009,0.0125));
#3738=CARTESIAN_POINT('',(0.089645,-1.7347234759768E-18,0.0125));
#3739=CARTESIAN_POINT('',(0.089645,-1.7347234759768E-18,0.007));
#3740=CARTESIAN_POINT('',(0.089645,-0.009,0.007));
#3741=CARTESIAN_POINT('',(0.089645,-0.009,0.0125));
#3742=CARTESIAN_POINT('',(0.089645,-0.009,0.0125));
#3743=CARTESIAN_POINT('',(0.089645,-1.7347234759768E-18,0.0125));
#3744=CARTESIAN_POINT('',(0.09271,-0.009,0.0125));
#3745=CARTESIAN_POINT('',(0.090645,-0.009,0.007));
#3746=CARTESIAN_POINT('',(0.095775,-0.009,0.007));
#3747=CARTESIAN_POINT('',(0.095775,-0.009,0.0125));
#3748=CARTESIAN_POINT('',(0.095775,-0.009,0.0125));
#3749=CARTESIAN_POINT('',(0.09271,-0.009,0.0125));
#3750=CARTESIAN_POINT('',(0.095775,0.,0.0125));
#3751=CARTESIAN_POINT('',(0.095775,0.,0.007));
#3752=CARTESIAN_POINT('',(0.095775,0.009,0.007));
#3753=CARTESIAN_POINT('',(0.095775,0.009,0.0125));
#3754=CARTESIAN_POINT('',(0.095775,0.009,0.0125));
#3755=CARTESIAN_POINT('',(0.095775,0.,0.0125));
#3756=CARTESIAN_POINT('',(0.104775,0.009,0.0125));
#3757=CARTESIAN_POINT('',(0.13335,0.009,0.007));
#3758=CARTESIAN_POINT('',(0.170925,0.009,0.007));
#3759=CARTESIAN_POINT('',(0.170925,0.009,0.0125));
#3760=CARTESIAN_POINT('',(0.170925,0.009,0.0125));
#3761=CARTESIAN_POINT('',(0.104775,0.009,0.0125));
#3762=CARTESIAN_POINT('',(0.170925,6.93889390390723E-18,0.0125));
#3763=CARTESIAN_POINT('',(0.170925,6.93889390390723E-18,0.007));
#3764=CARTESIAN_POINT('',(0.170925,-0.009,0.007));
#3765=CARTESIAN_POINT('',(0.170925,-0.009,0.0125));
#3766=CARTESIAN_POINT('',(0.170925,-0.009,0.0125));
#3767=CARTESIAN_POINT('',(0.170925,6.93889390390723E-18,0.0125));
#3768=CARTESIAN_POINT('',(0.17383125,-0.009,0.0125));
#3769=CARTESIAN_POINT('',(0.171925,-0.009,0.007));
#3770=CARTESIAN_POINT('',(0.1767375,-0.009,0.007));
#3771=CARTESIAN_POINT('',(0.1767375,-0.009,0.0125));
#3772=CARTESIAN_POINT('',(0.1767375,-0.009,0.0125));
#3773=CARTESIAN_POINT('',(0.17383125,-0.009,0.0125));
#3774=CARTESIAN_POINT('',(0.1767375,-8.67361737988404E-18,0.0125));
#3775=CARTESIAN_POINT('',(0.1767375,-6.93889390390723E-18,0.007));
#3776=CARTESIAN_POINT('',(0.1767375,0.009,0.007));
#3777=CARTESIAN_POINT('',(0.1767375,0.009,0.0125));
#3778=CARTESIAN_POINT('',(0.1767375,0.009,0.0125));
#3779=CARTESIAN_POINT('',(0.1767375,-8.67361737988404E-18,0.0125));
#3780=CARTESIAN_POINT('',(0.1857375,0.009,0.0125));
#3781=CARTESIAN_POINT('',(0.2143125,0.009,0.007));
#3782=CARTESIAN_POINT('',(0.2518875,0.009,0.007));
#3783=CARTESIAN_POINT('',(0.2518875,0.009,0.0125));
#3784=CARTESIAN_POINT('',(0.2518875,0.009,0.0125));
#3785=CARTESIAN_POINT('',(0.1857375,0.009,0.0125));
#3786=CARTESIAN_POINT('',(0.302699375,-0.0633,0.0125));
#3787=CARTESIAN_POINT('',(0.302699375,-0.0633,0.0125));
#3788=CARTESIAN_POINT('',(0.267890625,0.000353125,0.0125));
#3789=CARTESIAN_POINT('',(0.267890625,0.000353125,0.0125));
#3790=CARTESIAN_POINT('',(0.273390625,0.000353125,0.0125));
#3791=CARTESIAN_POINT('',(0.2518875,4.16333634234433E-17,0.0125));
#3792=CARTESIAN_POINT('',(0.2518875,0.000475000000000022,0.007));
#3793=CARTESIAN_POINT('',(0.2518875,-0.00955,0.007));
#3794=CARTESIAN_POINT('',(0.2518875,-0.00955,0.007));
#3795=CARTESIAN_POINT('',(0.2518875,4.16333634234433E-17,0.0125));
#3796=CARTESIAN_POINT('',(0.150675,-0.11885,0.0125));
#3797=CARTESIAN_POINT('',(0.323425,-0.11885,0.0125));
#3798=CARTESIAN_POINT('',(0.323425,-0.11885,3.012E-05));
#3799=CARTESIAN_POINT('',(0.323425,-0.11885,0.0115));
#3800=CARTESIAN_POINT('',(0.150675,-0.11885,0.0115));
#3801=CARTESIAN_POINT('',(-0.022075,-0.11885,0.0115));
#3802=CARTESIAN_POINT('',(-0.022075,-0.11885,-0.00146988));
#3803=CARTESIAN_POINT('',(-0.022075,-0.11885,3.012E-05));
#3804=CARTESIAN_POINT('',(0.150675,-0.11885,3.012E-05));
#3805=CARTESIAN_POINT('',(0.150675,-0.047475,0.0125));
#3806=CARTESIAN_POINT('',(0.150675,-0.11785,0.0125));
#3807=CARTESIAN_POINT('',(-0.022075,-0.11785,0.0125));
#3808=CARTESIAN_POINT('',(0.323425,-0.11785,0.0125));
#3809=CARTESIAN_POINT('',(0.323425,-0.11735,0.0125));
#3810=CARTESIAN_POINT('',(0.323925,-0.11735,0.0125));
#3811=CARTESIAN_POINT('',(0.323925,-0.047475,0.0125));
#3812=CARTESIAN_POINT('',(0.323925,0.0224,0.0125));
#3813=CARTESIAN_POINT('',(0.323425,0.0224,0.0125));
#3814=CARTESIAN_POINT('',(0.323425,0.0229,0.0125));
#3815=CARTESIAN_POINT('',(-0.022075,0.0229,0.0125));
#3816=CARTESIAN_POINT('',(-0.022075,0.0229,0.0125));
#3817=CARTESIAN_POINT('',(-0.022075,0.0224,0.0125));
#3818=CARTESIAN_POINT('',(-0.022575,0.0224,0.0125));
#3819=CARTESIAN_POINT('',(-0.022575,-0.11735,0.0125));
#3820=CARTESIAN_POINT('',(-0.022575,-0.11735,0.0125));
#3821=CARTESIAN_POINT('',(-0.022075,-0.11735,0.0125));
#3822=CARTESIAN_POINT('',(-0.021075,-0.11295294,-0.00146988));
#3823=CARTESIAN_POINT('',(-0.021075,-0.11295294,0.009));
#3824=CARTESIAN_POINT('',(-0.021075,-0.115217646666667,-0.00146988));
#3825=CARTESIAN_POINT('',(-0.021075,-0.115217646666667,0.009));
#3826=CARTESIAN_POINT('',(-0.0199426466666667,-0.11635,-0.00146988));
#3827=CARTESIAN_POINT('',(-0.0199426466666667,-0.11635,0.009));
#3828=CARTESIAN_POINT('',(-0.01767794,-0.11635,-0.00146988));
#3829=CARTESIAN_POINT('',(-0.01767794,-0.11635,0.009));
#3830=CARTESIAN_POINT('',(-0.01767794,-0.11635,-0.00146988));
#3831=CARTESIAN_POINT('',(-0.01767794,-0.11635,-0.00146988));
#3832=CARTESIAN_POINT('',(-0.021075,-0.11295294,-0.00146988));
#3833=CARTESIAN_POINT('',(-0.021075,-0.11635,-0.00146988));
#3834=CARTESIAN_POINT('',(-0.01767794,-0.11635,-0.00146988));
#3835=CARTESIAN_POINT('',(-0.021075,-0.11295294,-0.00146988));
#3836=CARTESIAN_POINT('',(-0.021075,-0.11295294,-0.00146988));
#3837=CARTESIAN_POINT('',(0.150675,-0.11635,-0.00146988));
#3838=CARTESIAN_POINT('',(0.31202794,-0.11635,3.012E-05));
#3839=CARTESIAN_POINT('',(0.31702794,-0.11635,3.012E-05));
#3840=CARTESIAN_POINT('',(0.30702794,-0.11635,3.012E-05));
#3841=CARTESIAN_POINT('',(0.30702794,-0.11635,-0.00071988));
#3842=CARTESIAN_POINT('',(0.30702794,-0.11635,-0.00146988));
#3843=CARTESIAN_POINT('',(0.150675,-0.11635,-0.00146988));
#3844=CARTESIAN_POINT('',(0.27702794,-0.11635,-0.00146988));
#3845=CARTESIAN_POINT('',(0.27702794,-0.11635,-0.00071988));
#3846=CARTESIAN_POINT('',(0.27702794,-0.11635,3.012E-05));
#3847=CARTESIAN_POINT('',(0.27202794,-0.11635,3.012E-05));
#3848=CARTESIAN_POINT('',(0.26702794,-0.11635,3.012E-05));
#3849=CARTESIAN_POINT('',(0.26702794,-0.11635,-0.00071988));
#3850=CARTESIAN_POINT('',(0.26702794,-0.11635,-0.00146988));
#3851=CARTESIAN_POINT('',(0.150675,-0.11635,-0.00146988));
#3852=CARTESIAN_POINT('',(0.23702794,-0.11635,-0.00146988));
#3853=CARTESIAN_POINT('',(0.23702794,-0.11635,-0.00071988));
#3854=CARTESIAN_POINT('',(0.23702794,-0.11635,3.012E-05));
#3855=CARTESIAN_POINT('',(0.23202794,-0.11635,3.012E-05));
#3856=CARTESIAN_POINT('',(0.22702794,-0.11635,3.012E-05));
#3857=CARTESIAN_POINT('',(0.22702794,-0.11635,-0.00071988));
#3858=CARTESIAN_POINT('',(0.22702794,-0.11635,-0.00146988));
#3859=CARTESIAN_POINT('',(0.150675,-0.11635,-0.00146988));
#3860=CARTESIAN_POINT('',(0.19702794,-0.11635,-0.00146988));
#3861=CARTESIAN_POINT('',(0.19702794,-0.11635,-0.00071988));
#3862=CARTESIAN_POINT('',(0.19702794,-0.11635,3.012E-05));
#3863=CARTESIAN_POINT('',(0.19202794,-0.11635,3.012E-05));
#3864=CARTESIAN_POINT('',(0.18702794,-0.11635,3.012E-05));
#3865=CARTESIAN_POINT('',(0.18702794,-0.11635,-0.00071988));
#3866=CARTESIAN_POINT('',(0.18702794,-0.11635,-0.00146988));
#3867=CARTESIAN_POINT('',(0.150675,-0.11635,-0.00146988));
#3868=CARTESIAN_POINT('',(0.15702794,-0.11635,-0.00146988));
#3869=CARTESIAN_POINT('',(0.15702794,-0.11635,-0.00071988));
#3870=CARTESIAN_POINT('',(0.15702794,-0.11635,3.012E-05));
#3871=CARTESIAN_POINT('',(0.15202794,-0.11635,3.012E-05));
#3872=CARTESIAN_POINT('',(0.14702794,-0.11635,3.012E-05));
#3873=CARTESIAN_POINT('',(0.14702794,-0.11635,-0.00071988));
#3874=CARTESIAN_POINT('',(0.14702794,-0.11635,-0.00146988));
#3875=CARTESIAN_POINT('',(0.150675,-0.11635,-0.00146988));
#3876=CARTESIAN_POINT('',(0.11702794,-0.11635,-0.00146988));
#3877=CARTESIAN_POINT('',(0.11702794,-0.11635,-0.00071988));
#3878=CARTESIAN_POINT('',(0.11702794,-0.11635,3.012E-05));
#3879=CARTESIAN_POINT('',(0.11202794,-0.11635,3.012E-05));
#3880=CARTESIAN_POINT('',(0.10702794,-0.11635,3.012E-05));
#3881=CARTESIAN_POINT('',(0.10702794,-0.11635,-0.00071988));
#3882=CARTESIAN_POINT('',(0.10702794,-0.11635,-0.00146988));
#3883=CARTESIAN_POINT('',(0.150675,-0.11635,-0.00146988));
#3884=CARTESIAN_POINT('',(0.07702794,-0.11635,-0.00146988));
#3885=CARTESIAN_POINT('',(0.07702794,-0.11635,-0.00071988));
#3886=CARTESIAN_POINT('',(0.07702794,-0.11635,3.012E-05));
#3887=CARTESIAN_POINT('',(0.07202794,-0.11635,3.012E-05));
#3888=CARTESIAN_POINT('',(0.06702794,-0.11635,3.012E-05));
#3889=CARTESIAN_POINT('',(0.06702794,-0.11635,-0.00071988));
#3890=CARTESIAN_POINT('',(0.06702794,-0.11635,-0.00146988));
#3891=CARTESIAN_POINT('',(0.150675,-0.11635,-0.00146988));
#3892=CARTESIAN_POINT('',(0.03702794,-0.11635,-0.00146988));
#3893=CARTESIAN_POINT('',(0.03702794,-0.11635,-0.00071988));
#3894=CARTESIAN_POINT('',(0.03702794,-0.11635,3.012E-05));
#3895=CARTESIAN_POINT('',(0.03202794,-0.11635,3.012E-05));
#3896=CARTESIAN_POINT('',(0.02702794,-0.11635,3.012E-05));
#3897=CARTESIAN_POINT('',(0.02702794,-0.11635,-0.00071988));
#3898=CARTESIAN_POINT('',(0.02702794,-0.11635,-0.00146988));
#3899=CARTESIAN_POINT('',(0.150675,-0.11635,-0.00146988));
#3900=CARTESIAN_POINT('',(-0.00297205999999994,-0.11635,-0.00146988));
#3901=CARTESIAN_POINT('',(-0.00297205999999993,-0.11635,-0.00071988));
#3902=CARTESIAN_POINT('',(-0.00297205999999994,-0.11635,3.012E-05));
#3903=CARTESIAN_POINT('',(-0.00797206,-0.11635,3.012E-05));
#3904=CARTESIAN_POINT('',(-0.01297206,-0.11635,3.012E-05));
#3905=CARTESIAN_POINT('',(-0.01297206,-0.11635,-0.00071988));
#3906=CARTESIAN_POINT('',(-0.01297206,-0.11635,-0.00146988));
#3907=CARTESIAN_POINT('',(0.150675,-0.11635,-0.00146988));
#3908=CARTESIAN_POINT('',(0.31902794,-0.11635,-0.00146988));
#3909=CARTESIAN_POINT('',(0.31902794,-0.11635,-0.00146988));
#3910=CARTESIAN_POINT('',(0.150675,-0.11635,-0.00146988));
#3911=CARTESIAN_POINT('',(0.31702794,-0.11635,-0.00146988));
#3912=CARTESIAN_POINT('',(0.31702794,-0.11635,-0.00071988));
#3913=CARTESIAN_POINT('',(0.31902794,-0.11635,-0.00146988));
#3914=CARTESIAN_POINT('',(0.31902794,-0.11635,0.009));
#3915=CARTESIAN_POINT('',(0.321292646666667,-0.11635,-0.00146988));
#3916=CARTESIAN_POINT('',(0.321292646666667,-0.11635,0.009));
#3917=CARTESIAN_POINT('',(0.322425,-0.115217646666667,-0.00146988));
#3918=CARTESIAN_POINT('',(0.322425,-0.115217646666667,0.009));
#3919=CARTESIAN_POINT('',(0.322425,-0.11295294,-0.00146988));
#3920=CARTESIAN_POINT('',(0.322425,-0.11295294,0.009));
#3921=CARTESIAN_POINT('',(0.322425,-0.11295294,-0.00146988));
#3922=CARTESIAN_POINT('',(0.322425,-0.11295294,-0.00146988));
#3923=CARTESIAN_POINT('',(0.31902794,-0.11635,-0.00146988));
#3924=CARTESIAN_POINT('',(0.322425,-0.11635,-0.00146988));
#3925=CARTESIAN_POINT('',(0.322425,-0.11295294,-0.00146988));
#3926=CARTESIAN_POINT('',(0.322425,-0.047475,-0.00146988));
#3927=CARTESIAN_POINT('',(0.322425,0.01800294,-0.00146988));
#3928=CARTESIAN_POINT('',(0.322425,0.01800294,-0.00146988));
#3929=CARTESIAN_POINT('',(0.322425,-0.047475,-0.00146988));
#3930=CARTESIAN_POINT('',(0.31902794,0.0214,-0.00146988));
#3931=CARTESIAN_POINT('',(0.31902794,0.0214,0.009));
#3932=CARTESIAN_POINT('',(0.321292646666667,0.0214,-0.00146988));
#3933=CARTESIAN_POINT('',(0.321292646666667,0.0214,0.009));
#3934=CARTESIAN_POINT('',(0.322425,0.0202676466666667,-0.00146988));
#3935=CARTESIAN_POINT('',(0.322425,0.0202676466666667,0.009));
#3936=CARTESIAN_POINT('',(0.322425,0.01800294,-0.00146988));
#3937=CARTESIAN_POINT('',(0.322425,0.01800294,0.009));
#3938=CARTESIAN_POINT('',(0.31902794,0.0214,-0.00146988));
#3939=CARTESIAN_POINT('',(0.322425,0.0214,-0.00146988));
#3940=CARTESIAN_POINT('',(0.322425,0.01800294,-0.00146988));
#3941=CARTESIAN_POINT('',(-0.021075,0.01800294,-0.00146988));
#3942=CARTESIAN_POINT('',(-0.021075,0.01800294,0.009));
#3943=CARTESIAN_POINT('',(-0.021075,0.0202676466666667,-0.00146988));
#3944=CARTESIAN_POINT('',(-0.021075,0.0202676466666667,0.009));
#3945=CARTESIAN_POINT('',(-0.0199426466666667,0.0214,-0.00146988));
#3946=CARTESIAN_POINT('',(-0.0199426466666667,0.0214,0.009));
#3947=CARTESIAN_POINT('',(-0.01767794,0.0214,-0.00146988));
#3948=CARTESIAN_POINT('',(-0.01767794,0.0214,0.009));
#3949=CARTESIAN_POINT('',(-0.021075,0.01800294,-0.00146988));
#3950=CARTESIAN_POINT('',(-0.021075,0.01800294,-0.00146988));
#3951=CARTESIAN_POINT('',(-0.021075,0.01800294,-0.00146988));
#3952=CARTESIAN_POINT('',(-0.021075,0.0214,-0.00146988));
#3953=CARTESIAN_POINT('',(-0.01767794,0.0214,-0.00146988));
#3954=CARTESIAN_POINT('',(-0.021075,-0.047475,-0.00146988));
#3955=CARTESIAN_POINT('',(-0.021075,-0.047475,-0.00146988));
#3956=CARTESIAN_POINT('',(0.150675,-0.047475,-0.00146988));
#3957=CARTESIAN_POINT('',(0.145475,0.0214,-0.00146988));
#3958=CARTESIAN_POINT('',(-0.01297206,-0.11535,-0.00146988));
#3959=CARTESIAN_POINT('',(-0.01297206,-0.11535,-0.00146988));
#3960=CARTESIAN_POINT('',(-0.00797206,-0.11535,-0.00146988));
#3961=CARTESIAN_POINT('',(-0.00297205999999994,-0.11535,-0.00146988));
#3962=CARTESIAN_POINT('',(-0.00297205999999994,-0.11535,-0.00146988));
#3963=CARTESIAN_POINT('',(0.02702794,-0.11535,-0.00146988));
#3964=CARTESIAN_POINT('',(0.02702794,-0.11535,-0.00146988));
#3965=CARTESIAN_POINT('',(0.03202794,-0.11535,-0.00146988));
#3966=CARTESIAN_POINT('',(0.03702794,-0.11535,-0.00146988));
#3967=CARTESIAN_POINT('',(0.03702794,-0.11535,-0.00146988));
#3968=CARTESIAN_POINT('',(0.06702794,-0.11535,-0.00146988));
#3969=CARTESIAN_POINT('',(0.06702794,-0.11535,-0.00146988));
#3970=CARTESIAN_POINT('',(0.07202794,-0.11535,-0.00146988));
#3971=CARTESIAN_POINT('',(0.07702794,-0.11535,-0.00146988));
#3972=CARTESIAN_POINT('',(0.07702794,-0.11535,-0.00146988));
#3973=CARTESIAN_POINT('',(0.10702794,-0.11535,-0.00146988));
#3974=CARTESIAN_POINT('',(0.10702794,-0.11535,-0.00146988));
#3975=CARTESIAN_POINT('',(0.11202794,-0.11535,-0.00146988));
#3976=CARTESIAN_POINT('',(0.11702794,-0.11535,-0.00146988));
#3977=CARTESIAN_POINT('',(0.11702794,-0.11535,-0.00146988));
#3978=CARTESIAN_POINT('',(0.14702794,-0.11535,-0.00146988));
#3979=CARTESIAN_POINT('',(0.14702794,-0.11535,-0.00146988));
#3980=CARTESIAN_POINT('',(0.15202794,-0.11535,-0.00146988));
#3981=CARTESIAN_POINT('',(0.15702794,-0.11535,-0.00146988));
#3982=CARTESIAN_POINT('',(0.15702794,-0.11535,-0.00146988));
#3983=CARTESIAN_POINT('',(0.18702794,-0.11535,-0.00146988));
#3984=CARTESIAN_POINT('',(0.18702794,-0.11535,-0.00146988));
#3985=CARTESIAN_POINT('',(0.19202794,-0.11535,-0.00146988));
#3986=CARTESIAN_POINT('',(0.19702794,-0.11535,-0.00146988));
#3987=CARTESIAN_POINT('',(0.19702794,-0.11535,-0.00146988));
#3988=CARTESIAN_POINT('',(0.22702794,-0.11535,-0.00146988));
#3989=CARTESIAN_POINT('',(0.22702794,-0.11535,-0.00146988));
#3990=CARTESIAN_POINT('',(0.23202794,-0.11535,-0.00146988));
#3991=CARTESIAN_POINT('',(0.23702794,-0.11535,-0.00146988));
#3992=CARTESIAN_POINT('',(0.23702794,-0.11535,-0.00146988));
#3993=CARTESIAN_POINT('',(0.26702794,-0.11535,-0.00146988));
#3994=CARTESIAN_POINT('',(0.26702794,-0.11535,-0.00146988));
#3995=CARTESIAN_POINT('',(0.27202794,-0.11535,-0.00146988));
#3996=CARTESIAN_POINT('',(0.27702794,-0.11535,-0.00146988));
#3997=CARTESIAN_POINT('',(0.27702794,-0.11535,-0.00146988));
#3998=CARTESIAN_POINT('',(0.30702794,-0.11535,-0.00146988));
#3999=CARTESIAN_POINT('',(0.30702794,-0.11535,-0.00146988));
#4000=CARTESIAN_POINT('',(0.31202794,-0.11535,-0.00146988));
#4001=CARTESIAN_POINT('',(0.31702794,-0.11535,-0.00146988));
#4002=CARTESIAN_POINT('',(0.31702794,-0.11535,-0.00146988));
#4003=CARTESIAN_POINT('',(0.150675,-0.11735,-0.00146988));
#4004=CARTESIAN_POINT('',(0.323425,-0.11735,-0.00146988));
#4005=CARTESIAN_POINT('',(-0.022075,-0.11735,-0.00146988));
#4006=CARTESIAN_POINT('',(-0.022075,0.0239,-0.00146988));
#4007=CARTESIAN_POINT('',(-0.022075,0.0224,-0.00146988));
#4008=CARTESIAN_POINT('',(0.324925,0.0224,-0.00146988));
#4009=CARTESIAN_POINT('',(0.323425,0.0224,-0.00146988));
#4010=CARTESIAN_POINT('',(0.323425,-0.047475,-0.00146988));
#4011=CARTESIAN_POINT('',(0.323425,0.0224,0.0125));
#4012=CARTESIAN_POINT('',(0.323425,0.0224,0.0115));
#4013=CARTESIAN_POINT('',(0.323425,0.0224,3.012E-05));
#4014=CARTESIAN_POINT('',(0.323425,0.0224,3.012E-05));
#4015=CARTESIAN_POINT('',(0.323425,0.0224,3.012E-05));
#4016=CARTESIAN_POINT('',(0.323425,0.0224,3.012E-05));
#4017=CARTESIAN_POINT('',(0.323425,-0.11735,0.0125));
#4018=CARTESIAN_POINT('',(0.323425,-0.11735,0.0115));
#4019=CARTESIAN_POINT('',(0.323425,-0.11735,3.012E-05));
#4020=CARTESIAN_POINT('',(0.323425,-0.048975,3.012E-05));
#4021=CARTESIAN_POINT('',(0.323425,-0.11735,3.012E-05));
#4022=CARTESIAN_POINT('',(0.150675,0.0224,3.012E-05));
#4023=CARTESIAN_POINT('',(-0.022075,0.0224,3.012E-05));
#4024=CARTESIAN_POINT('',(-0.022075,0.0224,0.0125));
#4025=CARTESIAN_POINT('',(-0.022075,0.0224,0.0115));
#4026=CARTESIAN_POINT('',(-0.022075,0.0224,3.012E-05));
#4027=CARTESIAN_POINT('',(0.323425,-0.11735,3.012E-05));
#4028=CARTESIAN_POINT('',(0.323425,-0.11735,3.012E-05));
#4029=CARTESIAN_POINT('',(-0.022075,0.0224,3.012E-05));
#4030=CARTESIAN_POINT('',(-0.022075,0.0224,3.012E-05));
#4031=CARTESIAN_POINT('',(0.150675,-0.11735,3.012E-05));
#4032=CARTESIAN_POINT('',(-0.022075,-0.11735,3.012E-05));
#4033=CARTESIAN_POINT('',(-0.022075,-0.047475,3.012E-05));
#4034=CARTESIAN_POINT('',(-0.022075,-0.11735,3.012E-05));
#4035=CARTESIAN_POINT('',(-0.022075,-0.11735,3.012E-05));
#4036=CARTESIAN_POINT('',(-0.022075,-0.11735,3.012E-05));
#4037=CARTESIAN_POINT('',(-0.022075,-0.11735,0.0125));
#4038=CARTESIAN_POINT('',(-0.022075,-0.11735,0.0115));
#4039=CARTESIAN_POINT('',(-0.022075,0.0224,0.0115));
#4040=CARTESIAN_POINT('',(-0.022075,0.0229,0.0115));
#4041=CARTESIAN_POINT('',(-0.022575,0.0224,0.0115));
#4042=CARTESIAN_POINT('',(-0.022575,-0.047475,0.0115));
#4043=CARTESIAN_POINT('',(-0.022575,-0.11735,0.0115));
#4044=CARTESIAN_POINT('',(0.150675,0.0229,0.0115));
#4045=CARTESIAN_POINT('',(0.323425,0.0229,0.0115));
#4046=CARTESIAN_POINT('',(-0.022075,-0.11735,0.0115));
#4047=CARTESIAN_POINT('',(-0.022075,-0.11785,0.0115));
#4048=CARTESIAN_POINT('',(0.323425,0.0224,0.0115));
#4049=CARTESIAN_POINT('',(0.323925,0.0224,0.0115));
#4050=CARTESIAN_POINT('',(0.150675,-0.11785,0.0115));
#4051=CARTESIAN_POINT('',(0.323425,-0.11785,0.0115));
#4052=CARTESIAN_POINT('',(0.323925,-0.048975,0.0115));
#4053=CARTESIAN_POINT('',(0.323925,-0.11735,0.0115));
#4054=CARTESIAN_POINT('',(0.323425,-0.11735,0.0115));
#4055=CARTESIAN_POINT('',(-0.00797206,-0.11535,3.012E-05));
#4056=CARTESIAN_POINT('',(-0.00297205999999994,-0.11535,3.012E-05));
#4057=CARTESIAN_POINT('',(-0.00297205999999994,-0.11535,3.012E-05));
#4058=CARTESIAN_POINT('',(-0.00797206,-0.11535,3.012E-05));
#4059=CARTESIAN_POINT('',(-0.01297206,-0.11535,3.012E-05));
#4060=CARTESIAN_POINT('',(-0.01297206,-0.11535,3.012E-05));
#4061=CARTESIAN_POINT('',(-0.00297205999999993,-0.11535,-0.00071988));
#4062=CARTESIAN_POINT('',(-0.00297205999999993,-0.11535,-0.00071988));
#4063=CARTESIAN_POINT('',(-0.01297206,-0.11535,-0.00071988));
#4064=CARTESIAN_POINT('',(-0.01297206,-0.11535,-0.00071988));
#4065=CARTESIAN_POINT('',(0.150675,-0.11535,-0.00071988));
#4066=CARTESIAN_POINT('',(0.03202794,-0.11535,3.012E-05));
#4067=CARTESIAN_POINT('',(0.03702794,-0.11535,3.012E-05));
#4068=CARTESIAN_POINT('',(0.03702794,-0.11535,3.012E-05));
#4069=CARTESIAN_POINT('',(0.03202794,-0.11535,3.012E-05));
#4070=CARTESIAN_POINT('',(0.02702794,-0.11535,3.012E-05));
#4071=CARTESIAN_POINT('',(0.02702794,-0.11535,3.012E-05));
#4072=CARTESIAN_POINT('',(0.03702794,-0.11535,-0.00071988));
#4073=CARTESIAN_POINT('',(0.03702794,-0.11535,-0.00071988));
#4074=CARTESIAN_POINT('',(0.02702794,-0.11535,-0.00071988));
#4075=CARTESIAN_POINT('',(0.02702794,-0.11535,-0.00071988));
#4076=CARTESIAN_POINT('',(0.150675,-0.11535,-0.00071988));
#4077=CARTESIAN_POINT('',(0.07202794,-0.11535,3.012E-05));
#4078=CARTESIAN_POINT('',(0.07702794,-0.11535,3.012E-05));
#4079=CARTESIAN_POINT('',(0.07702794,-0.11535,3.012E-05));
#4080=CARTESIAN_POINT('',(0.07202794,-0.11535,3.012E-05));
#4081=CARTESIAN_POINT('',(0.06702794,-0.11535,3.012E-05));
#4082=CARTESIAN_POINT('',(0.06702794,-0.11535,3.012E-05));
#4083=CARTESIAN_POINT('',(0.07702794,-0.11535,-0.00071988));
#4084=CARTESIAN_POINT('',(0.07702794,-0.11535,-0.00071988));
#4085=CARTESIAN_POINT('',(0.06702794,-0.11535,-0.00071988));
#4086=CARTESIAN_POINT('',(0.06702794,-0.11535,-0.00071988));
#4087=CARTESIAN_POINT('',(0.150675,-0.11535,-0.00071988));
#4088=CARTESIAN_POINT('',(0.11202794,-0.11535,3.012E-05));
#4089=CARTESIAN_POINT('',(0.11702794,-0.11535,3.012E-05));
#4090=CARTESIAN_POINT('',(0.11702794,-0.11535,3.012E-05));
#4091=CARTESIAN_POINT('',(0.11202794,-0.11535,3.012E-05));
#4092=CARTESIAN_POINT('',(0.10702794,-0.11535,3.012E-05));
#4093=CARTESIAN_POINT('',(0.10702794,-0.11535,3.012E-05));
#4094=CARTESIAN_POINT('',(0.11702794,-0.11535,-0.00071988));
#4095=CARTESIAN_POINT('',(0.11702794,-0.11535,-0.00071988));
#4096=CARTESIAN_POINT('',(0.10702794,-0.11535,-0.00071988));
#4097=CARTESIAN_POINT('',(0.10702794,-0.11535,-0.00071988));
#4098=CARTESIAN_POINT('',(0.150675,-0.11535,-0.00071988));
#4099=CARTESIAN_POINT('',(0.15202794,-0.11535,3.012E-05));
#4100=CARTESIAN_POINT('',(0.15702794,-0.11535,3.012E-05));
#4101=CARTESIAN_POINT('',(0.15702794,-0.11535,3.012E-05));
#4102=CARTESIAN_POINT('',(0.15202794,-0.11535,3.012E-05));
#4103=CARTESIAN_POINT('',(0.14702794,-0.11535,3.012E-05));
#4104=CARTESIAN_POINT('',(0.14702794,-0.11535,3.012E-05));
#4105=CARTESIAN_POINT('',(0.15702794,-0.11535,-0.00071988));
#4106=CARTESIAN_POINT('',(0.15702794,-0.11535,-0.00071988));
#4107=CARTESIAN_POINT('',(0.14702794,-0.11535,-0.00071988));
#4108=CARTESIAN_POINT('',(0.14702794,-0.11535,-0.00071988));
#4109=CARTESIAN_POINT('',(0.150675,-0.11535,-0.00071988));
#4110=CARTESIAN_POINT('',(0.19202794,-0.11535,3.012E-05));
#4111=CARTESIAN_POINT('',(0.19702794,-0.11535,3.012E-05));
#4112=CARTESIAN_POINT('',(0.19702794,-0.11535,3.012E-05));
#4113=CARTESIAN_POINT('',(0.19202794,-0.11535,3.012E-05));
#4114=CARTESIAN_POINT('',(0.18702794,-0.11535,3.012E-05));
#4115=CARTESIAN_POINT('',(0.18702794,-0.11535,3.012E-05));
#4116=CARTESIAN_POINT('',(0.19702794,-0.11535,-0.00071988));
#4117=CARTESIAN_POINT('',(0.19702794,-0.11535,-0.00071988));
#4118=CARTESIAN_POINT('',(0.18702794,-0.11535,-0.00071988));
#4119=CARTESIAN_POINT('',(0.18702794,-0.11535,-0.00071988));
#4120=CARTESIAN_POINT('',(0.150675,-0.11535,-0.00071988));
#4121=CARTESIAN_POINT('',(0.23202794,-0.11535,3.012E-05));
#4122=CARTESIAN_POINT('',(0.23702794,-0.11535,3.012E-05));
#4123=CARTESIAN_POINT('',(0.23702794,-0.11535,3.012E-05));
#4124=CARTESIAN_POINT('',(0.23202794,-0.11535,3.012E-05));
#4125=CARTESIAN_POINT('',(0.22702794,-0.11535,3.012E-05));
#4126=CARTESIAN_POINT('',(0.22702794,-0.11535,3.012E-05));
#4127=CARTESIAN_POINT('',(0.23702794,-0.11535,-0.00071988));
#4128=CARTESIAN_POINT('',(0.23702794,-0.11535,-0.00071988));
#4129=CARTESIAN_POINT('',(0.22702794,-0.11535,-0.00071988));
#4130=CARTESIAN_POINT('',(0.22702794,-0.11535,-0.00071988));
#4131=CARTESIAN_POINT('',(0.150675,-0.11535,-0.00071988));
#4132=CARTESIAN_POINT('',(0.27202794,-0.11535,3.012E-05));
#4133=CARTESIAN_POINT('',(0.27702794,-0.11535,3.012E-05));
#4134=CARTESIAN_POINT('',(0.27702794,-0.11535,3.012E-05));
#4135=CARTESIAN_POINT('',(0.27202794,-0.11535,3.012E-05));
#4136=CARTESIAN_POINT('',(0.26702794,-0.11535,3.012E-05));
#4137=CARTESIAN_POINT('',(0.26702794,-0.11535,3.012E-05));
#4138=CARTESIAN_POINT('',(0.27702794,-0.11535,-0.00071988));
#4139=CARTESIAN_POINT('',(0.27702794,-0.11535,-0.00071988));
#4140=CARTESIAN_POINT('',(0.26702794,-0.11535,-0.00071988));
#4141=CARTESIAN_POINT('',(0.26702794,-0.11535,-0.00071988));
#4142=CARTESIAN_POINT('',(0.150675,-0.11535,-0.00071988));
#4143=CARTESIAN_POINT('',(0.31202794,-0.11535,3.012E-05));
#4144=CARTESIAN_POINT('',(0.31702794,-0.11535,3.012E-05));
#4145=CARTESIAN_POINT('',(0.31702794,-0.11535,3.012E-05));
#4146=CARTESIAN_POINT('',(0.31202794,-0.11535,3.012E-05));
#4147=CARTESIAN_POINT('',(0.30702794,-0.11535,3.012E-05));
#4148=CARTESIAN_POINT('',(0.30702794,-0.11535,3.012E-05));
#4149=CARTESIAN_POINT('',(0.31702794,-0.11535,-0.00071988));
#4150=CARTESIAN_POINT('',(0.31702794,-0.11535,-0.00071988));
#4151=CARTESIAN_POINT('',(0.30702794,-0.11535,-0.00071988));
#4152=CARTESIAN_POINT('',(0.30702794,-0.11535,-0.00071988));
#4153=CARTESIAN_POINT('',(0.150675,-0.11535,-0.00071988));
#4154=CARTESIAN_POINT('',(0.155475,0.0204,0.00093012));
#4155=CARTESIAN_POINT('',(0.155475,0.0209,0.00213012));
#4156=CARTESIAN_POINT('',(0.155475,0.0204,0.00093012));
#4157=CARTESIAN_POINT('',(0.155475,0.0209,-0.00026988));
#4158=CARTESIAN_POINT('',(0.145875,0.0204,0.00093012));
#4159=CARTESIAN_POINT('',(0.145875,0.0204,0.00093012));
#4160=CARTESIAN_POINT('',(0.145875,0.0204,0.00093012));
#4161=CARTESIAN_POINT('',(0.145875,0.0204,0.00093012));
#4162=CARTESIAN_POINT('',(0.145475,0.0209,-0.00026988));
#4163=CARTESIAN_POINT('',(0.145475,0.0204,0.00093012));
#4164=CARTESIAN_POINT('',(0.145475,0.0209,0.00213012));
#4165=CARTESIAN_POINT('',(0.22819375,-0.095975,0.007));
#4166=CARTESIAN_POINT('',(0.22819375,-0.095975,0.009));
#4167=CARTESIAN_POINT('',(0.22819375,-0.10425,0.009));
#4168=CARTESIAN_POINT('',(0.22819375,-0.0877,0.009));
#4169=CARTESIAN_POINT('',(0.22819375,-0.10425,0.007));
#4170=CARTESIAN_POINT('',(0.22819375,-0.10425,0.007));
#4171=CARTESIAN_POINT('',(0.22819375,-0.095975,0.007));
#4172=CARTESIAN_POINT('',(0.22819375,-0.0877,0.007));
#4173=CARTESIAN_POINT('',(0.22819375,-0.0877,0.007));
#4174=CARTESIAN_POINT('',(0.241696875,-0.10425,0.007));
#4175=CARTESIAN_POINT('',(0.241696875,-0.10425,0.009));
#4176=CARTESIAN_POINT('',(0.2552,-0.10425,0.009));
#4177=CARTESIAN_POINT('',(0.2552,-0.10425,0.007));
#4178=CARTESIAN_POINT('',(0.2552,-0.10425,0.007));
#4179=CARTESIAN_POINT('',(0.241696875,-0.10425,0.007));
#4180=CARTESIAN_POINT('',(0.2552,-0.095975,0.007));
#4181=CARTESIAN_POINT('',(0.2552,-0.095975,0.009));
#4182=CARTESIAN_POINT('',(0.2552,-0.0877,0.009));
#4183=CARTESIAN_POINT('',(0.2552,-0.0877,0.007));
#4184=CARTESIAN_POINT('',(0.2552,-0.0877,0.007));
#4185=CARTESIAN_POINT('',(0.2552,-0.095975,0.007));
#4186=CARTESIAN_POINT('',(0.093775,0.001,0.007));
#4187=CARTESIAN_POINT('',(0.093775,0.001,0.009));
#4188=CARTESIAN_POINT('',(0.093775,0.009,0.009));
#4189=CARTESIAN_POINT('',(0.093775,-0.007,0.009));
#4190=CARTESIAN_POINT('',(0.093775,0.009,0.007));
#4191=CARTESIAN_POINT('',(0.093775,0.009,0.007));
#4192=CARTESIAN_POINT('',(0.093775,0.001,0.007));
#4193=CARTESIAN_POINT('',(0.093775,-0.007,0.007));
#4194=CARTESIAN_POINT('',(0.093775,-0.007,0.007));
#4195=CARTESIAN_POINT('',(0.09271,0.009,0.007));
#4196=CARTESIAN_POINT('',(0.09271,0.009,0.009));
#4197=CARTESIAN_POINT('',(0.091645,0.009,0.009));
#4198=CARTESIAN_POINT('',(0.091645,0.009,0.007));
#4199=CARTESIAN_POINT('',(0.091645,0.009,0.007));
#4200=CARTESIAN_POINT('',(0.09271,0.009,0.007));
#4201=CARTESIAN_POINT('',(0.091645,0.001,0.007));
#4202=CARTESIAN_POINT('',(0.091645,0.001,0.009));
#4203=CARTESIAN_POINT('',(0.091645,-0.007,0.009));
#4204=CARTESIAN_POINT('',(0.091645,-0.007,0.007));
#4205=CARTESIAN_POINT('',(0.091645,-0.007,0.007));
#4206=CARTESIAN_POINT('',(0.091645,0.001,0.007));
#4207=CARTESIAN_POINT('',(0.1747375,0.001,0.007));
#4208=CARTESIAN_POINT('',(0.1747375,0.001,0.009));
#4209=CARTESIAN_POINT('',(0.1747375,0.009,0.009));
#4210=CARTESIAN_POINT('',(0.1747375,-0.007,0.009));
#4211=CARTESIAN_POINT('',(0.1747375,0.009,0.007));
#4212=CARTESIAN_POINT('',(0.1747375,0.009,0.007));
#4213=CARTESIAN_POINT('',(0.1747375,0.001,0.007));
#4214=CARTESIAN_POINT('',(0.1747375,-0.007,0.007));
#4215=CARTESIAN_POINT('',(0.1747375,-0.007,0.007));
#4216=CARTESIAN_POINT('',(0.17383125,0.009,0.007));
#4217=CARTESIAN_POINT('',(0.17383125,0.009,0.009));
#4218=CARTESIAN_POINT('',(0.172925,0.009,0.009));
#4219=CARTESIAN_POINT('',(0.172925,0.009,0.007));
#4220=CARTESIAN_POINT('',(0.172925,0.009,0.007));
#4221=CARTESIAN_POINT('',(0.17383125,0.009,0.007));
#4222=CARTESIAN_POINT('',(0.172925,0.001,0.007));
#4223=CARTESIAN_POINT('',(0.172925,0.001,0.009));
#4224=CARTESIAN_POINT('',(0.172925,-0.007,0.009));
#4225=CARTESIAN_POINT('',(0.172925,-0.007,0.007));
#4226=CARTESIAN_POINT('',(0.172925,-0.007,0.007));
#4227=CARTESIAN_POINT('',(0.172925,0.001,0.007));
#4228=CARTESIAN_POINT('',(0.0117475,0.009,0.007));
#4229=CARTESIAN_POINT('',(0.0117475,0.009,0.009));
#4230=CARTESIAN_POINT('',(0.011,0.009,0.009));
#4231=CARTESIAN_POINT('',(0.012495,0.009,0.009));
#4232=CARTESIAN_POINT('',(0.011,0.009,0.007));
#4233=CARTESIAN_POINT('',(0.011,0.009,0.007));
#4234=CARTESIAN_POINT('',(0.0117475,0.009,0.007));
#4235=CARTESIAN_POINT('',(0.012495,0.009,0.007));
#4236=CARTESIAN_POINT('',(0.012495,0.009,0.007));
#4237=CARTESIAN_POINT('',(0.011,0.001,0.007));
#4238=CARTESIAN_POINT('',(0.011,0.001,0.009));
#4239=CARTESIAN_POINT('',(0.011,-0.007,0.009));
#4240=CARTESIAN_POINT('',(0.011,-0.007,0.007));
#4241=CARTESIAN_POINT('',(0.011,-0.007,0.007));
#4242=CARTESIAN_POINT('',(0.011,0.001,0.007));
#4243=CARTESIAN_POINT('',(0.0117475,-0.007,0.007));
#4244=CARTESIAN_POINT('',(0.0117475,-0.007,0.009));
#4245=CARTESIAN_POINT('',(0.012495,-0.007,0.009));
#4246=CARTESIAN_POINT('',(0.012495,-0.007,0.007));
#4247=CARTESIAN_POINT('',(0.012495,-0.007,0.007));
#4248=CARTESIAN_POINT('',(0.0117475,-0.007,0.007));
#4249=CARTESIAN_POINT('',(0.29575,-0.0862498780093366,0.007));
#4250=CARTESIAN_POINT('',(0.29575,-0.0862498780093366,0.007));
#4251=CARTESIAN_POINT('',(0.2518875,-0.00955,0.007));
#4252=CARTESIAN_POINT('',(0.2518875,-0.00955,0.009));
#4253=CARTESIAN_POINT('',(0.2518875,-0.00988333333333333,0.007));
#4254=CARTESIAN_POINT('',(0.2518875,-0.00988333333333333,0.009));
#4255=CARTESIAN_POINT('',(0.252054166666667,-0.01005,0.007));
#4256=CARTESIAN_POINT('',(0.252054166666667,-0.01005,0.009));
#4257=CARTESIAN_POINT('',(0.2523875,-0.01005,0.007));
#4258=CARTESIAN_POINT('',(0.2523875,-0.01005,0.009));
#4259=CARTESIAN_POINT('',(0.2518875,-0.00955,0.007));
#4260=CARTESIAN_POINT('',(0.2518875,-0.01005,0.007));
#4261=CARTESIAN_POINT('',(0.2523875,-0.01005,0.007));
#4262=CARTESIAN_POINT('',(-0.01,0.011,0.007));
#4263=CARTESIAN_POINT('',(0.2538875,0.011,0.007));
#4264=CARTESIAN_POINT('',(0.2538875,0.011,0.007));
#4265=CARTESIAN_POINT('',(-0.01,0.011,0.007));
#4266=CARTESIAN_POINT('',(-0.011,0.011,0.007));
#4267=CARTESIAN_POINT('',(-0.011,0.011,0.007));
#4268=CARTESIAN_POINT('',(0.2538875,0.01,0.007));
#4269=CARTESIAN_POINT('',(0.2538875,-0.00805,0.007));
#4270=CARTESIAN_POINT('',(0.2538875,-0.00805,0.007));
#4271=CARTESIAN_POINT('',(0.2538875,0.01,0.007));
#4272=CARTESIAN_POINT('',(0.27678125,-0.00805,0.007));
#4273=CARTESIAN_POINT('',(0.27778125,-0.00805,0.007));
#4274=CARTESIAN_POINT('',(0.27778125,-0.00805,0.007));
#4275=CARTESIAN_POINT('',(0.27678125,-0.00805,0.007));
#4276=CARTESIAN_POINT('',(0.27778125,-0.00905,0.007));
#4277=CARTESIAN_POINT('',(0.27778125,-0.0652,0.007));
#4278=CARTESIAN_POINT('',(0.27778125,-0.0652,0.007));
#4279=CARTESIAN_POINT('',(0.27778125,-0.00905,0.007));
#4280=CARTESIAN_POINT('',(0.29575,-0.0651999999999987,0.007));
#4281=CARTESIAN_POINT('',(0.29675,-0.0651999999999987,0.007));
#4282=CARTESIAN_POINT('',(0.29675,-0.0651999999999987,0.007));
#4283=CARTESIAN_POINT('',(0.29575,-0.0651999999999987,0.007));
#4284=CARTESIAN_POINT('',(0.29675,-0.0662,0.007));
#4285=CARTESIAN_POINT('',(0.29675,-0.08425,0.007));
#4286=CARTESIAN_POINT('',(0.29675,-0.08425,0.007));
#4287=CARTESIAN_POINT('',(0.29675,-0.0662,0.007));
#4288=CARTESIAN_POINT('',(0.305275,-0.08425,0.007));
#4289=CARTESIAN_POINT('',(0.3158,-0.08425,0.007));
#4290=CARTESIAN_POINT('',(0.3158,-0.08425,0.007));
#4291=CARTESIAN_POINT('',(0.305275,-0.08425,0.007));
#4292=CARTESIAN_POINT('',(0.3158,-0.10525,0.007));
#4293=CARTESIAN_POINT('',(0.3158,-0.10625,0.007));
#4294=CARTESIAN_POINT('',(0.3158,-0.10625,0.007));
#4295=CARTESIAN_POINT('',(0.3158,-0.10525,0.007));
#4296=CARTESIAN_POINT('',(0.3148,-0.10625,0.007));
#4297=CARTESIAN_POINT('',(-0.011,-0.10625,0.007));
#4298=CARTESIAN_POINT('',(-0.011,-0.10625,0.007));
#4299=CARTESIAN_POINT('',(0.3148,-0.10625,0.007));
#4300=CARTESIAN_POINT('',(0.09271,-0.007,0.007));
#4301=CARTESIAN_POINT('',(0.09271,-0.007,0.009));
#4302=CARTESIAN_POINT('',(0.09271,-0.007,0.007));
#4303=CARTESIAN_POINT('',(0.17383125,-0.007,0.007));
#4304=CARTESIAN_POINT('',(0.17383125,-0.007,0.009));
#4305=CARTESIAN_POINT('',(0.17383125,-0.007,0.007));
#4306=CARTESIAN_POINT('',(0.012495,0.001,0.007));
#4307=CARTESIAN_POINT('',(0.012495,0.001,0.009));
#4308=CARTESIAN_POINT('',(0.012495,0.001,0.007));
#4309=CARTESIAN_POINT('',(-0.011,0.01,0.007));
#4310=CARTESIAN_POINT('',(-0.011,0.01,0.007));
#4311=CARTESIAN_POINT('',(0.241696875,-0.0877,0.007));
#4312=CARTESIAN_POINT('',(0.241696875,-0.0877,0.009));
#4313=CARTESIAN_POINT('',(0.241696875,-0.0877,0.007));
#4314=CARTESIAN_POINT('',(0.1524,-0.047625,0.007));
#4315=CARTESIAN_POINT('',(0.150675,-0.047475,0.009));
#4316=CARTESIAN_POINT('',(0.150675,-0.047475,0.009));
#4317=CARTESIAN_POINT('',(0.150675,-0.047475,0.009));
#4318=CARTESIAN_POINT('',(0.150675,-0.047475,0.009));
#4319=MECHANICAL_DESIGN_GEOMETRIC_PRESENTATION_REPRESENTATION('',(#2666),#4320);
#4320=(
GEOMETRIC_REPRESENTATION_CONTEXT(3)
GLOBAL_UNCERTAINTY_ASSIGNED_CONTEXT((#4321))
GLOBAL_UNIT_ASSIGNED_CONTEXT((#4324,#4323,#4322))
REPRESENTATION_CONTEXT('Top Housing','TOP_LEVEL_ASSEMBLY_PART')
);
#4321=UNCERTAINTY_MEASURE_WITH_UNIT(LENGTH_MEASURE(2.23239221385646E-05),#4324,'DISTANCE_ACCURACY_VALUE','Maximum Tolerance applied to model');
#4322=(
NAMED_UNIT(*)
SI_UNIT($,.STERADIAN.)
SOLID_ANGLE_UNIT()
);
#4323=(
NAMED_UNIT(*)
PLANE_ANGLE_UNIT()
SI_UNIT($,.RADIAN.)
);
#4324=(
LENGTH_UNIT()
NAMED_UNIT(*)
SI_UNIT($,.METRE.)
);
#4325=PRODUCT_DEFINITION_SHAPE('','',#4326);
#4326=PRODUCT_DEFINITION('','',#4328,#4327);
#4327=PRODUCT_DEFINITION_CONTEXT('',#4334,'design');
#4328=PRODUCT_DEFINITION_FORMATION_WITH_SPECIFIED_SOURCE('','',#4330,.NOT_KNOWN.);
#4329=PRODUCT_RELATED_PRODUCT_CATEGORY('','',(#4330));
#4330=PRODUCT('Top Housing','Top Housing','Top Housing',(#4332));
#4331=PRODUCT_CATEGORY('','');
#4332=PRODUCT_CONTEXT('',#4334,'mechanical');
#4333=APPLICATION_PROTOCOL_DEFINITION('international standard','ap242_managed_model_based_3d_engineering',2020,#4334);
#4334=APPLICATION_CONTEXT('managed model based 3d engineering');
ENDSEC;
END-ISO-10303-21;
