ISO-10303-21;
HEADER;
/*Generated by software containing ST-Developer
 * from STEP Tools, Inc. (www.steptools.com) 
 */
/*OPTION: using custom renumber hook */
/*description */
/*implementation_level */
FILE_DESCRIPTION(('STEP AP242 Edition 2','STEP AP242 Edition 2''CAx-IF Rec.Pracs.---Representation and Presentation of Product Manufa
cturing Information (PMI)---4.0---2014-10-13','STEP AP242 Edition 2''CAx-IF Rec.Pracs.---Representation and Presentation of Product Manufa
cturing Information (PMI)---4.0---2014-10-13''CAx-IF Rec.Pracs.---3D Tessellated Geometry---0.4---2014-09-14','STEP AP242 Edition 2''CAx-IF Rec.Pracs.---Representation and Presentation of Product Manufa
cturing Information (PMI)---4.0---2014-10-13''CAx-IF Rec.Pracs.---3D Tessellated Geometry---0.4---2014-09-14''2;1','STEP AP242 Edition 2''CAx-IF Rec.Pracs.---Representation and Presentation of Product Manufa
cturing Information (PMI)---4.0---2014-10-13''CAx-IF Rec.Pracs.---3D Tessellated Geometry---0.4---2014-09-14''2;1''CAx-IF Rec.Pracs.---User Defined Attributes---1.5---2016-08-15'),'2;1');
/*name */
/*time_stamp */
/*author */
/*organization */
/*preprocessor_version */
/*originating_system */
/*authorisation */
FILE_NAME('/vol/tmp/translate-15082953210276473878/MyKeeb Case - Base Housing.step','2026-09-29T01:23:50',(''),(''),'ST-DEVELOPER v20','ONSHAPE BY PTC INC, 1.221','  ');
FILE_SCHEMA(('AP242_MANAGED_MODEL_BASED_3D_ENGINEERING_MIM_LF { 1 0 10303 442 3 1 4 }'));
ENDSEC;
DATA;
#10=SHAPE_REPRESENTATION_RELATIONSHIP('','',#1606,#11);
#11=ADVANCED_BREP_SHAPE_REPRESENTATION('',(#1604),#2572);
#12=SPHERICAL_SURFACE('',#1655,0.00289706);
#13=SPHERICAL_SURFACE('',#1658,0.00289706);
#14=SPHERICAL_SURFACE('',#1661,0.00289706);
#15=SPHERICAL_SURFACE('',#1664,0.00289706);
#16=CYLINDRICAL_SURFACE('',#1632,0.00289706);
#17=CYLINDRICAL_SURFACE('',#1635,0.00289706);
#18=CYLINDRICAL_SURFACE('',#1638,0.00289706);
#19=CYLINDRICAL_SURFACE('',#1641,0.00289706);
#20=CYLINDRICAL_SURFACE('',#1653,0.00289706);
#21=CYLINDRICAL_SURFACE('',#1656,0.00289706);
#22=CYLINDRICAL_SURFACE('',#1659,0.00289706);
#23=CYLINDRICAL_SURFACE('',#1662,0.00289706);
#24=CIRCLE('',#1625,0.00289706);
#25=CIRCLE('',#1626,0.00289706);
#26=CIRCLE('',#1627,0.00289706);
#27=CIRCLE('',#1628,0.00289706);
#28=CIRCLE('',#1633,0.00289706);
#29=CIRCLE('',#1634,0.00289706);
#30=CIRCLE('',#1636,0.00289706);
#31=CIRCLE('',#1637,0.00289706);
#32=CIRCLE('',#1639,0.00289706);
#33=CIRCLE('',#1640,0.00289706);
#34=CIRCLE('',#1642,0.00289706);
#35=CIRCLE('',#1643,0.00289706);
#36=CIRCLE('',#1654,0.00289706);
#37=CIRCLE('',#1657,0.00289706);
#38=CIRCLE('',#1660,0.00289706);
#39=CIRCLE('',#1663,0.00289706);
#40=ORIENTED_EDGE('',*,*,#470,.T.);
#41=ORIENTED_EDGE('',*,*,#471,.T.);
#42=ORIENTED_EDGE('',*,*,#472,.T.);
#43=ORIENTED_EDGE('',*,*,#473,.T.);
#44=ORIENTED_EDGE('',*,*,#474,.T.);
#45=ORIENTED_EDGE('',*,*,#475,.T.);
#46=ORIENTED_EDGE('',*,*,#476,.T.);
#47=ORIENTED_EDGE('',*,*,#477,.T.);
#48=ORIENTED_EDGE('',*,*,#478,.T.);
#49=ORIENTED_EDGE('',*,*,#479,.T.);
#50=ORIENTED_EDGE('',*,*,#480,.F.);
#51=ORIENTED_EDGE('',*,*,#481,.F.);
#52=ORIENTED_EDGE('',*,*,#482,.T.);
#53=ORIENTED_EDGE('',*,*,#483,.T.);
#54=ORIENTED_EDGE('',*,*,#484,.F.);
#55=ORIENTED_EDGE('',*,*,#485,.F.);
#56=ORIENTED_EDGE('',*,*,#486,.F.);
#57=ORIENTED_EDGE('',*,*,#487,.F.);
#58=ORIENTED_EDGE('',*,*,#488,.T.);
#59=ORIENTED_EDGE('',*,*,#489,.T.);
#60=ORIENTED_EDGE('',*,*,#490,.F.);
#61=ORIENTED_EDGE('',*,*,#491,.F.);
#62=ORIENTED_EDGE('',*,*,#492,.T.);
#63=ORIENTED_EDGE('',*,*,#493,.T.);
#64=ORIENTED_EDGE('',*,*,#494,.F.);
#65=ORIENTED_EDGE('',*,*,#495,.F.);
#66=ORIENTED_EDGE('',*,*,#496,.T.);
#67=ORIENTED_EDGE('',*,*,#497,.T.);
#68=ORIENTED_EDGE('',*,*,#498,.F.);
#69=ORIENTED_EDGE('',*,*,#499,.F.);
#70=ORIENTED_EDGE('',*,*,#500,.T.);
#71=ORIENTED_EDGE('',*,*,#501,.T.);
#72=ORIENTED_EDGE('',*,*,#502,.F.);
#73=ORIENTED_EDGE('',*,*,#503,.F.);
#74=ORIENTED_EDGE('',*,*,#504,.T.);
#75=ORIENTED_EDGE('',*,*,#505,.T.);
#76=ORIENTED_EDGE('',*,*,#506,.F.);
#77=ORIENTED_EDGE('',*,*,#507,.F.);
#78=ORIENTED_EDGE('',*,*,#508,.T.);
#79=ORIENTED_EDGE('',*,*,#509,.T.);
#80=ORIENTED_EDGE('',*,*,#510,.F.);
#81=ORIENTED_EDGE('',*,*,#511,.T.);
#82=ORIENTED_EDGE('',*,*,#512,.T.);
#83=ORIENTED_EDGE('',*,*,#513,.T.);
#84=ORIENTED_EDGE('',*,*,#514,.T.);
#85=ORIENTED_EDGE('',*,*,#515,.T.);
#86=ORIENTED_EDGE('',*,*,#516,.F.);
#87=ORIENTED_EDGE('',*,*,#517,.F.);
#88=ORIENTED_EDGE('',*,*,#518,.T.);
#89=ORIENTED_EDGE('',*,*,#519,.T.);
#90=ORIENTED_EDGE('',*,*,#520,.F.);
#91=ORIENTED_EDGE('',*,*,#521,.F.);
#92=ORIENTED_EDGE('',*,*,#522,.T.);
#93=ORIENTED_EDGE('',*,*,#523,.F.);
#94=ORIENTED_EDGE('',*,*,#524,.F.);
#95=ORIENTED_EDGE('',*,*,#525,.T.);
#96=ORIENTED_EDGE('',*,*,#526,.F.);
#97=ORIENTED_EDGE('',*,*,#527,.F.);
#98=ORIENTED_EDGE('',*,*,#528,.T.);
#99=ORIENTED_EDGE('',*,*,#523,.T.);
#100=ORIENTED_EDGE('',*,*,#529,.F.);
#101=ORIENTED_EDGE('',*,*,#530,.F.);
#102=ORIENTED_EDGE('',*,*,#531,.T.);
#103=ORIENTED_EDGE('',*,*,#527,.T.);
#104=ORIENTED_EDGE('',*,*,#532,.T.);
#105=ORIENTED_EDGE('',*,*,#533,.F.);
#106=ORIENTED_EDGE('',*,*,#534,.F.);
#107=ORIENTED_EDGE('',*,*,#530,.T.);
#108=ORIENTED_EDGE('',*,*,#535,.F.);
#109=ORIENTED_EDGE('',*,*,#536,.T.);
#110=ORIENTED_EDGE('',*,*,#537,.F.);
#111=ORIENTED_EDGE('',*,*,#533,.T.);
#112=ORIENTED_EDGE('',*,*,#538,.T.);
#113=ORIENTED_EDGE('',*,*,#539,.F.);
#114=ORIENTED_EDGE('',*,*,#540,.F.);
#115=ORIENTED_EDGE('',*,*,#541,.F.);
#116=ORIENTED_EDGE('',*,*,#542,.F.);
#117=ORIENTED_EDGE('',*,*,#543,.F.);
#118=ORIENTED_EDGE('',*,*,#544,.T.);
#119=ORIENTED_EDGE('',*,*,#539,.T.);
#120=ORIENTED_EDGE('',*,*,#545,.F.);
#121=ORIENTED_EDGE('',*,*,#546,.F.);
#122=ORIENTED_EDGE('',*,*,#547,.T.);
#123=ORIENTED_EDGE('',*,*,#543,.T.);
#124=ORIENTED_EDGE('',*,*,#548,.T.);
#125=ORIENTED_EDGE('',*,*,#525,.F.);
#126=ORIENTED_EDGE('',*,*,#549,.F.);
#127=ORIENTED_EDGE('',*,*,#546,.T.);
#128=ORIENTED_EDGE('',*,*,#522,.F.);
#129=ORIENTED_EDGE('',*,*,#548,.F.);
#130=ORIENTED_EDGE('',*,*,#545,.T.);
#131=ORIENTED_EDGE('',*,*,#542,.T.);
#132=ORIENTED_EDGE('',*,*,#538,.F.);
#133=ORIENTED_EDGE('',*,*,#532,.F.);
#134=ORIENTED_EDGE('',*,*,#529,.T.);
#135=ORIENTED_EDGE('',*,*,#526,.T.);
#136=ORIENTED_EDGE('',*,*,#550,.F.);
#137=ORIENTED_EDGE('',*,*,#551,.T.);
#138=ORIENTED_EDGE('',*,*,#552,.T.);
#139=ORIENTED_EDGE('',*,*,#553,.T.);
#140=ORIENTED_EDGE('',*,*,#537,.T.);
#141=ORIENTED_EDGE('',*,*,#554,.T.);
#142=ORIENTED_EDGE('',*,*,#555,.F.);
#143=ORIENTED_EDGE('',*,*,#556,.F.);
#144=ORIENTED_EDGE('',*,*,#540,.T.);
#145=ORIENTED_EDGE('',*,*,#544,.F.);
#146=ORIENTED_EDGE('',*,*,#547,.F.);
#147=ORIENTED_EDGE('',*,*,#549,.T.);
#148=ORIENTED_EDGE('',*,*,#524,.T.);
#149=ORIENTED_EDGE('',*,*,#528,.F.);
#150=ORIENTED_EDGE('',*,*,#531,.F.);
#151=ORIENTED_EDGE('',*,*,#534,.T.);
#152=ORIENTED_EDGE('',*,*,#557,.T.);
#153=ORIENTED_EDGE('',*,*,#550,.T.);
#154=ORIENTED_EDGE('',*,*,#558,.F.);
#155=ORIENTED_EDGE('',*,*,#559,.F.);
#156=ORIENTED_EDGE('',*,*,#552,.F.);
#157=ORIENTED_EDGE('',*,*,#560,.F.);
#158=ORIENTED_EDGE('',*,*,#561,.T.);
#159=ORIENTED_EDGE('',*,*,#562,.T.);
#160=ORIENTED_EDGE('',*,*,#551,.F.);
#161=ORIENTED_EDGE('',*,*,#557,.F.);
#162=ORIENTED_EDGE('',*,*,#563,.T.);
#163=ORIENTED_EDGE('',*,*,#560,.T.);
#164=ORIENTED_EDGE('',*,*,#553,.F.);
#165=ORIENTED_EDGE('',*,*,#562,.F.);
#166=ORIENTED_EDGE('',*,*,#564,.F.);
#167=ORIENTED_EDGE('',*,*,#558,.T.);
#168=ORIENTED_EDGE('',*,*,#563,.F.);
#169=ORIENTED_EDGE('',*,*,#559,.T.);
#170=ORIENTED_EDGE('',*,*,#564,.T.);
#171=ORIENTED_EDGE('',*,*,#561,.F.);
#172=ORIENTED_EDGE('',*,*,#565,.T.);
#173=ORIENTED_EDGE('',*,*,#566,.T.);
#174=ORIENTED_EDGE('',*,*,#510,.T.);
#175=ORIENTED_EDGE('',*,*,#567,.T.);
#176=ORIENTED_EDGE('',*,*,#568,.F.);
#177=ORIENTED_EDGE('',*,*,#569,.T.);
#178=ORIENTED_EDGE('',*,*,#476,.F.);
#179=ORIENTED_EDGE('',*,*,#570,.T.);
#180=ORIENTED_EDGE('',*,*,#571,.T.);
#181=ORIENTED_EDGE('',*,*,#572,.T.);
#182=ORIENTED_EDGE('',*,*,#565,.F.);
#183=ORIENTED_EDGE('',*,*,#573,.T.);
#184=ORIENTED_EDGE('',*,*,#568,.T.);
#185=ORIENTED_EDGE('',*,*,#574,.T.);
#186=ORIENTED_EDGE('',*,*,#575,.T.);
#187=ORIENTED_EDGE('',*,*,#576,.T.);
#188=ORIENTED_EDGE('',*,*,#577,.T.);
#189=ORIENTED_EDGE('',*,*,#578,.T.);
#190=ORIENTED_EDGE('',*,*,#579,.T.);
#191=ORIENTED_EDGE('',*,*,#580,.T.);
#192=ORIENTED_EDGE('',*,*,#512,.F.);
#193=ORIENTED_EDGE('',*,*,#581,.T.);
#194=ORIENTED_EDGE('',*,*,#580,.F.);
#195=ORIENTED_EDGE('',*,*,#582,.T.);
#196=ORIENTED_EDGE('',*,*,#577,.F.);
#197=ORIENTED_EDGE('',*,*,#583,.T.);
#198=ORIENTED_EDGE('',*,*,#571,.F.);
#199=ORIENTED_EDGE('',*,*,#584,.T.);
#200=ORIENTED_EDGE('',*,*,#575,.F.);
#201=ORIENTED_EDGE('',*,*,#585,.T.);
#202=ORIENTED_EDGE('',*,*,#579,.F.);
#203=ORIENTED_EDGE('',*,*,#586,.T.);
#204=ORIENTED_EDGE('',*,*,#578,.F.);
#205=ORIENTED_EDGE('',*,*,#587,.T.);
#206=ORIENTED_EDGE('',*,*,#474,.F.);
#207=ORIENTED_EDGE('',*,*,#588,.T.);
#208=ORIENTED_EDGE('',*,*,#555,.T.);
#209=ORIENTED_EDGE('',*,*,#589,.T.);
#210=ORIENTED_EDGE('',*,*,#590,.T.);
#211=ORIENTED_EDGE('',*,*,#591,.F.);
#212=ORIENTED_EDGE('',*,*,#592,.T.);
#213=ORIENTED_EDGE('',*,*,#593,.T.);
#214=ORIENTED_EDGE('',*,*,#594,.F.);
#215=ORIENTED_EDGE('',*,*,#535,.T.);
#216=ORIENTED_EDGE('',*,*,#594,.T.);
#217=ORIENTED_EDGE('',*,*,#595,.T.);
#218=ORIENTED_EDGE('',*,*,#596,.F.);
#219=ORIENTED_EDGE('',*,*,#589,.F.);
#220=ORIENTED_EDGE('',*,*,#554,.F.);
#221=ORIENTED_EDGE('',*,*,#536,.F.);
#222=ORIENTED_EDGE('',*,*,#597,.T.);
#223=ORIENTED_EDGE('',*,*,#598,.T.);
#224=ORIENTED_EDGE('',*,*,#592,.F.);
#225=ORIENTED_EDGE('',*,*,#541,.T.);
#226=ORIENTED_EDGE('',*,*,#556,.T.);
#227=ORIENTED_EDGE('',*,*,#591,.T.);
#228=ORIENTED_EDGE('',*,*,#596,.T.);
#229=ORIENTED_EDGE('',*,*,#599,.T.);
#230=ORIENTED_EDGE('',*,*,#597,.F.);
#231=ORIENTED_EDGE('',*,*,#590,.F.);
#232=ORIENTED_EDGE('',*,*,#600,.F.);
#233=ORIENTED_EDGE('',*,*,#595,.F.);
#234=ORIENTED_EDGE('',*,*,#601,.F.);
#235=ORIENTED_EDGE('',*,*,#473,.F.);
#236=ORIENTED_EDGE('',*,*,#601,.T.);
#237=ORIENTED_EDGE('',*,*,#593,.F.);
#238=ORIENTED_EDGE('',*,*,#602,.F.);
#239=ORIENTED_EDGE('',*,*,#470,.F.);
#240=ORIENTED_EDGE('',*,*,#600,.T.);
#241=ORIENTED_EDGE('',*,*,#472,.F.);
#242=ORIENTED_EDGE('',*,*,#603,.F.);
#243=ORIENTED_EDGE('',*,*,#599,.F.);
#244=ORIENTED_EDGE('',*,*,#602,.T.);
#245=ORIENTED_EDGE('',*,*,#598,.F.);
#246=ORIENTED_EDGE('',*,*,#603,.T.);
#247=ORIENTED_EDGE('',*,*,#471,.F.);
#248=ORIENTED_EDGE('',*,*,#604,.F.);
#249=ORIENTED_EDGE('',*,*,#511,.F.);
#250=ORIENTED_EDGE('',*,*,#566,.F.);
#251=ORIENTED_EDGE('',*,*,#572,.F.);
#252=ORIENTED_EDGE('',*,*,#583,.F.);
#253=ORIENTED_EDGE('',*,*,#581,.F.);
#254=ORIENTED_EDGE('',*,*,#604,.T.);
#255=ORIENTED_EDGE('',*,*,#605,.F.);
#256=ORIENTED_EDGE('',*,*,#573,.F.);
#257=ORIENTED_EDGE('',*,*,#570,.F.);
#258=ORIENTED_EDGE('',*,*,#475,.F.);
#259=ORIENTED_EDGE('',*,*,#587,.F.);
#260=ORIENTED_EDGE('',*,*,#584,.F.);
#261=ORIENTED_EDGE('',*,*,#605,.T.);
#262=ORIENTED_EDGE('',*,*,#606,.F.);
#263=ORIENTED_EDGE('',*,*,#574,.F.);
#264=ORIENTED_EDGE('',*,*,#567,.F.);
#265=ORIENTED_EDGE('',*,*,#513,.F.);
#266=ORIENTED_EDGE('',*,*,#606,.T.);
#267=ORIENTED_EDGE('',*,*,#582,.F.);
#268=ORIENTED_EDGE('',*,*,#585,.F.);
#269=ORIENTED_EDGE('',*,*,#607,.F.);
#270=ORIENTED_EDGE('',*,*,#477,.F.);
#271=ORIENTED_EDGE('',*,*,#569,.F.);
#272=ORIENTED_EDGE('',*,*,#576,.F.);
#273=ORIENTED_EDGE('',*,*,#607,.T.);
#274=ORIENTED_EDGE('',*,*,#586,.F.);
#275=ORIENTED_EDGE('',*,*,#588,.F.);
#276=ORIENTED_EDGE('',*,*,#514,.F.);
#277=ORIENTED_EDGE('',*,*,#608,.F.);
#278=ORIENTED_EDGE('',*,*,#609,.T.);
#279=ORIENTED_EDGE('',*,*,#610,.T.);
#280=ORIENTED_EDGE('',*,*,#517,.T.);
#281=ORIENTED_EDGE('',*,*,#611,.F.);
#282=ORIENTED_EDGE('',*,*,#612,.F.);
#283=ORIENTED_EDGE('',*,*,#608,.T.);
#284=ORIENTED_EDGE('',*,*,#516,.T.);
#285=ORIENTED_EDGE('',*,*,#613,.F.);
#286=ORIENTED_EDGE('',*,*,#614,.F.);
#287=ORIENTED_EDGE('',*,*,#611,.T.);
#288=ORIENTED_EDGE('',*,*,#515,.F.);
#289=ORIENTED_EDGE('',*,*,#610,.F.);
#290=ORIENTED_EDGE('',*,*,#615,.T.);
#291=ORIENTED_EDGE('',*,*,#613,.T.);
#292=ORIENTED_EDGE('',*,*,#609,.F.);
#293=ORIENTED_EDGE('',*,*,#612,.T.);
#294=ORIENTED_EDGE('',*,*,#614,.T.);
#295=ORIENTED_EDGE('',*,*,#615,.F.);
#296=ORIENTED_EDGE('',*,*,#507,.T.);
#297=ORIENTED_EDGE('',*,*,#616,.F.);
#298=ORIENTED_EDGE('',*,*,#617,.F.);
#299=ORIENTED_EDGE('',*,*,#618,.T.);
#300=ORIENTED_EDGE('',*,*,#506,.T.);
#301=ORIENTED_EDGE('',*,*,#619,.F.);
#302=ORIENTED_EDGE('',*,*,#620,.F.);
#303=ORIENTED_EDGE('',*,*,#616,.T.);
#304=ORIENTED_EDGE('',*,*,#509,.F.);
#305=ORIENTED_EDGE('',*,*,#621,.F.);
#306=ORIENTED_EDGE('',*,*,#622,.T.);
#307=ORIENTED_EDGE('',*,*,#619,.T.);
#308=ORIENTED_EDGE('',*,*,#508,.F.);
#309=ORIENTED_EDGE('',*,*,#618,.F.);
#310=ORIENTED_EDGE('',*,*,#623,.T.);
#311=ORIENTED_EDGE('',*,*,#621,.T.);
#312=ORIENTED_EDGE('',*,*,#617,.T.);
#313=ORIENTED_EDGE('',*,*,#620,.T.);
#314=ORIENTED_EDGE('',*,*,#622,.F.);
#315=ORIENTED_EDGE('',*,*,#623,.F.);
#316=ORIENTED_EDGE('',*,*,#503,.T.);
#317=ORIENTED_EDGE('',*,*,#624,.F.);
#318=ORIENTED_EDGE('',*,*,#625,.F.);
#319=ORIENTED_EDGE('',*,*,#626,.T.);
#320=ORIENTED_EDGE('',*,*,#502,.T.);
#321=ORIENTED_EDGE('',*,*,#627,.F.);
#322=ORIENTED_EDGE('',*,*,#628,.F.);
#323=ORIENTED_EDGE('',*,*,#624,.T.);
#324=ORIENTED_EDGE('',*,*,#505,.F.);
#325=ORIENTED_EDGE('',*,*,#629,.F.);
#326=ORIENTED_EDGE('',*,*,#630,.T.);
#327=ORIENTED_EDGE('',*,*,#627,.T.);
#328=ORIENTED_EDGE('',*,*,#504,.F.);
#329=ORIENTED_EDGE('',*,*,#626,.F.);
#330=ORIENTED_EDGE('',*,*,#631,.T.);
#331=ORIENTED_EDGE('',*,*,#629,.T.);
#332=ORIENTED_EDGE('',*,*,#625,.T.);
#333=ORIENTED_EDGE('',*,*,#628,.T.);
#334=ORIENTED_EDGE('',*,*,#630,.F.);
#335=ORIENTED_EDGE('',*,*,#631,.F.);
#336=ORIENTED_EDGE('',*,*,#499,.T.);
#337=ORIENTED_EDGE('',*,*,#632,.F.);
#338=ORIENTED_EDGE('',*,*,#633,.F.);
#339=ORIENTED_EDGE('',*,*,#634,.T.);
#340=ORIENTED_EDGE('',*,*,#498,.T.);
#341=ORIENTED_EDGE('',*,*,#635,.F.);
#342=ORIENTED_EDGE('',*,*,#636,.F.);
#343=ORIENTED_EDGE('',*,*,#632,.T.);
#344=ORIENTED_EDGE('',*,*,#501,.F.);
#345=ORIENTED_EDGE('',*,*,#637,.F.);
#346=ORIENTED_EDGE('',*,*,#638,.T.);
#347=ORIENTED_EDGE('',*,*,#635,.T.);
#348=ORIENTED_EDGE('',*,*,#500,.F.);
#349=ORIENTED_EDGE('',*,*,#634,.F.);
#350=ORIENTED_EDGE('',*,*,#639,.T.);
#351=ORIENTED_EDGE('',*,*,#637,.T.);
#352=ORIENTED_EDGE('',*,*,#633,.T.);
#353=ORIENTED_EDGE('',*,*,#636,.T.);
#354=ORIENTED_EDGE('',*,*,#638,.F.);
#355=ORIENTED_EDGE('',*,*,#639,.F.);
#356=ORIENTED_EDGE('',*,*,#495,.T.);
#357=ORIENTED_EDGE('',*,*,#640,.F.);
#358=ORIENTED_EDGE('',*,*,#641,.F.);
#359=ORIENTED_EDGE('',*,*,#642,.T.);
#360=ORIENTED_EDGE('',*,*,#494,.T.);
#361=ORIENTED_EDGE('',*,*,#643,.F.);
#362=ORIENTED_EDGE('',*,*,#644,.F.);
#363=ORIENTED_EDGE('',*,*,#640,.T.);
#364=ORIENTED_EDGE('',*,*,#497,.F.);
#365=ORIENTED_EDGE('',*,*,#645,.F.);
#366=ORIENTED_EDGE('',*,*,#646,.T.);
#367=ORIENTED_EDGE('',*,*,#643,.T.);
#368=ORIENTED_EDGE('',*,*,#496,.F.);
#369=ORIENTED_EDGE('',*,*,#642,.F.);
#370=ORIENTED_EDGE('',*,*,#647,.T.);
#371=ORIENTED_EDGE('',*,*,#645,.T.);
#372=ORIENTED_EDGE('',*,*,#641,.T.);
#373=ORIENTED_EDGE('',*,*,#644,.T.);
#374=ORIENTED_EDGE('',*,*,#646,.F.);
#375=ORIENTED_EDGE('',*,*,#647,.F.);
#376=ORIENTED_EDGE('',*,*,#491,.T.);
#377=ORIENTED_EDGE('',*,*,#648,.F.);
#378=ORIENTED_EDGE('',*,*,#649,.F.);
#379=ORIENTED_EDGE('',*,*,#650,.T.);
#380=ORIENTED_EDGE('',*,*,#490,.T.);
#381=ORIENTED_EDGE('',*,*,#651,.F.);
#382=ORIENTED_EDGE('',*,*,#652,.F.);
#383=ORIENTED_EDGE('',*,*,#648,.T.);
#384=ORIENTED_EDGE('',*,*,#493,.F.);
#385=ORIENTED_EDGE('',*,*,#653,.F.);
#386=ORIENTED_EDGE('',*,*,#654,.T.);
#387=ORIENTED_EDGE('',*,*,#651,.T.);
#388=ORIENTED_EDGE('',*,*,#492,.F.);
#389=ORIENTED_EDGE('',*,*,#650,.F.);
#390=ORIENTED_EDGE('',*,*,#655,.T.);
#391=ORIENTED_EDGE('',*,*,#653,.T.);
#392=ORIENTED_EDGE('',*,*,#649,.T.);
#393=ORIENTED_EDGE('',*,*,#652,.T.);
#394=ORIENTED_EDGE('',*,*,#654,.F.);
#395=ORIENTED_EDGE('',*,*,#655,.F.);
#396=ORIENTED_EDGE('',*,*,#487,.T.);
#397=ORIENTED_EDGE('',*,*,#656,.F.);
#398=ORIENTED_EDGE('',*,*,#657,.F.);
#399=ORIENTED_EDGE('',*,*,#658,.T.);
#400=ORIENTED_EDGE('',*,*,#486,.T.);
#401=ORIENTED_EDGE('',*,*,#659,.F.);
#402=ORIENTED_EDGE('',*,*,#660,.F.);
#403=ORIENTED_EDGE('',*,*,#656,.T.);
#404=ORIENTED_EDGE('',*,*,#489,.F.);
#405=ORIENTED_EDGE('',*,*,#661,.F.);
#406=ORIENTED_EDGE('',*,*,#662,.T.);
#407=ORIENTED_EDGE('',*,*,#659,.T.);
#408=ORIENTED_EDGE('',*,*,#488,.F.);
#409=ORIENTED_EDGE('',*,*,#658,.F.);
#410=ORIENTED_EDGE('',*,*,#663,.T.);
#411=ORIENTED_EDGE('',*,*,#661,.T.);
#412=ORIENTED_EDGE('',*,*,#657,.T.);
#413=ORIENTED_EDGE('',*,*,#660,.T.);
#414=ORIENTED_EDGE('',*,*,#662,.F.);
#415=ORIENTED_EDGE('',*,*,#663,.F.);
#416=ORIENTED_EDGE('',*,*,#482,.F.);
#417=ORIENTED_EDGE('',*,*,#664,.F.);
#418=ORIENTED_EDGE('',*,*,#665,.T.);
#419=ORIENTED_EDGE('',*,*,#666,.T.);
#420=ORIENTED_EDGE('',*,*,#485,.T.);
#421=ORIENTED_EDGE('',*,*,#667,.F.);
#422=ORIENTED_EDGE('',*,*,#668,.F.);
#423=ORIENTED_EDGE('',*,*,#664,.T.);
#424=ORIENTED_EDGE('',*,*,#484,.T.);
#425=ORIENTED_EDGE('',*,*,#669,.F.);
#426=ORIENTED_EDGE('',*,*,#670,.F.);
#427=ORIENTED_EDGE('',*,*,#667,.T.);
#428=ORIENTED_EDGE('',*,*,#483,.F.);
#429=ORIENTED_EDGE('',*,*,#666,.F.);
#430=ORIENTED_EDGE('',*,*,#671,.T.);
#431=ORIENTED_EDGE('',*,*,#669,.T.);
#432=ORIENTED_EDGE('',*,*,#665,.F.);
#433=ORIENTED_EDGE('',*,*,#668,.T.);
#434=ORIENTED_EDGE('',*,*,#670,.T.);
#435=ORIENTED_EDGE('',*,*,#671,.F.);
#436=ORIENTED_EDGE('',*,*,#518,.F.);
#437=ORIENTED_EDGE('',*,*,#672,.F.);
#438=ORIENTED_EDGE('',*,*,#673,.T.);
#439=ORIENTED_EDGE('',*,*,#674,.T.);
#440=ORIENTED_EDGE('',*,*,#521,.T.);
#441=ORIENTED_EDGE('',*,*,#675,.F.);
#442=ORIENTED_EDGE('',*,*,#676,.F.);
#443=ORIENTED_EDGE('',*,*,#672,.T.);
#444=ORIENTED_EDGE('',*,*,#520,.T.);
#445=ORIENTED_EDGE('',*,*,#677,.F.);
#446=ORIENTED_EDGE('',*,*,#678,.F.);
#447=ORIENTED_EDGE('',*,*,#675,.T.);
#448=ORIENTED_EDGE('',*,*,#519,.F.);
#449=ORIENTED_EDGE('',*,*,#674,.F.);
#450=ORIENTED_EDGE('',*,*,#679,.T.);
#451=ORIENTED_EDGE('',*,*,#677,.T.);
#452=ORIENTED_EDGE('',*,*,#673,.F.);
#453=ORIENTED_EDGE('',*,*,#676,.T.);
#454=ORIENTED_EDGE('',*,*,#678,.T.);
#455=ORIENTED_EDGE('',*,*,#679,.F.);
#456=ORIENTED_EDGE('',*,*,#680,.F.);
#457=ORIENTED_EDGE('',*,*,#479,.F.);
#458=ORIENTED_EDGE('',*,*,#681,.F.);
#459=ORIENTED_EDGE('',*,*,#481,.T.);
#460=ORIENTED_EDGE('',*,*,#682,.T.);
#461=ORIENTED_EDGE('',*,*,#683,.T.);
#462=ORIENTED_EDGE('',*,*,#683,.F.);
#463=ORIENTED_EDGE('',*,*,#684,.F.);
#464=ORIENTED_EDGE('',*,*,#681,.T.);
#465=ORIENTED_EDGE('',*,*,#478,.F.);
#466=ORIENTED_EDGE('',*,*,#682,.F.);
#467=ORIENTED_EDGE('',*,*,#480,.T.);
#468=ORIENTED_EDGE('',*,*,#680,.T.);
#469=ORIENTED_EDGE('',*,*,#684,.T.);
#470=EDGE_CURVE('',#685,#686,#823,.T.);
#471=EDGE_CURVE('',#686,#687,#824,.T.);
#472=EDGE_CURVE('',#687,#688,#825,.T.);
#473=EDGE_CURVE('',#688,#685,#826,.T.);
#474=EDGE_CURVE('',#689,#690,#827,.F.);
#475=EDGE_CURVE('',#690,#691,#828,.T.);
#476=EDGE_CURVE('',#691,#692,#829,.T.);
#477=EDGE_CURVE('',#692,#689,#830,.F.);
#478=EDGE_CURVE('',#693,#694,#831,.T.);
#479=EDGE_CURVE('',#694,#695,#832,.T.);
#480=EDGE_CURVE('',#696,#695,#833,.T.);
#481=EDGE_CURVE('',#693,#696,#834,.T.);
#482=EDGE_CURVE('',#697,#698,#835,.T.);
#483=EDGE_CURVE('',#698,#699,#836,.T.);
#484=EDGE_CURVE('',#700,#699,#837,.T.);
#485=EDGE_CURVE('',#697,#700,#838,.T.);
#486=EDGE_CURVE('',#701,#702,#839,.T.);
#487=EDGE_CURVE('',#703,#701,#840,.T.);
#488=EDGE_CURVE('',#703,#704,#841,.T.);
#489=EDGE_CURVE('',#704,#702,#842,.T.);
#490=EDGE_CURVE('',#705,#706,#843,.T.);
#491=EDGE_CURVE('',#707,#705,#844,.T.);
#492=EDGE_CURVE('',#707,#708,#845,.T.);
#493=EDGE_CURVE('',#708,#706,#846,.T.);
#494=EDGE_CURVE('',#709,#710,#847,.T.);
#495=EDGE_CURVE('',#711,#709,#848,.T.);
#496=EDGE_CURVE('',#711,#712,#849,.T.);
#497=EDGE_CURVE('',#712,#710,#850,.T.);
#498=EDGE_CURVE('',#713,#714,#851,.T.);
#499=EDGE_CURVE('',#715,#713,#852,.T.);
#500=EDGE_CURVE('',#715,#716,#853,.T.);
#501=EDGE_CURVE('',#716,#714,#854,.T.);
#502=EDGE_CURVE('',#717,#718,#855,.T.);
#503=EDGE_CURVE('',#719,#717,#856,.T.);
#504=EDGE_CURVE('',#719,#720,#857,.T.);
#505=EDGE_CURVE('',#720,#718,#858,.T.);
#506=EDGE_CURVE('',#721,#722,#859,.T.);
#507=EDGE_CURVE('',#723,#721,#860,.T.);
#508=EDGE_CURVE('',#723,#724,#861,.T.);
#509=EDGE_CURVE('',#724,#722,#862,.T.);
#510=EDGE_CURVE('',#725,#726,#863,.T.);
#511=EDGE_CURVE('',#725,#727,#864,.F.);
#512=EDGE_CURVE('',#727,#728,#865,.F.);
#513=EDGE_CURVE('',#728,#726,#866,.T.);
#514=EDGE_CURVE('',#729,#730,#867,.T.);
#515=EDGE_CURVE('',#730,#731,#868,.T.);
#516=EDGE_CURVE('',#732,#731,#869,.T.);
#517=EDGE_CURVE('',#729,#732,#870,.T.);
#518=EDGE_CURVE('',#733,#734,#871,.T.);
#519=EDGE_CURVE('',#734,#735,#872,.T.);
#520=EDGE_CURVE('',#736,#735,#873,.T.);
#521=EDGE_CURVE('',#733,#736,#874,.T.);
#522=EDGE_CURVE('',#737,#738,#875,.T.);
#523=EDGE_CURVE('',#739,#738,#876,.T.);
#524=EDGE_CURVE('',#740,#739,#877,.T.);
#525=EDGE_CURVE('',#740,#737,#878,.T.);
#526=EDGE_CURVE('',#741,#738,#879,.T.);
#527=EDGE_CURVE('',#742,#741,#880,.T.);
#528=EDGE_CURVE('',#742,#739,#881,.T.);
#529=EDGE_CURVE('',#743,#741,#882,.T.);
#530=EDGE_CURVE('',#744,#743,#883,.T.);
#531=EDGE_CURVE('',#744,#742,#884,.T.);
#532=EDGE_CURVE('',#743,#745,#885,.T.);
#533=EDGE_CURVE('',#746,#745,#886,.T.);
#534=EDGE_CURVE('',#744,#746,#887,.T.);
#535=EDGE_CURVE('',#747,#748,#888,.T.);
#536=EDGE_CURVE('',#747,#749,#889,.T.);
#537=EDGE_CURVE('',#746,#749,#890,.T.);
#538=EDGE_CURVE('',#745,#750,#891,.T.);
#539=EDGE_CURVE('',#751,#750,#892,.T.);
#540=EDGE_CURVE('',#752,#751,#893,.T.);
#541=EDGE_CURVE('',#748,#752,#894,.T.);
#542=EDGE_CURVE('',#753,#750,#895,.T.);
#543=EDGE_CURVE('',#754,#753,#896,.T.);
#544=EDGE_CURVE('',#754,#751,#897,.T.);
#545=EDGE_CURVE('',#755,#753,#898,.T.);
#546=EDGE_CURVE('',#756,#755,#899,.T.);
#547=EDGE_CURVE('',#756,#754,#900,.T.);
#548=EDGE_CURVE('',#755,#737,#901,.T.);
#549=EDGE_CURVE('',#756,#740,#902,.T.);
#550=EDGE_CURVE('',#757,#758,#903,.T.);
#551=EDGE_CURVE('',#757,#759,#904,.T.);
#552=EDGE_CURVE('',#759,#760,#905,.T.);
#553=EDGE_CURVE('',#760,#758,#906,.T.);
#554=EDGE_CURVE('',#749,#761,#907,.T.);
#555=EDGE_CURVE('',#762,#761,#908,.T.);
#556=EDGE_CURVE('',#752,#762,#909,.T.);
#557=EDGE_CURVE('',#763,#757,#910,.T.);
#558=EDGE_CURVE('',#764,#758,#911,.T.);
#559=EDGE_CURVE('',#763,#764,#912,.T.);
#560=EDGE_CURVE('',#765,#759,#913,.T.);
#561=EDGE_CURVE('',#765,#766,#914,.T.);
#562=EDGE_CURVE('',#766,#760,#915,.T.);
#563=EDGE_CURVE('',#763,#765,#916,.T.);
#564=EDGE_CURVE('',#764,#766,#917,.T.);
#565=EDGE_CURVE('',#767,#768,#918,.T.);
#566=EDGE_CURVE('',#768,#725,#24,.T.);
#567=EDGE_CURVE('',#726,#769,#25,.T.);
#568=EDGE_CURVE('',#770,#769,#919,.T.);
#569=EDGE_CURVE('',#770,#692,#26,.T.);
#570=EDGE_CURVE('',#691,#767,#27,.T.);
#571=EDGE_CURVE('',#771,#772,#920,.F.);
#572=EDGE_CURVE('',#772,#768,#921,.T.);
#573=EDGE_CURVE('',#767,#771,#922,.F.);
#574=EDGE_CURVE('',#769,#773,#923,.F.);
#575=EDGE_CURVE('',#773,#774,#924,.T.);
#576=EDGE_CURVE('',#774,#770,#925,.T.);
#577=EDGE_CURVE('',#775,#776,#926,.T.);
#578=EDGE_CURVE('',#776,#777,#927,.T.);
#579=EDGE_CURVE('',#777,#778,#928,.F.);
#580=EDGE_CURVE('',#778,#775,#929,.T.);
#581=EDGE_CURVE('',#727,#775,#28,.T.);
#582=EDGE_CURVE('',#778,#728,#29,.F.);
#583=EDGE_CURVE('',#775,#772,#30,.T.);
#584=EDGE_CURVE('',#771,#776,#31,.F.);
#585=EDGE_CURVE('',#773,#778,#32,.T.);
#586=EDGE_CURVE('',#777,#774,#33,.F.);
#587=EDGE_CURVE('',#776,#690,#34,.T.);
#588=EDGE_CURVE('',#689,#777,#35,.F.);
#589=EDGE_CURVE('',#761,#779,#930,.T.);
#590=EDGE_CURVE('',#779,#780,#931,.T.);
#591=EDGE_CURVE('',#762,#780,#932,.T.);
#592=EDGE_CURVE('',#748,#781,#933,.T.);
#593=EDGE_CURVE('',#781,#782,#934,.T.);
#594=EDGE_CURVE('',#747,#782,#935,.T.);
#595=EDGE_CURVE('',#782,#783,#936,.T.);
#596=EDGE_CURVE('',#779,#783,#937,.T.);
#597=EDGE_CURVE('',#780,#784,#938,.T.);
#598=EDGE_CURVE('',#784,#781,#939,.T.);
#599=EDGE_CURVE('',#783,#784,#940,.T.);
#600=EDGE_CURVE('',#783,#688,#941,.T.);
#601=EDGE_CURVE('',#685,#782,#942,.T.);
#602=EDGE_CURVE('',#686,#781,#943,.F.);
#603=EDGE_CURVE('',#784,#687,#944,.T.);
#604=EDGE_CURVE('',#727,#772,#36,.T.);
#605=EDGE_CURVE('',#771,#690,#37,.T.);
#606=EDGE_CURVE('',#773,#728,#38,.T.);
#607=EDGE_CURVE('',#689,#774,#39,.T.);
#608=EDGE_CURVE('',#785,#729,#945,.T.);
#609=EDGE_CURVE('',#785,#786,#946,.T.);
#610=EDGE_CURVE('',#786,#730,#947,.T.);
#611=EDGE_CURVE('',#787,#732,#948,.T.);
#612=EDGE_CURVE('',#785,#787,#949,.T.);
#613=EDGE_CURVE('',#788,#731,#950,.T.);
#614=EDGE_CURVE('',#787,#788,#951,.T.);
#615=EDGE_CURVE('',#786,#788,#952,.T.);
#616=EDGE_CURVE('',#789,#721,#953,.T.);
#617=EDGE_CURVE('',#790,#789,#954,.T.);
#618=EDGE_CURVE('',#790,#723,#955,.T.);
#619=EDGE_CURVE('',#791,#722,#956,.T.);
#620=EDGE_CURVE('',#789,#791,#957,.T.);
#621=EDGE_CURVE('',#792,#724,#958,.T.);
#622=EDGE_CURVE('',#792,#791,#959,.T.);
#623=EDGE_CURVE('',#790,#792,#960,.T.);
#624=EDGE_CURVE('',#793,#717,#961,.T.);
#625=EDGE_CURVE('',#794,#793,#962,.T.);
#626=EDGE_CURVE('',#794,#719,#963,.T.);
#627=EDGE_CURVE('',#795,#718,#964,.T.);
#628=EDGE_CURVE('',#793,#795,#965,.T.);
#629=EDGE_CURVE('',#796,#720,#966,.T.);
#630=EDGE_CURVE('',#796,#795,#967,.T.);
#631=EDGE_CURVE('',#794,#796,#968,.T.);
#632=EDGE_CURVE('',#797,#713,#969,.T.);
#633=EDGE_CURVE('',#798,#797,#970,.T.);
#634=EDGE_CURVE('',#798,#715,#971,.T.);
#635=EDGE_CURVE('',#799,#714,#972,.T.);
#636=EDGE_CURVE('',#797,#799,#973,.T.);
#637=EDGE_CURVE('',#800,#716,#974,.T.);
#638=EDGE_CURVE('',#800,#799,#975,.T.);
#639=EDGE_CURVE('',#798,#800,#976,.T.);
#640=EDGE_CURVE('',#801,#709,#977,.T.);
#641=EDGE_CURVE('',#802,#801,#978,.T.);
#642=EDGE_CURVE('',#802,#711,#979,.T.);
#643=EDGE_CURVE('',#803,#710,#980,.T.);
#644=EDGE_CURVE('',#801,#803,#981,.T.);
#645=EDGE_CURVE('',#804,#712,#982,.T.);
#646=EDGE_CURVE('',#804,#803,#983,.T.);
#647=EDGE_CURVE('',#802,#804,#984,.T.);
#648=EDGE_CURVE('',#805,#705,#985,.T.);
#649=EDGE_CURVE('',#806,#805,#986,.T.);
#650=EDGE_CURVE('',#806,#707,#987,.T.);
#651=EDGE_CURVE('',#807,#706,#988,.T.);
#652=EDGE_CURVE('',#805,#807,#989,.T.);
#653=EDGE_CURVE('',#808,#708,#990,.T.);
#654=EDGE_CURVE('',#808,#807,#991,.T.);
#655=EDGE_CURVE('',#806,#808,#992,.T.);
#656=EDGE_CURVE('',#809,#701,#993,.T.);
#657=EDGE_CURVE('',#810,#809,#994,.T.);
#658=EDGE_CURVE('',#810,#703,#995,.T.);
#659=EDGE_CURVE('',#811,#702,#996,.T.);
#660=EDGE_CURVE('',#809,#811,#997,.T.);
#661=EDGE_CURVE('',#812,#704,#998,.T.);
#662=EDGE_CURVE('',#812,#811,#999,.T.);
#663=EDGE_CURVE('',#810,#812,#1000,.T.);
#664=EDGE_CURVE('',#813,#697,#1001,.T.);
#665=EDGE_CURVE('',#813,#814,#1002,.T.);
#666=EDGE_CURVE('',#814,#698,#1003,.T.);
#667=EDGE_CURVE('',#815,#700,#1004,.T.);
#668=EDGE_CURVE('',#813,#815,#1005,.T.);
#669=EDGE_CURVE('',#816,#699,#1006,.T.);
#670=EDGE_CURVE('',#815,#816,#1007,.T.);
#671=EDGE_CURVE('',#814,#816,#1008,.T.);
#672=EDGE_CURVE('',#817,#733,#1009,.T.);
#673=EDGE_CURVE('',#817,#818,#1010,.T.);
#674=EDGE_CURVE('',#818,#734,#1011,.T.);
#675=EDGE_CURVE('',#819,#736,#1012,.T.);
#676=EDGE_CURVE('',#817,#819,#1013,.T.);
#677=EDGE_CURVE('',#820,#735,#1014,.T.);
#678=EDGE_CURVE('',#819,#820,#1015,.T.);
#679=EDGE_CURVE('',#818,#820,#1016,.T.);
#680=EDGE_CURVE('',#695,#821,#1017,.T.);
#681=EDGE_CURVE('',#821,#694,#1018,.T.);
#682=EDGE_CURVE('',#696,#822,#1019,.T.);
#683=EDGE_CURVE('',#822,#693,#1020,.T.);
#684=EDGE_CURVE('',#821,#822,#1021,.T.);
#685=VERTEX_POINT('',#2130);
#686=VERTEX_POINT('',#2131);
#687=VERTEX_POINT('',#2133);
#688=VERTEX_POINT('',#2135);
#689=VERTEX_POINT('',#2138);
#690=VERTEX_POINT('',#2139);
#691=VERTEX_POINT('',#2141);
#692=VERTEX_POINT('',#2143);
#693=VERTEX_POINT('',#2146);
#694=VERTEX_POINT('',#2147);
#695=VERTEX_POINT('',#2149);
#696=VERTEX_POINT('',#2151);
#697=VERTEX_POINT('',#2155);
#698=VERTEX_POINT('',#2156);
#699=VERTEX_POINT('',#2158);
#700=VERTEX_POINT('',#2160);
#701=VERTEX_POINT('',#2163);
#702=VERTEX_POINT('',#2164);
#703=VERTEX_POINT('',#2166);
#704=VERTEX_POINT('',#2168);
#705=VERTEX_POINT('',#2171);
#706=VERTEX_POINT('',#2172);
#707=VERTEX_POINT('',#2174);
#708=VERTEX_POINT('',#2176);
#709=VERTEX_POINT('',#2179);
#710=VERTEX_POINT('',#2180);
#711=VERTEX_POINT('',#2182);
#712=VERTEX_POINT('',#2184);
#713=VERTEX_POINT('',#2187);
#714=VERTEX_POINT('',#2188);
#715=VERTEX_POINT('',#2190);
#716=VERTEX_POINT('',#2192);
#717=VERTEX_POINT('',#2195);
#718=VERTEX_POINT('',#2196);
#719=VERTEX_POINT('',#2198);
#720=VERTEX_POINT('',#2200);
#721=VERTEX_POINT('',#2203);
#722=VERTEX_POINT('',#2204);
#723=VERTEX_POINT('',#2206);
#724=VERTEX_POINT('',#2208);
#725=VERTEX_POINT('',#2211);
#726=VERTEX_POINT('',#2212);
#727=VERTEX_POINT('',#2214);
#728=VERTEX_POINT('',#2216);
#729=VERTEX_POINT('',#2219);
#730=VERTEX_POINT('',#2220);
#731=VERTEX_POINT('',#2222);
#732=VERTEX_POINT('',#2224);
#733=VERTEX_POINT('',#2227);
#734=VERTEX_POINT('',#2228);
#735=VERTEX_POINT('',#2230);
#736=VERTEX_POINT('',#2232);
#737=VERTEX_POINT('',#2236);
#738=VERTEX_POINT('',#2237);
#739=VERTEX_POINT('',#2239);
#740=VERTEX_POINT('',#2241);
#741=VERTEX_POINT('',#2245);
#742=VERTEX_POINT('',#2247);
#743=VERTEX_POINT('',#2251);
#744=VERTEX_POINT('',#2253);
#745=VERTEX_POINT('',#2257);
#746=VERTEX_POINT('',#2259);
#747=VERTEX_POINT('',#2263);
#748=VERTEX_POINT('',#2264);
#749=VERTEX_POINT('',#2266);
#750=VERTEX_POINT('',#2269);
#751=VERTEX_POINT('',#2271);
#752=VERTEX_POINT('',#2273);
#753=VERTEX_POINT('',#2277);
#754=VERTEX_POINT('',#2279);
#755=VERTEX_POINT('',#2283);
#756=VERTEX_POINT('',#2285);
#757=VERTEX_POINT('',#2292);
#758=VERTEX_POINT('',#2293);
#759=VERTEX_POINT('',#2295);
#760=VERTEX_POINT('',#2297);
#761=VERTEX_POINT('',#2301);
#762=VERTEX_POINT('',#2303);
#763=VERTEX_POINT('',#2307);
#764=VERTEX_POINT('',#2309);
#765=VERTEX_POINT('',#2313);
#766=VERTEX_POINT('',#2315);
#767=VERTEX_POINT('',#2323);
#768=VERTEX_POINT('',#2324);
#769=VERTEX_POINT('',#2327);
#770=VERTEX_POINT('',#2329);
#771=VERTEX_POINT('',#2334);
#772=VERTEX_POINT('',#2335);
#773=VERTEX_POINT('',#2340);
#774=VERTEX_POINT('',#2342);
#775=VERTEX_POINT('',#2346);
#776=VERTEX_POINT('',#2347);
#777=VERTEX_POINT('',#2349);
#778=VERTEX_POINT('',#2351);
#779=VERTEX_POINT('',#2367);
#780=VERTEX_POINT('',#2369);
#781=VERTEX_POINT('',#2373);
#782=VERTEX_POINT('',#2375);
#783=VERTEX_POINT('',#2379);
#784=VERTEX_POINT('',#2383);
#785=VERTEX_POINT('',#2409);
#786=VERTEX_POINT('',#2411);
#787=VERTEX_POINT('',#2415);
#788=VERTEX_POINT('',#2419);
#789=VERTEX_POINT('',#2426);
#790=VERTEX_POINT('',#2428);
#791=VERTEX_POINT('',#2432);
#792=VERTEX_POINT('',#2436);
#793=VERTEX_POINT('',#2443);
#794=VERTEX_POINT('',#2445);
#795=VERTEX_POINT('',#2449);
#796=VERTEX_POINT('',#2453);
#797=VERTEX_POINT('',#2460);
#798=VERTEX_POINT('',#2462);
#799=VERTEX_POINT('',#2466);
#800=VERTEX_POINT('',#2470);
#801=VERTEX_POINT('',#2477);
#802=VERTEX_POINT('',#2479);
#803=VERTEX_POINT('',#2483);
#804=VERTEX_POINT('',#2487);
#805=VERTEX_POINT('',#2494);
#806=VERTEX_POINT('',#2496);
#807=VERTEX_POINT('',#2500);
#808=VERTEX_POINT('',#2504);
#809=VERTEX_POINT('',#2511);
#810=VERTEX_POINT('',#2513);
#811=VERTEX_POINT('',#2517);
#812=VERTEX_POINT('',#2521);
#813=VERTEX_POINT('',#2528);
#814=VERTEX_POINT('',#2530);
#815=VERTEX_POINT('',#2534);
#816=VERTEX_POINT('',#2538);
#817=VERTEX_POINT('',#2545);
#818=VERTEX_POINT('',#2547);
#819=VERTEX_POINT('',#2551);
#820=VERTEX_POINT('',#2555);
#821=VERTEX_POINT('',#2562);
#822=VERTEX_POINT('',#2566);
#823=LINE('',#2129,#1022);
#824=LINE('',#2132,#1023);
#825=LINE('',#2134,#1024);
#826=LINE('',#2136,#1025);
#827=LINE('',#2137,#1026);
#828=LINE('',#2140,#1027);
#829=LINE('',#2142,#1028);
#830=LINE('',#2144,#1029);
#831=LINE('',#2145,#1030);
#832=LINE('',#2148,#1031);
#833=LINE('',#2150,#1032);
#834=LINE('',#2152,#1033);
#835=LINE('',#2154,#1034);
#836=LINE('',#2157,#1035);
#837=LINE('',#2159,#1036);
#838=LINE('',#2161,#1037);
#839=LINE('',#2162,#1038);
#840=LINE('',#2165,#1039);
#841=LINE('',#2167,#1040);
#842=LINE('',#2169,#1041);
#843=LINE('',#2170,#1042);
#844=LINE('',#2173,#1043);
#845=LINE('',#2175,#1044);
#846=LINE('',#2177,#1045);
#847=LINE('',#2178,#1046);
#848=LINE('',#2181,#1047);
#849=LINE('',#2183,#1048);
#850=LINE('',#2185,#1049);
#851=LINE('',#2186,#1050);
#852=LINE('',#2189,#1051);
#853=LINE('',#2191,#1052);
#854=LINE('',#2193,#1053);
#855=LINE('',#2194,#1054);
#856=LINE('',#2197,#1055);
#857=LINE('',#2199,#1056);
#858=LINE('',#2201,#1057);
#859=LINE('',#2202,#1058);
#860=LINE('',#2205,#1059);
#861=LINE('',#2207,#1060);
#862=LINE('',#2209,#1061);
#863=LINE('',#2210,#1062);
#864=LINE('',#2213,#1063);
#865=LINE('',#2215,#1064);
#866=LINE('',#2217,#1065);
#867=LINE('',#2218,#1066);
#868=LINE('',#2221,#1067);
#869=LINE('',#2223,#1068);
#870=LINE('',#2225,#1069);
#871=LINE('',#2226,#1070);
#872=LINE('',#2229,#1071);
#873=LINE('',#2231,#1072);
#874=LINE('',#2233,#1073);
#875=LINE('',#2235,#1074);
#876=LINE('',#2238,#1075);
#877=LINE('',#2240,#1076);
#878=LINE('',#2242,#1077);
#879=LINE('',#2244,#1078);
#880=LINE('',#2246,#1079);
#881=LINE('',#2248,#1080);
#882=LINE('',#2250,#1081);
#883=LINE('',#2252,#1082);
#884=LINE('',#2254,#1083);
#885=LINE('',#2256,#1084);
#886=LINE('',#2258,#1085);
#887=LINE('',#2260,#1086);
#888=LINE('',#2262,#1087);
#889=LINE('',#2265,#1088);
#890=LINE('',#2267,#1089);
#891=LINE('',#2268,#1090);
#892=LINE('',#2270,#1091);
#893=LINE('',#2272,#1092);
#894=LINE('',#2274,#1093);
#895=LINE('',#2276,#1094);
#896=LINE('',#2278,#1095);
#897=LINE('',#2280,#1096);
#898=LINE('',#2282,#1097);
#899=LINE('',#2284,#1098);
#900=LINE('',#2286,#1099);
#901=LINE('',#2288,#1100);
#902=LINE('',#2289,#1101);
#903=LINE('',#2291,#1102);
#904=LINE('',#2294,#1103);
#905=LINE('',#2296,#1104);
#906=LINE('',#2298,#1105);
#907=LINE('',#2300,#1106);
#908=LINE('',#2302,#1107);
#909=LINE('',#2304,#1108);
#910=LINE('',#2306,#1109);
#911=LINE('',#2308,#1110);
#912=LINE('',#2310,#1111);
#913=LINE('',#2312,#1112);
#914=LINE('',#2314,#1113);
#915=LINE('',#2316,#1114);
#916=LINE('',#2318,#1115);
#917=LINE('',#2320,#1116);
#918=LINE('',#2322,#1117);
#919=LINE('',#2328,#1118);
#920=LINE('',#2333,#1119);
#921=LINE('',#2336,#1120);
#922=LINE('',#2337,#1121);
#923=LINE('',#2339,#1122);
#924=LINE('',#2341,#1123);
#925=LINE('',#2343,#1124);
#926=LINE('',#2345,#1125);
#927=LINE('',#2348,#1126);
#928=LINE('',#2350,#1127);
#929=LINE('',#2352,#1128);
#930=LINE('',#2366,#1129);
#931=LINE('',#2368,#1130);
#932=LINE('',#2370,#1131);
#933=LINE('',#2372,#1132);
#934=LINE('',#2374,#1133);
#935=LINE('',#2376,#1134);
#936=LINE('',#2378,#1135);
#937=LINE('',#2380,#1136);
#938=LINE('',#2382,#1137);
#939=LINE('',#2384,#1138);
#940=LINE('',#2386,#1139);
#941=LINE('',#2388,#1140);
#942=LINE('',#2389,#1141);
#943=LINE('',#2391,#1142);
#944=LINE('',#2393,#1143);
#945=LINE('',#2408,#1144);
#946=LINE('',#2410,#1145);
#947=LINE('',#2412,#1146);
#948=LINE('',#2414,#1147);
#949=LINE('',#2416,#1148);
#950=LINE('',#2418,#1149);
#951=LINE('',#2420,#1150);
#952=LINE('',#2422,#1151);
#953=LINE('',#2425,#1152);
#954=LINE('',#2427,#1153);
#955=LINE('',#2429,#1154);
#956=LINE('',#2431,#1155);
#957=LINE('',#2433,#1156);
#958=LINE('',#2435,#1157);
#959=LINE('',#2437,#1158);
#960=LINE('',#2439,#1159);
#961=LINE('',#2442,#1160);
#962=LINE('',#2444,#1161);
#963=LINE('',#2446,#1162);
#964=LINE('',#2448,#1163);
#965=LINE('',#2450,#1164);
#966=LINE('',#2452,#1165);
#967=LINE('',#2454,#1166);
#968=LINE('',#2456,#1167);
#969=LINE('',#2459,#1168);
#970=LINE('',#2461,#1169);
#971=LINE('',#2463,#1170);
#972=LINE('',#2465,#1171);
#973=LINE('',#2467,#1172);
#974=LINE('',#2469,#1173);
#975=LINE('',#2471,#1174);
#976=LINE('',#2473,#1175);
#977=LINE('',#2476,#1176);
#978=LINE('',#2478,#1177);
#979=LINE('',#2480,#1178);
#980=LINE('',#2482,#1179);
#981=LINE('',#2484,#1180);
#982=LINE('',#2486,#1181);
#983=LINE('',#2488,#1182);
#984=LINE('',#2490,#1183);
#985=LINE('',#2493,#1184);
#986=LINE('',#2495,#1185);
#987=LINE('',#2497,#1186);
#988=LINE('',#2499,#1187);
#989=LINE('',#2501,#1188);
#990=LINE('',#2503,#1189);
#991=LINE('',#2505,#1190);
#992=LINE('',#2507,#1191);
#993=LINE('',#2510,#1192);
#994=LINE('',#2512,#1193);
#995=LINE('',#2514,#1194);
#996=LINE('',#2516,#1195);
#997=LINE('',#2518,#1196);
#998=LINE('',#2520,#1197);
#999=LINE('',#2522,#1198);
#1000=LINE('',#2524,#1199);
#1001=LINE('',#2527,#1200);
#1002=LINE('',#2529,#1201);
#1003=LINE('',#2531,#1202);
#1004=LINE('',#2533,#1203);
#1005=LINE('',#2535,#1204);
#1006=LINE('',#2537,#1205);
#1007=LINE('',#2539,#1206);
#1008=LINE('',#2541,#1207);
#1009=LINE('',#2544,#1208);
#1010=LINE('',#2546,#1209);
#1011=LINE('',#2548,#1210);
#1012=LINE('',#2550,#1211);
#1013=LINE('',#2552,#1212);
#1014=LINE('',#2554,#1213);
#1015=LINE('',#2556,#1214);
#1016=LINE('',#2558,#1215);
#1017=LINE('',#2561,#1216);
#1018=LINE('',#2563,#1217);
#1019=LINE('',#2565,#1218);
#1020=LINE('',#2567,#1219);
#1021=LINE('',#2569,#1220);
#1022=VECTOR('',#1718,1.);
#1023=VECTOR('',#1719,1.);
#1024=VECTOR('',#1720,1.);
#1025=VECTOR('',#1721,1.);
#1026=VECTOR('',#1722,1.);
#1027=VECTOR('',#1723,1.);
#1028=VECTOR('',#1724,1.);
#1029=VECTOR('',#1725,1.);
#1030=VECTOR('',#1726,1.);
#1031=VECTOR('',#1727,1.);
#1032=VECTOR('',#1728,1.);
#1033=VECTOR('',#1729,1.);
#1034=VECTOR('',#1732,1.);
#1035=VECTOR('',#1733,1.);
#1036=VECTOR('',#1734,1.);
#1037=VECTOR('',#1735,1.);
#1038=VECTOR('',#1736,1.);
#1039=VECTOR('',#1737,1.);
#1040=VECTOR('',#1738,1.);
#1041=VECTOR('',#1739,1.);
#1042=VECTOR('',#1740,1.);
#1043=VECTOR('',#1741,1.);
#1044=VECTOR('',#1742,1.);
#1045=VECTOR('',#1743,1.);
#1046=VECTOR('',#1744,1.);
#1047=VECTOR('',#1745,1.);
#1048=VECTOR('',#1746,1.);
#1049=VECTOR('',#1747,1.);
#1050=VECTOR('',#1748,1.);
#1051=VECTOR('',#1749,1.);
#1052=VECTOR('',#1750,1.);
#1053=VECTOR('',#1751,1.);
#1054=VECTOR('',#1752,1.);
#1055=VECTOR('',#1753,1.);
#1056=VECTOR('',#1754,1.);
#1057=VECTOR('',#1755,1.);
#1058=VECTOR('',#1756,1.);
#1059=VECTOR('',#1757,1.);
#1060=VECTOR('',#1758,1.);
#1061=VECTOR('',#1759,1.);
#1062=VECTOR('',#1760,1.);
#1063=VECTOR('',#1761,1.);
#1064=VECTOR('',#1762,1.);
#1065=VECTOR('',#1763,1.);
#1066=VECTOR('',#1764,1.);
#1067=VECTOR('',#1765,1.);
#1068=VECTOR('',#1766,1.);
#1069=VECTOR('',#1767,1.);
#1070=VECTOR('',#1768,1.);
#1071=VECTOR('',#1769,1.);
#1072=VECTOR('',#1770,1.);
#1073=VECTOR('',#1771,1.);
#1074=VECTOR('',#1774,1.);
#1075=VECTOR('',#1775,1.);
#1076=VECTOR('',#1776,1.);
#1077=VECTOR('',#1777,1.);
#1078=VECTOR('',#1780,1.);
#1079=VECTOR('',#1781,1.);
#1080=VECTOR('',#1782,1.);
#1081=VECTOR('',#1785,1.);
#1082=VECTOR('',#1786,1.);
#1083=VECTOR('',#1787,1.);
#1084=VECTOR('',#1790,1.);
#1085=VECTOR('',#1791,1.);
#1086=VECTOR('',#1792,1.);
#1087=VECTOR('',#1795,1.);
#1088=VECTOR('',#1796,1.);
#1089=VECTOR('',#1797,1.);
#1090=VECTOR('',#1798,1.);
#1091=VECTOR('',#1799,1.);
#1092=VECTOR('',#1800,1.);
#1093=VECTOR('',#1801,1.);
#1094=VECTOR('',#1804,1.);
#1095=VECTOR('',#1805,1.);
#1096=VECTOR('',#1806,1.);
#1097=VECTOR('',#1809,1.);
#1098=VECTOR('',#1810,1.);
#1099=VECTOR('',#1811,1.);
#1100=VECTOR('',#1814,1.);
#1101=VECTOR('',#1815,1.);
#1102=VECTOR('',#1818,1.);
#1103=VECTOR('',#1819,1.);
#1104=VECTOR('',#1820,1.);
#1105=VECTOR('',#1821,1.);
#1106=VECTOR('',#1824,1.);
#1107=VECTOR('',#1825,1.);
#1108=VECTOR('',#1826,1.);
#1109=VECTOR('',#1829,1.);
#1110=VECTOR('',#1830,1.);
#1111=VECTOR('',#1831,1.);
#1112=VECTOR('',#1834,1.);
#1113=VECTOR('',#1835,1.);
#1114=VECTOR('',#1836,1.);
#1115=VECTOR('',#1839,1.);
#1116=VECTOR('',#1842,1.);
#1117=VECTOR('',#1845,1.);
#1118=VECTOR('',#1850,1.);
#1119=VECTOR('',#1857,1.);
#1120=VECTOR('',#1858,1.);
#1121=VECTOR('',#1859,1.);
#1122=VECTOR('',#1862,1.);
#1123=VECTOR('',#1863,1.);
#1124=VECTOR('',#1864,1.);
#1125=VECTOR('',#1867,1.);
#1126=VECTOR('',#1868,1.);
#1127=VECTOR('',#1869,1.);
#1128=VECTOR('',#1870,1.);
#1129=VECTOR('',#1897,1.);
#1130=VECTOR('',#1898,1.);
#1131=VECTOR('',#1899,1.);
#1132=VECTOR('',#1902,1.);
#1133=VECTOR('',#1903,1.);
#1134=VECTOR('',#1904,1.);
#1135=VECTOR('',#1907,1.);
#1136=VECTOR('',#1908,1.);
#1137=VECTOR('',#1911,1.);
#1138=VECTOR('',#1912,1.);
#1139=VECTOR('',#1915,1.);
#1140=VECTOR('',#1918,1.);
#1141=VECTOR('',#1919,1.);
#1142=VECTOR('',#1922,1.);
#1143=VECTOR('',#1925,1.);
#1144=VECTOR('',#1954,1.);
#1145=VECTOR('',#1955,1.);
#1146=VECTOR('',#1956,1.);
#1147=VECTOR('',#1959,1.);
#1148=VECTOR('',#1960,1.);
#1149=VECTOR('',#1963,1.);
#1150=VECTOR('',#1964,1.);
#1151=VECTOR('',#1967,1.);
#1152=VECTOR('',#1972,1.);
#1153=VECTOR('',#1973,1.);
#1154=VECTOR('',#1974,1.);
#1155=VECTOR('',#1977,1.);
#1156=VECTOR('',#1978,1.);
#1157=VECTOR('',#1981,1.);
#1158=VECTOR('',#1982,1.);
#1159=VECTOR('',#1985,1.);
#1160=VECTOR('',#1990,1.);
#1161=VECTOR('',#1991,1.);
#1162=VECTOR('',#1992,1.);
#1163=VECTOR('',#1995,1.);
#1164=VECTOR('',#1996,1.);
#1165=VECTOR('',#1999,1.);
#1166=VECTOR('',#2000,1.);
#1167=VECTOR('',#2003,1.);
#1168=VECTOR('',#2008,1.);
#1169=VECTOR('',#2009,1.);
#1170=VECTOR('',#2010,1.);
#1171=VECTOR('',#2013,1.);
#1172=VECTOR('',#2014,1.);
#1173=VECTOR('',#2017,1.);
#1174=VECTOR('',#2018,1.);
#1175=VECTOR('',#2021,1.);
#1176=VECTOR('',#2026,1.);
#1177=VECTOR('',#2027,1.);
#1178=VECTOR('',#2028,1.);
#1179=VECTOR('',#2031,1.);
#1180=VECTOR('',#2032,1.);
#1181=VECTOR('',#2035,1.);
#1182=VECTOR('',#2036,1.);
#1183=VECTOR('',#2039,1.);
#1184=VECTOR('',#2044,1.);
#1185=VECTOR('',#2045,1.);
#1186=VECTOR('',#2046,1.);
#1187=VECTOR('',#2049,1.);
#1188=VECTOR('',#2050,1.);
#1189=VECTOR('',#2053,1.);
#1190=VECTOR('',#2054,1.);
#1191=VECTOR('',#2057,1.);
#1192=VECTOR('',#2062,1.);
#1193=VECTOR('',#2063,1.);
#1194=VECTOR('',#2064,1.);
#1195=VECTOR('',#2067,1.);
#1196=VECTOR('',#2068,1.);
#1197=VECTOR('',#2071,1.);
#1198=VECTOR('',#2072,1.);
#1199=VECTOR('',#2075,1.);
#1200=VECTOR('',#2080,1.);
#1201=VECTOR('',#2081,1.);
#1202=VECTOR('',#2082,1.);
#1203=VECTOR('',#2085,1.);
#1204=VECTOR('',#2086,1.);
#1205=VECTOR('',#2089,1.);
#1206=VECTOR('',#2090,1.);
#1207=VECTOR('',#2093,1.);
#1208=VECTOR('',#2098,1.);
#1209=VECTOR('',#2099,1.);
#1210=VECTOR('',#2100,1.);
#1211=VECTOR('',#2103,1.);
#1212=VECTOR('',#2104,1.);
#1213=VECTOR('',#2107,1.);
#1214=VECTOR('',#2108,1.);
#1215=VECTOR('',#2111,1.);
#1216=VECTOR('',#2116,1.);
#1217=VECTOR('',#2117,1.);
#1218=VECTOR('',#2120,1.);
#1219=VECTOR('',#2121,1.);
#1220=VECTOR('',#2124,1.);
#1221=EDGE_LOOP('',(#40,#41,#42,#43));
#1222=EDGE_LOOP('',(#44,#45,#46,#47));
#1223=EDGE_LOOP('',(#48,#49,#50,#51));
#1224=EDGE_LOOP('',(#52,#53,#54,#55));
#1225=EDGE_LOOP('',(#56,#57,#58,#59));
#1226=EDGE_LOOP('',(#60,#61,#62,#63));
#1227=EDGE_LOOP('',(#64,#65,#66,#67));
#1228=EDGE_LOOP('',(#68,#69,#70,#71));
#1229=EDGE_LOOP('',(#72,#73,#74,#75));
#1230=EDGE_LOOP('',(#76,#77,#78,#79));
#1231=EDGE_LOOP('',(#80,#81,#82,#83));
#1232=EDGE_LOOP('',(#84,#85,#86,#87));
#1233=EDGE_LOOP('',(#88,#89,#90,#91));
#1234=EDGE_LOOP('',(#92,#93,#94,#95));
#1235=EDGE_LOOP('',(#96,#97,#98,#99));
#1236=EDGE_LOOP('',(#100,#101,#102,#103));
#1237=EDGE_LOOP('',(#104,#105,#106,#107));
#1238=EDGE_LOOP('',(#108,#109,#110,#111,#112,#113,#114,#115));
#1239=EDGE_LOOP('',(#116,#117,#118,#119));
#1240=EDGE_LOOP('',(#120,#121,#122,#123));
#1241=EDGE_LOOP('',(#124,#125,#126,#127));
#1242=EDGE_LOOP('',(#128,#129,#130,#131,#132,#133,#134,#135));
#1243=EDGE_LOOP('',(#136,#137,#138,#139));
#1244=EDGE_LOOP('',(#140,#141,#142,#143,#144,#145,#146,#147,#148,#149,#150,#151));
#1245=EDGE_LOOP('',(#152,#153,#154,#155));
#1246=EDGE_LOOP('',(#156,#157,#158,#159));
#1247=EDGE_LOOP('',(#160,#161,#162,#163));
#1248=EDGE_LOOP('',(#164,#165,#166,#167));
#1249=EDGE_LOOP('',(#168,#169,#170,#171));
#1250=EDGE_LOOP('',(#172,#173,#174,#175,#176,#177,#178,#179));
#1251=EDGE_LOOP('',(#180,#181,#182,#183));
#1252=EDGE_LOOP('',(#184,#185,#186,#187));
#1253=EDGE_LOOP('',(#188,#189,#190,#191));
#1254=EDGE_LOOP('',(#192,#193,#194,#195));
#1255=EDGE_LOOP('',(#196,#197,#198,#199));
#1256=EDGE_LOOP('',(#200,#201,#202,#203));
#1257=EDGE_LOOP('',(#204,#205,#206,#207));
#1258=EDGE_LOOP('',(#208,#209,#210,#211));
#1259=EDGE_LOOP('',(#212,#213,#214,#215));
#1260=EDGE_LOOP('',(#216,#217,#218,#219,#220,#221));
#1261=EDGE_LOOP('',(#222,#223,#224,#225,#226,#227));
#1262=EDGE_LOOP('',(#228,#229,#230,#231));
#1263=EDGE_LOOP('',(#232,#233,#234,#235));
#1264=EDGE_LOOP('',(#236,#237,#238,#239));
#1265=EDGE_LOOP('',(#240,#241,#242,#243));
#1266=EDGE_LOOP('',(#244,#245,#246,#247));
#1267=EDGE_LOOP('',(#248,#249,#250,#251));
#1268=EDGE_LOOP('',(#252,#253,#254));
#1269=EDGE_LOOP('',(#255,#256,#257,#258));
#1270=EDGE_LOOP('',(#259,#260,#261));
#1271=EDGE_LOOP('',(#262,#263,#264,#265));
#1272=EDGE_LOOP('',(#266,#267,#268));
#1273=EDGE_LOOP('',(#269,#270,#271,#272));
#1274=EDGE_LOOP('',(#273,#274,#275));
#1275=EDGE_LOOP('',(#276,#277,#278,#279));
#1276=EDGE_LOOP('',(#280,#281,#282,#283));
#1277=EDGE_LOOP('',(#284,#285,#286,#287));
#1278=EDGE_LOOP('',(#288,#289,#290,#291));
#1279=EDGE_LOOP('',(#292,#293,#294,#295));
#1280=EDGE_LOOP('',(#296,#297,#298,#299));
#1281=EDGE_LOOP('',(#300,#301,#302,#303));
#1282=EDGE_LOOP('',(#304,#305,#306,#307));
#1283=EDGE_LOOP('',(#308,#309,#310,#311));
#1284=EDGE_LOOP('',(#312,#313,#314,#315));
#1285=EDGE_LOOP('',(#316,#317,#318,#319));
#1286=EDGE_LOOP('',(#320,#321,#322,#323));
#1287=EDGE_LOOP('',(#324,#325,#326,#327));
#1288=EDGE_LOOP('',(#328,#329,#330,#331));
#1289=EDGE_LOOP('',(#332,#333,#334,#335));
#1290=EDGE_LOOP('',(#336,#337,#338,#339));
#1291=EDGE_LOOP('',(#340,#341,#342,#343));
#1292=EDGE_LOOP('',(#344,#345,#346,#347));
#1293=EDGE_LOOP('',(#348,#349,#350,#351));
#1294=EDGE_LOOP('',(#352,#353,#354,#355));
#1295=EDGE_LOOP('',(#356,#357,#358,#359));
#1296=EDGE_LOOP('',(#360,#361,#362,#363));
#1297=EDGE_LOOP('',(#364,#365,#366,#367));
#1298=EDGE_LOOP('',(#368,#369,#370,#371));
#1299=EDGE_LOOP('',(#372,#373,#374,#375));
#1300=EDGE_LOOP('',(#376,#377,#378,#379));
#1301=EDGE_LOOP('',(#380,#381,#382,#383));
#1302=EDGE_LOOP('',(#384,#385,#386,#387));
#1303=EDGE_LOOP('',(#388,#389,#390,#391));
#1304=EDGE_LOOP('',(#392,#393,#394,#395));
#1305=EDGE_LOOP('',(#396,#397,#398,#399));
#1306=EDGE_LOOP('',(#400,#401,#402,#403));
#1307=EDGE_LOOP('',(#404,#405,#406,#407));
#1308=EDGE_LOOP('',(#408,#409,#410,#411));
#1309=EDGE_LOOP('',(#412,#413,#414,#415));
#1310=EDGE_LOOP('',(#416,#417,#418,#419));
#1311=EDGE_LOOP('',(#420,#421,#422,#423));
#1312=EDGE_LOOP('',(#424,#425,#426,#427));
#1313=EDGE_LOOP('',(#428,#429,#430,#431));
#1314=EDGE_LOOP('',(#432,#433,#434,#435));
#1315=EDGE_LOOP('',(#436,#437,#438,#439));
#1316=EDGE_LOOP('',(#440,#441,#442,#443));
#1317=EDGE_LOOP('',(#444,#445,#446,#447));
#1318=EDGE_LOOP('',(#448,#449,#450,#451));
#1319=EDGE_LOOP('',(#452,#453,#454,#455));
#1320=EDGE_LOOP('',(#456,#457,#458));
#1321=EDGE_LOOP('',(#459,#460,#461));
#1322=EDGE_LOOP('',(#462,#463,#464,#465));
#1323=EDGE_LOOP('',(#466,#467,#468,#469));
#1324=FACE_BOUND('',#1221,.T.);
#1325=FACE_BOUND('',#1222,.T.);
#1326=FACE_BOUND('',#1223,.T.);
#1327=FACE_BOUND('',#1224,.T.);
#1328=FACE_BOUND('',#1225,.T.);
#1329=FACE_BOUND('',#1226,.T.);
#1330=FACE_BOUND('',#1227,.T.);
#1331=FACE_BOUND('',#1228,.T.);
#1332=FACE_BOUND('',#1229,.T.);
#1333=FACE_BOUND('',#1230,.T.);
#1334=FACE_BOUND('',#1231,.T.);
#1335=FACE_BOUND('',#1232,.T.);
#1336=FACE_BOUND('',#1233,.T.);
#1337=FACE_BOUND('',#1234,.T.);
#1338=FACE_BOUND('',#1235,.T.);
#1339=FACE_BOUND('',#1236,.T.);
#1340=FACE_BOUND('',#1237,.T.);
#1341=FACE_BOUND('',#1238,.T.);
#1342=FACE_BOUND('',#1239,.T.);
#1343=FACE_BOUND('',#1240,.T.);
#1344=FACE_BOUND('',#1241,.T.);
#1345=FACE_BOUND('',#1242,.T.);
#1346=FACE_BOUND('',#1243,.T.);
#1347=FACE_BOUND('',#1244,.T.);
#1348=FACE_BOUND('',#1245,.T.);
#1349=FACE_BOUND('',#1246,.T.);
#1350=FACE_BOUND('',#1247,.T.);
#1351=FACE_BOUND('',#1248,.T.);
#1352=FACE_BOUND('',#1249,.T.);
#1353=FACE_BOUND('',#1250,.T.);
#1354=FACE_BOUND('',#1251,.T.);
#1355=FACE_BOUND('',#1252,.T.);
#1356=FACE_BOUND('',#1253,.T.);
#1357=FACE_BOUND('',#1254,.T.);
#1358=FACE_BOUND('',#1255,.T.);
#1359=FACE_BOUND('',#1256,.T.);
#1360=FACE_BOUND('',#1257,.T.);
#1361=FACE_BOUND('',#1258,.T.);
#1362=FACE_BOUND('',#1259,.T.);
#1363=FACE_BOUND('',#1260,.T.);
#1364=FACE_BOUND('',#1261,.T.);
#1365=FACE_BOUND('',#1262,.T.);
#1366=FACE_BOUND('',#1263,.T.);
#1367=FACE_BOUND('',#1264,.T.);
#1368=FACE_BOUND('',#1265,.T.);
#1369=FACE_BOUND('',#1266,.T.);
#1370=FACE_BOUND('',#1267,.T.);
#1371=FACE_BOUND('',#1268,.T.);
#1372=FACE_BOUND('',#1269,.T.);
#1373=FACE_BOUND('',#1270,.T.);
#1374=FACE_BOUND('',#1271,.T.);
#1375=FACE_BOUND('',#1272,.T.);
#1376=FACE_BOUND('',#1273,.T.);
#1377=FACE_BOUND('',#1274,.T.);
#1378=FACE_BOUND('',#1275,.T.);
#1379=FACE_BOUND('',#1276,.T.);
#1380=FACE_BOUND('',#1277,.T.);
#1381=FACE_BOUND('',#1278,.T.);
#1382=FACE_BOUND('',#1279,.T.);
#1383=FACE_BOUND('',#1280,.T.);
#1384=FACE_BOUND('',#1281,.T.);
#1385=FACE_BOUND('',#1282,.T.);
#1386=FACE_BOUND('',#1283,.T.);
#1387=FACE_BOUND('',#1284,.T.);
#1388=FACE_BOUND('',#1285,.T.);
#1389=FACE_BOUND('',#1286,.T.);
#1390=FACE_BOUND('',#1287,.T.);
#1391=FACE_BOUND('',#1288,.T.);
#1392=FACE_BOUND('',#1289,.T.);
#1393=FACE_BOUND('',#1290,.T.);
#1394=FACE_BOUND('',#1291,.T.);
#1395=FACE_BOUND('',#1292,.T.);
#1396=FACE_BOUND('',#1293,.T.);
#1397=FACE_BOUND('',#1294,.T.);
#1398=FACE_BOUND('',#1295,.T.);
#1399=FACE_BOUND('',#1296,.T.);
#1400=FACE_BOUND('',#1297,.T.);
#1401=FACE_BOUND('',#1298,.T.);
#1402=FACE_BOUND('',#1299,.T.);
#1403=FACE_BOUND('',#1300,.T.);
#1404=FACE_BOUND('',#1301,.T.);
#1405=FACE_BOUND('',#1302,.T.);
#1406=FACE_BOUND('',#1303,.T.);
#1407=FACE_BOUND('',#1304,.T.);
#1408=FACE_BOUND('',#1305,.T.);
#1409=FACE_BOUND('',#1306,.T.);
#1410=FACE_BOUND('',#1307,.T.);
#1411=FACE_BOUND('',#1308,.T.);
#1412=FACE_BOUND('',#1309,.T.);
#1413=FACE_BOUND('',#1310,.T.);
#1414=FACE_BOUND('',#1311,.T.);
#1415=FACE_BOUND('',#1312,.T.);
#1416=FACE_BOUND('',#1313,.T.);
#1417=FACE_BOUND('',#1314,.T.);
#1418=FACE_BOUND('',#1315,.T.);
#1419=FACE_BOUND('',#1316,.T.);
#1420=FACE_BOUND('',#1317,.T.);
#1421=FACE_BOUND('',#1318,.T.);
#1422=FACE_BOUND('',#1319,.T.);
#1423=FACE_BOUND('',#1320,.T.);
#1424=FACE_BOUND('',#1321,.T.);
#1425=FACE_BOUND('',#1322,.T.);
#1426=FACE_BOUND('',#1323,.T.);
#1427=PLANE('',#1608);
#1428=PLANE('',#1609);
#1429=PLANE('',#1610);
#1430=PLANE('',#1611);
#1431=PLANE('',#1612);
#1432=PLANE('',#1613);
#1433=PLANE('',#1614);
#1434=PLANE('',#1615);
#1435=PLANE('',#1616);
#1436=PLANE('',#1617);
#1437=PLANE('',#1618);
#1438=PLANE('',#1619);
#1439=PLANE('',#1620);
#1440=PLANE('',#1621);
#1441=PLANE('',#1622);
#1442=PLANE('',#1623);
#1443=PLANE('',#1624);
#1444=PLANE('',#1629);
#1445=PLANE('',#1630);
#1446=PLANE('',#1631);
#1447=PLANE('',#1644);
#1448=PLANE('',#1645);
#1449=PLANE('',#1646);
#1450=PLANE('',#1647);
#1451=PLANE('',#1648);
#1452=PLANE('',#1649);
#1453=PLANE('',#1650);
#1454=PLANE('',#1651);
#1455=PLANE('',#1652);
#1456=PLANE('',#1665);
#1457=PLANE('',#1666);
#1458=PLANE('',#1667);
#1459=PLANE('',#1668);
#1460=PLANE('',#1669);
#1461=PLANE('',#1670);
#1462=PLANE('',#1671);
#1463=PLANE('',#1672);
#1464=PLANE('',#1673);
#1465=PLANE('',#1674);
#1466=PLANE('',#1675);
#1467=PLANE('',#1676);
#1468=PLANE('',#1677);
#1469=PLANE('',#1678);
#1470=PLANE('',#1679);
#1471=PLANE('',#1680);
#1472=PLANE('',#1681);
#1473=PLANE('',#1682);
#1474=PLANE('',#1683);
#1475=PLANE('',#1684);
#1476=PLANE('',#1685);
#1477=PLANE('',#1686);
#1478=PLANE('',#1687);
#1479=PLANE('',#1688);
#1480=PLANE('',#1689);
#1481=PLANE('',#1690);
#1482=PLANE('',#1691);
#1483=PLANE('',#1692);
#1484=PLANE('',#1693);
#1485=PLANE('',#1694);
#1486=PLANE('',#1695);
#1487=PLANE('',#1696);
#1488=PLANE('',#1697);
#1489=PLANE('',#1698);
#1490=PLANE('',#1699);
#1491=PLANE('',#1700);
#1492=PLANE('',#1701);
#1493=PLANE('',#1702);
#1494=PLANE('',#1703);
#1495=PLANE('',#1704);
#1496=PLANE('',#1705);
#1497=PLANE('',#1706);
#1498=PLANE('',#1707);
#1499=PLANE('',#1708);
#1500=PLANE('',#1709);
#1501=PLANE('',#1710);
#1502=PLANE('',#1711);
#1503=PLANE('',#1712);
#1504=PLANE('',#1713);
#1505=ADVANCED_FACE('',(#1324,#1325,#1326),#1427,.T.);
#1506=ADVANCED_FACE('',(#1327,#1328,#1329,#1330,#1331,#1332,#1333,#1334,#1335,#1336),#1428,.F.);
#1507=ADVANCED_FACE('',(#1337),#1429,.F.);
#1508=ADVANCED_FACE('',(#1338),#1430,.T.);
#1509=ADVANCED_FACE('',(#1339),#1431,.T.);
#1510=ADVANCED_FACE('',(#1340),#1432,.F.);
#1511=ADVANCED_FACE('',(#1341),#1433,.F.);
#1512=ADVANCED_FACE('',(#1342),#1434,.T.);
#1513=ADVANCED_FACE('',(#1343),#1435,.T.);
#1514=ADVANCED_FACE('',(#1344),#1436,.F.);
#1515=ADVANCED_FACE('',(#1345,#1346),#1437,.F.);
#1516=ADVANCED_FACE('',(#1347),#1438,.F.);
#1517=ADVANCED_FACE('',(#1348),#1439,.F.);
#1518=ADVANCED_FACE('',(#1349),#1440,.T.);
#1519=ADVANCED_FACE('',(#1350),#1441,.T.);
#1520=ADVANCED_FACE('',(#1351),#1442,.F.);
#1521=ADVANCED_FACE('',(#1352,#1353),#1443,.T.);
#1522=ADVANCED_FACE('',(#1354),#1444,.T.);
#1523=ADVANCED_FACE('',(#1355),#1445,.T.);
#1524=ADVANCED_FACE('',(#1356),#1446,.T.);
#1525=ADVANCED_FACE('',(#1357),#16,.T.);
#1526=ADVANCED_FACE('',(#1358),#17,.T.);
#1527=ADVANCED_FACE('',(#1359),#18,.T.);
#1528=ADVANCED_FACE('',(#1360),#19,.T.);
#1529=ADVANCED_FACE('',(#1361),#1447,.T.);
#1530=ADVANCED_FACE('',(#1362),#1448,.T.);
#1531=ADVANCED_FACE('',(#1363),#1449,.F.);
#1532=ADVANCED_FACE('',(#1364),#1450,.T.);
#1533=ADVANCED_FACE('',(#1365),#1451,.F.);
#1534=ADVANCED_FACE('',(#1366),#1452,.T.);
#1535=ADVANCED_FACE('',(#1367),#1453,.F.);
#1536=ADVANCED_FACE('',(#1368),#1454,.T.);
#1537=ADVANCED_FACE('',(#1369),#1455,.F.);
#1538=ADVANCED_FACE('',(#1370),#20,.T.);
#1539=ADVANCED_FACE('',(#1371),#12,.T.);
#1540=ADVANCED_FACE('',(#1372),#21,.T.);
#1541=ADVANCED_FACE('',(#1373),#13,.T.);
#1542=ADVANCED_FACE('',(#1374),#22,.T.);
#1543=ADVANCED_FACE('',(#1375),#14,.T.);
#1544=ADVANCED_FACE('',(#1376),#23,.T.);
#1545=ADVANCED_FACE('',(#1377),#15,.T.);
#1546=ADVANCED_FACE('',(#1378),#1456,.T.);
#1547=ADVANCED_FACE('',(#1379),#1457,.F.);
#1548=ADVANCED_FACE('',(#1380),#1458,.F.);
#1549=ADVANCED_FACE('',(#1381),#1459,.T.);
#1550=ADVANCED_FACE('',(#1382),#1460,.T.);
#1551=ADVANCED_FACE('',(#1383),#1461,.F.);
#1552=ADVANCED_FACE('',(#1384),#1462,.F.);
#1553=ADVANCED_FACE('',(#1385),#1463,.T.);
#1554=ADVANCED_FACE('',(#1386),#1464,.T.);
#1555=ADVANCED_FACE('',(#1387),#1465,.T.);
#1556=ADVANCED_FACE('',(#1388),#1466,.F.);
#1557=ADVANCED_FACE('',(#1389),#1467,.F.);
#1558=ADVANCED_FACE('',(#1390),#1468,.T.);
#1559=ADVANCED_FACE('',(#1391),#1469,.T.);
#1560=ADVANCED_FACE('',(#1392),#1470,.T.);
#1561=ADVANCED_FACE('',(#1393),#1471,.F.);
#1562=ADVANCED_FACE('',(#1394),#1472,.F.);
#1563=ADVANCED_FACE('',(#1395),#1473,.T.);
#1564=ADVANCED_FACE('',(#1396),#1474,.T.);
#1565=ADVANCED_FACE('',(#1397),#1475,.T.);
#1566=ADVANCED_FACE('',(#1398),#1476,.F.);
#1567=ADVANCED_FACE('',(#1399),#1477,.F.);
#1568=ADVANCED_FACE('',(#1400),#1478,.T.);
#1569=ADVANCED_FACE('',(#1401),#1479,.T.);
#1570=ADVANCED_FACE('',(#1402),#1480,.T.);
#1571=ADVANCED_FACE('',(#1403),#1481,.F.);
#1572=ADVANCED_FACE('',(#1404),#1482,.F.);
#1573=ADVANCED_FACE('',(#1405),#1483,.T.);
#1574=ADVANCED_FACE('',(#1406),#1484,.T.);
#1575=ADVANCED_FACE('',(#1407),#1485,.T.);
#1576=ADVANCED_FACE('',(#1408),#1486,.F.);
#1577=ADVANCED_FACE('',(#1409),#1487,.F.);
#1578=ADVANCED_FACE('',(#1410),#1488,.T.);
#1579=ADVANCED_FACE('',(#1411),#1489,.T.);
#1580=ADVANCED_FACE('',(#1412),#1490,.T.);
#1581=ADVANCED_FACE('',(#1413),#1491,.T.);
#1582=ADVANCED_FACE('',(#1414),#1492,.F.);
#1583=ADVANCED_FACE('',(#1415),#1493,.F.);
#1584=ADVANCED_FACE('',(#1416),#1494,.T.);
#1585=ADVANCED_FACE('',(#1417),#1495,.T.);
#1586=ADVANCED_FACE('',(#1418),#1496,.T.);
#1587=ADVANCED_FACE('',(#1419),#1497,.F.);
#1588=ADVANCED_FACE('',(#1420),#1498,.F.);
#1589=ADVANCED_FACE('',(#1421),#1499,.T.);
#1590=ADVANCED_FACE('',(#1422),#1500,.T.);
#1591=ADVANCED_FACE('',(#1423),#1501,.T.);
#1592=ADVANCED_FACE('',(#1424),#1502,.F.);
#1593=ADVANCED_FACE('',(#1425),#1503,.T.);
#1594=ADVANCED_FACE('',(#1426),#1504,.T.);
#1595=CLOSED_SHELL('',(#1505,#1506,#1507,#1508,#1509,#1510,#1511,#1512,#1513,#1514,#1515,#1516,#1517,#1518,#1519,#1520,#1521,#1522,#1523,#1524,#1525,#1526,#1527,#1528,#1529,#1530,#1531,#1532,#1533,#1534,#1535,#1536,#1537,#1538,#1539,#1540,#1541,#1542,#1543,#1544,#1545,#1546,#1547,#1548,#1549,#1550,#1551,#1552,#1553,#1554,#1555,#1556,#1557,#1558,#1559,#1560,#1561,#1562,#1563,#1564,#1565,#1566,#1567,#1568,#1569,#1570,#1571,#1572,#1573,#1574,#1575,#1576,#1577,#1578,#1579,#1580,#1581,#1582,#1583,#1584,#1585,#1586,#1587,#1588,#1589,#1590,#1591,#1592,#1593,#1594));
#1596=STYLED_ITEM('',(#1597),#1604);
#1597=PRESENTATION_STYLE_ASSIGNMENT((#1598));
#1598=SURFACE_STYLE_USAGE(.BOTH.,#1599);
#1599=SURFACE_SIDE_STYLE('',(#1600));
#1600=SURFACE_STYLE_FILL_AREA(#1601);
#1601=FILL_AREA_STYLE('',(#1602));
#1602=FILL_AREA_STYLE_COLOUR('',#1603);
#1603=COLOUR_RGB('',0.615686274509804,0.811764705882353,0.929411764705882);
#1604=MANIFOLD_SOLID_BREP('Base Housing',#1595);
#1605=SHAPE_DEFINITION_REPRESENTATION(#2577,#1606);
#1606=SHAPE_REPRESENTATION('Base Housing',(#1607),#2572);
#1607=AXIS2_PLACEMENT_3D('',#2127,#1714,#1715);
#1608=AXIS2_PLACEMENT_3D('',#2128,#1716,#1717);
#1609=AXIS2_PLACEMENT_3D('',#2153,#1730,#1731);
#1610=AXIS2_PLACEMENT_3D('',#2234,#1772,#1773);
#1611=AXIS2_PLACEMENT_3D('',#2243,#1778,#1779);
#1612=AXIS2_PLACEMENT_3D('',#2249,#1783,#1784);
#1613=AXIS2_PLACEMENT_3D('',#2255,#1788,#1789);
#1614=AXIS2_PLACEMENT_3D('',#2261,#1793,#1794);
#1615=AXIS2_PLACEMENT_3D('',#2275,#1802,#1803);
#1616=AXIS2_PLACEMENT_3D('',#2281,#1807,#1808);
#1617=AXIS2_PLACEMENT_3D('',#2287,#1812,#1813);
#1618=AXIS2_PLACEMENT_3D('',#2290,#1816,#1817);
#1619=AXIS2_PLACEMENT_3D('',#2299,#1822,#1823);
#1620=AXIS2_PLACEMENT_3D('',#2305,#1827,#1828);
#1621=AXIS2_PLACEMENT_3D('',#2311,#1832,#1833);
#1622=AXIS2_PLACEMENT_3D('',#2317,#1837,#1838);
#1623=AXIS2_PLACEMENT_3D('',#2319,#1840,#1841);
#1624=AXIS2_PLACEMENT_3D('',#2321,#1843,#1844);
#1625=AXIS2_PLACEMENT_3D('',#2325,#1846,#1847);
#1626=AXIS2_PLACEMENT_3D('',#2326,#1848,#1849);
#1627=AXIS2_PLACEMENT_3D('',#2330,#1851,#1852);
#1628=AXIS2_PLACEMENT_3D('',#2331,#1853,#1854);
#1629=AXIS2_PLACEMENT_3D('',#2332,#1855,#1856);
#1630=AXIS2_PLACEMENT_3D('',#2338,#1860,#1861);
#1631=AXIS2_PLACEMENT_3D('',#2344,#1865,#1866);
#1632=AXIS2_PLACEMENT_3D('',#2353,#1871,#1872);
#1633=AXIS2_PLACEMENT_3D('',#2354,#1873,#1874);
#1634=AXIS2_PLACEMENT_3D('',#2355,#1875,#1876);
#1635=AXIS2_PLACEMENT_3D('',#2356,#1877,#1878);
#1636=AXIS2_PLACEMENT_3D('',#2357,#1879,#1880);
#1637=AXIS2_PLACEMENT_3D('',#2358,#1881,#1882);
#1638=AXIS2_PLACEMENT_3D('',#2359,#1883,#1884);
#1639=AXIS2_PLACEMENT_3D('',#2360,#1885,#1886);
#1640=AXIS2_PLACEMENT_3D('',#2361,#1887,#1888);
#1641=AXIS2_PLACEMENT_3D('',#2362,#1889,#1890);
#1642=AXIS2_PLACEMENT_3D('',#2363,#1891,#1892);
#1643=AXIS2_PLACEMENT_3D('',#2364,#1893,#1894);
#1644=AXIS2_PLACEMENT_3D('',#2365,#1895,#1896);
#1645=AXIS2_PLACEMENT_3D('',#2371,#1900,#1901);
#1646=AXIS2_PLACEMENT_3D('',#2377,#1905,#1906);
#1647=AXIS2_PLACEMENT_3D('',#2381,#1909,#1910);
#1648=AXIS2_PLACEMENT_3D('',#2385,#1913,#1914);
#1649=AXIS2_PLACEMENT_3D('',#2387,#1916,#1917);
#1650=AXIS2_PLACEMENT_3D('',#2390,#1920,#1921);
#1651=AXIS2_PLACEMENT_3D('',#2392,#1923,#1924);
#1652=AXIS2_PLACEMENT_3D('',#2394,#1926,#1927);
#1653=AXIS2_PLACEMENT_3D('',#2395,#1928,#1929);
#1654=AXIS2_PLACEMENT_3D('',#2396,#1930,#1931);
#1655=AXIS2_PLACEMENT_3D('',#2397,#1932,#1933);
#1656=AXIS2_PLACEMENT_3D('',#2398,#1934,#1935);
#1657=AXIS2_PLACEMENT_3D('',#2399,#1936,#1937);
#1658=AXIS2_PLACEMENT_3D('',#2400,#1938,#1939);
#1659=AXIS2_PLACEMENT_3D('',#2401,#1940,#1941);
#1660=AXIS2_PLACEMENT_3D('',#2402,#1942,#1943);
#1661=AXIS2_PLACEMENT_3D('',#2403,#1944,#1945);
#1662=AXIS2_PLACEMENT_3D('',#2404,#1946,#1947);
#1663=AXIS2_PLACEMENT_3D('',#2405,#1948,#1949);
#1664=AXIS2_PLACEMENT_3D('',#2406,#1950,#1951);
#1665=AXIS2_PLACEMENT_3D('',#2407,#1952,#1953);
#1666=AXIS2_PLACEMENT_3D('',#2413,#1957,#1958);
#1667=AXIS2_PLACEMENT_3D('',#2417,#1961,#1962);
#1668=AXIS2_PLACEMENT_3D('',#2421,#1965,#1966);
#1669=AXIS2_PLACEMENT_3D('',#2423,#1968,#1969);
#1670=AXIS2_PLACEMENT_3D('',#2424,#1970,#1971);
#1671=AXIS2_PLACEMENT_3D('',#2430,#1975,#1976);
#1672=AXIS2_PLACEMENT_3D('',#2434,#1979,#1980);
#1673=AXIS2_PLACEMENT_3D('',#2438,#1983,#1984);
#1674=AXIS2_PLACEMENT_3D('',#2440,#1986,#1987);
#1675=AXIS2_PLACEMENT_3D('',#2441,#1988,#1989);
#1676=AXIS2_PLACEMENT_3D('',#2447,#1993,#1994);
#1677=AXIS2_PLACEMENT_3D('',#2451,#1997,#1998);
#1678=AXIS2_PLACEMENT_3D('',#2455,#2001,#2002);
#1679=AXIS2_PLACEMENT_3D('',#2457,#2004,#2005);
#1680=AXIS2_PLACEMENT_3D('',#2458,#2006,#2007);
#1681=AXIS2_PLACEMENT_3D('',#2464,#2011,#2012);
#1682=AXIS2_PLACEMENT_3D('',#2468,#2015,#2016);
#1683=AXIS2_PLACEMENT_3D('',#2472,#2019,#2020);
#1684=AXIS2_PLACEMENT_3D('',#2474,#2022,#2023);
#1685=AXIS2_PLACEMENT_3D('',#2475,#2024,#2025);
#1686=AXIS2_PLACEMENT_3D('',#2481,#2029,#2030);
#1687=AXIS2_PLACEMENT_3D('',#2485,#2033,#2034);
#1688=AXIS2_PLACEMENT_3D('',#2489,#2037,#2038);
#1689=AXIS2_PLACEMENT_3D('',#2491,#2040,#2041);
#1690=AXIS2_PLACEMENT_3D('',#2492,#2042,#2043);
#1691=AXIS2_PLACEMENT_3D('',#2498,#2047,#2048);
#1692=AXIS2_PLACEMENT_3D('',#2502,#2051,#2052);
#1693=AXIS2_PLACEMENT_3D('',#2506,#2055,#2056);
#1694=AXIS2_PLACEMENT_3D('',#2508,#2058,#2059);
#1695=AXIS2_PLACEMENT_3D('',#2509,#2060,#2061);
#1696=AXIS2_PLACEMENT_3D('',#2515,#2065,#2066);
#1697=AXIS2_PLACEMENT_3D('',#2519,#2069,#2070);
#1698=AXIS2_PLACEMENT_3D('',#2523,#2073,#2074);
#1699=AXIS2_PLACEMENT_3D('',#2525,#2076,#2077);
#1700=AXIS2_PLACEMENT_3D('',#2526,#2078,#2079);
#1701=AXIS2_PLACEMENT_3D('',#2532,#2083,#2084);
#1702=AXIS2_PLACEMENT_3D('',#2536,#2087,#2088);
#1703=AXIS2_PLACEMENT_3D('',#2540,#2091,#2092);
#1704=AXIS2_PLACEMENT_3D('',#2542,#2094,#2095);
#1705=AXIS2_PLACEMENT_3D('',#2543,#2096,#2097);
#1706=AXIS2_PLACEMENT_3D('',#2549,#2101,#2102);
#1707=AXIS2_PLACEMENT_3D('',#2553,#2105,#2106);
#1708=AXIS2_PLACEMENT_3D('',#2557,#2109,#2110);
#1709=AXIS2_PLACEMENT_3D('',#2559,#2112,#2113);
#1710=AXIS2_PLACEMENT_3D('',#2560,#2114,#2115);
#1711=AXIS2_PLACEMENT_3D('',#2564,#2118,#2119);
#1712=AXIS2_PLACEMENT_3D('',#2568,#2122,#2123);
#1713=AXIS2_PLACEMENT_3D('',#2570,#2125,#2126);
#1714=DIRECTION('',(0.,0.,1.));
#1715=DIRECTION('',(1.,0.,0.));
#1716=DIRECTION('',(0.,1.,0.));
#1717=DIRECTION('',(0.,0.,1.));
#1718=DIRECTION('',(-1.,0.,0.));
#1719=DIRECTION('',(0.,0.,-1.));
#1720=DIRECTION('',(1.,0.,0.));
#1721=DIRECTION('',(0.,0.,1.));
#1722=DIRECTION('',(1.,0.,0.));
#1723=DIRECTION('',(0.,0.,1.));
#1724=DIRECTION('',(1.,0.,0.));
#1725=DIRECTION('',(0.,0.,1.));
#1726=DIRECTION('',(-1.,0.,0.));
#1727=DIRECTION('',(0.,0.,-1.));
#1728=DIRECTION('',(-1.,0.,0.));
#1729=DIRECTION('',(0.,0.,-1.));
#1730=DIRECTION('',(0.,1.,0.));
#1731=DIRECTION('',(0.,0.,1.));
#1732=DIRECTION('',(1.,0.,3.03576608295942E-16));
#1733=DIRECTION('',(0.,0.,-1.));
#1734=DIRECTION('',(1.,0.,3.03576608295942E-16));
#1735=DIRECTION('',(0.,0.,-1.));
#1736=DIRECTION('',(1.,0.,3.03576608295941E-16));
#1737=DIRECTION('',(0.,0.,-1.));
#1738=DIRECTION('',(1.,0.,3.03576608295941E-16));
#1739=DIRECTION('',(0.,0.,-1.));
#1740=DIRECTION('',(1.,0.,3.03576608295941E-16));
#1741=DIRECTION('',(0.,0.,-1.));
#1742=DIRECTION('',(1.,0.,3.03576608295941E-16));
#1743=DIRECTION('',(0.,0.,-1.));
#1744=DIRECTION('',(1.,0.,3.03576608295942E-16));
#1745=DIRECTION('',(0.,0.,-1.));
#1746=DIRECTION('',(1.,0.,3.03576608295942E-16));
#1747=DIRECTION('',(2.16840434497101E-16,0.,-1.));
#1748=DIRECTION('',(1.,0.,3.03576608295941E-16));
#1749=DIRECTION('',(0.,0.,-1.));
#1750=DIRECTION('',(1.,0.,3.03576608295941E-16));
#1751=DIRECTION('',(0.,0.,-1.));
#1752=DIRECTION('',(1.,0.,3.03576608295941E-16));
#1753=DIRECTION('',(0.,0.,-1.));
#1754=DIRECTION('',(1.,0.,3.03576608295941E-16));
#1755=DIRECTION('',(0.,0.,-1.));
#1756=DIRECTION('',(1.,0.,3.03576608295941E-16));
#1757=DIRECTION('',(0.,0.,-1.));
#1758=DIRECTION('',(1.,0.,3.03576608295941E-16));
#1759=DIRECTION('',(0.,0.,-1.));
#1760=DIRECTION('',(1.,0.,0.));
#1761=DIRECTION('',(0.,0.,1.));
#1762=DIRECTION('',(-1.,0.,0.));
#1763=DIRECTION('',(0.,0.,1.));
#1764=DIRECTION('',(1.,0.,3.03576608295942E-16));
#1765=DIRECTION('',(0.,0.,-1.));
#1766=DIRECTION('',(1.,0.,3.03576608295942E-16));
#1767=DIRECTION('',(0.,0.,-1.));
#1768=DIRECTION('',(1.,0.,3.03576608295941E-16));
#1769=DIRECTION('',(0.,0.,-1.));
#1770=DIRECTION('',(1.,0.,3.25260651745651E-16));
#1771=DIRECTION('',(0.,0.,-1.));
#1772=DIRECTION('',(0.,-1.,0.));
#1773=DIRECTION('',(0.,0.,-1.));
#1774=DIRECTION('',(1.,0.,0.));
#1775=DIRECTION('',(0.,0.,1.));
#1776=DIRECTION('',(1.,0.,0.));
#1777=DIRECTION('',(0.,0.,1.));
#1778=DIRECTION('',(-1.,0.,0.));
#1779=DIRECTION('',(0.,0.,1.));
#1780=DIRECTION('',(0.,-1.,0.));
#1781=DIRECTION('',(0.,0.,1.));
#1782=DIRECTION('',(0.,-1.,0.));
#1783=DIRECTION('',(0.,-1.,0.));
#1784=DIRECTION('',(0.,0.,-1.));
#1785=DIRECTION('',(1.,0.,0.));
#1786=DIRECTION('',(0.,0.,1.));
#1787=DIRECTION('',(1.,0.,0.));
#1788=DIRECTION('',(1.,0.,0.));
#1789=DIRECTION('',(0.,0.,-1.));
#1790=DIRECTION('',(0.,1.,0.));
#1791=DIRECTION('',(0.,0.,1.));
#1792=DIRECTION('',(0.,1.,0.));
#1793=DIRECTION('',(0.,1.,0.));
#1794=DIRECTION('',(0.,0.,1.));
#1795=DIRECTION('',(-1.,0.,0.));
#1796=DIRECTION('',(0.,0.,-1.));
#1797=DIRECTION('',(-1.,0.,0.));
#1798=DIRECTION('',(-1.,0.,0.));
#1799=DIRECTION('',(0.,0.,1.));
#1800=DIRECTION('',(-1.,0.,0.));
#1801=DIRECTION('',(0.,0.,-1.));
#1802=DIRECTION('',(1.,0.,0.));
#1803=DIRECTION('',(0.,0.,-1.));
#1804=DIRECTION('',(0.,1.,0.));
#1805=DIRECTION('',(0.,0.,1.));
#1806=DIRECTION('',(0.,1.,0.));
#1807=DIRECTION('',(0.,-1.,0.));
#1808=DIRECTION('',(0.,0.,-1.));
#1809=DIRECTION('',(1.,0.,0.));
#1810=DIRECTION('',(0.,0.,1.));
#1811=DIRECTION('',(1.,0.,0.));
#1812=DIRECTION('',(-1.,0.,0.));
#1813=DIRECTION('',(0.,0.,1.));
#1814=DIRECTION('',(0.,-1.,0.));
#1815=DIRECTION('',(0.,-1.,0.));
#1816=DIRECTION('',(0.,0.,-1.));
#1817=DIRECTION('',(1.,0.,0.));
#1818=DIRECTION('',(-1.,0.,0.));
#1819=DIRECTION('',(0.,1.,0.));
#1820=DIRECTION('',(-1.,0.,0.));
#1821=DIRECTION('',(0.,-1.,0.));
#1822=DIRECTION('',(0.,0.,-1.));
#1823=DIRECTION('',(1.,0.,0.));
#1824=DIRECTION('',(0.,-1.,0.));
#1825=DIRECTION('',(1.,0.,0.));
#1826=DIRECTION('',(0.,-1.,0.));
#1827=DIRECTION('',(0.,-1.,0.));
#1828=DIRECTION('',(0.,0.,-1.));
#1829=DIRECTION('',(0.,0.,-1.));
#1830=DIRECTION('',(0.,0.,-1.));
#1831=DIRECTION('',(-1.,0.,0.));
#1832=DIRECTION('',(0.,-1.,0.));
#1833=DIRECTION('',(0.,0.,-1.));
#1834=DIRECTION('',(0.,0.,-1.));
#1835=DIRECTION('',(-1.,0.,0.));
#1836=DIRECTION('',(0.,0.,-1.));
#1837=DIRECTION('',(-1.,0.,0.));
#1838=DIRECTION('',(0.,0.,1.));
#1839=DIRECTION('',(0.,1.,0.));
#1840=DIRECTION('',(-1.,0.,0.));
#1841=DIRECTION('',(0.,0.,1.));
#1842=DIRECTION('',(0.,1.,0.));
#1843=DIRECTION('',(0.,0.,1.));
#1844=DIRECTION('',(1.,0.,0.));
#1845=DIRECTION('',(0.,-1.,0.));
#1846=DIRECTION('',(0.,0.,1.));
#1847=DIRECTION('',(1.,0.,0.));
#1848=DIRECTION('',(0.,0.,1.));
#1849=DIRECTION('',(1.,0.,0.));
#1850=DIRECTION('',(0.,-1.,0.));
#1851=DIRECTION('',(0.,0.,1.));
#1852=DIRECTION('',(1.,0.,0.));
#1853=DIRECTION('',(0.,0.,1.));
#1854=DIRECTION('',(1.,0.,0.));
#1855=DIRECTION('',(-1.,0.,0.));
#1856=DIRECTION('',(0.,0.,1.));
#1857=DIRECTION('',(0.,0.998629534754574,-0.0523359562429441));
#1858=DIRECTION('',(0.,0.,1.));
#1859=DIRECTION('',(0.,0.,1.));
#1860=DIRECTION('',(1.,0.,0.));
#1861=DIRECTION('',(0.,0.,-1.));
#1862=DIRECTION('',(0.,0.,1.));
#1863=DIRECTION('',(0.,0.998629534754574,-0.0523359562429441));
#1864=DIRECTION('',(0.,0.,1.));
#1865=DIRECTION('',(0.,-0.0523359562429441,-0.998629534754574));
#1866=DIRECTION('',(0.,0.998629534754574,-0.0523359562429441));
#1867=DIRECTION('',(0.,0.998629534754574,-0.0523359562429441));
#1868=DIRECTION('',(1.,0.,0.));
#1869=DIRECTION('',(0.,0.998629534754574,-0.0523359562429441));
#1870=DIRECTION('',(-1.,0.,0.));
#1871=DIRECTION('',(1.,0.,0.));
#1872=DIRECTION('',(0.,0.,-1.));
#1873=DIRECTION('',(1.,0.,0.));
#1874=DIRECTION('',(0.,0.,-1.));
#1875=DIRECTION('',(1.,0.,0.));
#1876=DIRECTION('',(0.,0.,-1.));
#1877=DIRECTION('',(0.,0.998629534754574,-0.0523359562429441));
#1878=DIRECTION('',(0.,0.0523359562429441,0.998629534754574));
#1879=DIRECTION('',(0.,0.998629534754574,-0.0523359562429441));
#1880=DIRECTION('',(0.,0.0523359562429441,0.998629534754574));
#1881=DIRECTION('',(0.,0.998629534754574,-0.0523359562429441));
#1882=DIRECTION('',(0.,0.0523359562429441,0.998629534754574));
#1883=DIRECTION('',(0.,0.998629534754574,-0.0523359562429441));
#1884=DIRECTION('',(0.,0.0523359562429441,0.998629534754574));
#1885=DIRECTION('',(0.,0.998629534754574,-0.0523359562429441));
#1886=DIRECTION('',(0.,0.0523359562429441,0.998629534754574));
#1887=DIRECTION('',(0.,0.998629534754574,-0.0523359562429441));
#1888=DIRECTION('',(0.,0.0523359562429441,0.998629534754574));
#1889=DIRECTION('',(1.,0.,0.));
#1890=DIRECTION('',(0.,0.,-1.));
#1891=DIRECTION('',(1.,0.,0.));
#1892=DIRECTION('',(0.,0.,-1.));
#1893=DIRECTION('',(1.,0.,0.));
#1894=DIRECTION('',(0.,0.,-1.));
#1895=DIRECTION('',(0.,1.,0.));
#1896=DIRECTION('',(-1.,0.,0.));
#1897=DIRECTION('',(0.,0.,-1.));
#1898=DIRECTION('',(-1.,0.,0.));
#1899=DIRECTION('',(0.,0.,-1.));
#1900=DIRECTION('',(0.,0.,-1.));
#1901=DIRECTION('',(-1.,0.,0.));
#1902=DIRECTION('',(0.,1.,0.));
#1903=DIRECTION('',(1.,0.,0.));
#1904=DIRECTION('',(0.,1.,0.));
#1905=DIRECTION('',(1.,0.,0.));
#1906=DIRECTION('',(0.,0.,-1.));
#1907=DIRECTION('',(0.,0.,-1.));
#1908=DIRECTION('',(0.,1.,0.));
#1909=DIRECTION('',(1.,0.,0.));
#1910=DIRECTION('',(0.,0.,-1.));
#1911=DIRECTION('',(0.,1.,0.));
#1912=DIRECTION('',(0.,0.,1.));
#1913=DIRECTION('',(0.,0.,-1.));
#1914=DIRECTION('',(-1.,0.,0.));
#1915=DIRECTION('',(-1.,0.,0.));
#1916=DIRECTION('',(-0.913545457642601,0.4067366430758,0.));
#1917=DIRECTION('',(0.,0.,1.));
#1918=DIRECTION('',(0.376763938507218,0.846225660968196,-0.376763938507217));
#1919=DIRECTION('',(-0.376763938507218,-0.846225660968196,-0.376763938507217));
#1920=DIRECTION('',(0.,-0.4067366430758,0.913545457642601));
#1921=DIRECTION('',(-1.,0.,0.));
#1922=DIRECTION('',(-0.376763938507218,0.846225660968196,0.376763938507217));
#1923=DIRECTION('',(0.,0.4067366430758,0.913545457642601));
#1924=DIRECTION('',(1.,0.,0.));
#1925=DIRECTION('',(-0.376763938507218,0.846225660968196,-0.376763938507217));
#1926=DIRECTION('',(-0.913545457642601,-0.4067366430758,0.));
#1927=DIRECTION('',(0.,0.,-1.));
#1928=DIRECTION('',(0.,0.,-1.));
#1929=DIRECTION('',(-1.,0.,0.));
#1930=DIRECTION('',(0.,0.,-1.));
#1931=DIRECTION('',(-1.,0.,0.));
#1932=DIRECTION('',(0.,0.,1.));
#1933=DIRECTION('',(1.,0.,0.));
#1934=DIRECTION('',(0.,0.,1.));
#1935=DIRECTION('',(1.,0.,0.));
#1936=DIRECTION('',(0.,0.,-1.));
#1937=DIRECTION('',(-1.,0.,0.));
#1938=DIRECTION('',(0.,0.,1.));
#1939=DIRECTION('',(1.,0.,0.));
#1940=DIRECTION('',(0.,0.,-1.));
#1941=DIRECTION('',(-1.,0.,0.));
#1942=DIRECTION('',(0.,-5.98787555651869E-16,-1.));
#1943=DIRECTION('',(0.,1.,-5.98787555651869E-16));
#1944=DIRECTION('',(0.,0.,1.));
#1945=DIRECTION('',(1.,0.,0.));
#1946=DIRECTION('',(0.,0.,1.));
#1947=DIRECTION('',(1.,0.,0.));
#1948=DIRECTION('',(0.,0.,-1.));
#1949=DIRECTION('',(-1.,0.,0.));
#1950=DIRECTION('',(0.,0.,1.));
#1951=DIRECTION('',(1.,0.,0.));
#1952=DIRECTION('',(3.03576608295942E-16,0.,-1.));
#1953=DIRECTION('',(-1.,0.,-3.03576608295942E-16));
#1954=DIRECTION('',(0.,-1.,0.));
#1955=DIRECTION('',(1.,0.,3.03576608295942E-16));
#1956=DIRECTION('',(0.,-1.,0.));
#1957=DIRECTION('',(-1.,0.,0.));
#1958=DIRECTION('',(0.,0.,1.));
#1959=DIRECTION('',(0.,-1.,0.));
#1960=DIRECTION('',(0.,0.,-1.));
#1961=DIRECTION('',(3.03576608295942E-16,0.,-1.));
#1962=DIRECTION('',(-1.,0.,-3.03576608295942E-16));
#1963=DIRECTION('',(0.,-1.,0.));
#1964=DIRECTION('',(1.,0.,3.03576608295942E-16));
#1965=DIRECTION('',(-1.,0.,0.));
#1966=DIRECTION('',(0.,0.,1.));
#1967=DIRECTION('',(0.,0.,-1.));
#1968=DIRECTION('',(0.,-1.,0.));
#1969=DIRECTION('',(1.,0.,0.));
#1970=DIRECTION('',(-1.,0.,0.));
#1971=DIRECTION('',(0.,0.,1.));
#1972=DIRECTION('',(0.,-1.,0.));
#1973=DIRECTION('',(0.,0.,-1.));
#1974=DIRECTION('',(0.,-1.,0.));
#1975=DIRECTION('',(3.03576608295941E-16,0.,-1.));
#1976=DIRECTION('',(-1.,0.,-3.03576608295941E-16));
#1977=DIRECTION('',(0.,-1.,0.));
#1978=DIRECTION('',(1.,0.,3.03576608295941E-16));
#1979=DIRECTION('',(-1.,0.,0.));
#1980=DIRECTION('',(0.,0.,1.));
#1981=DIRECTION('',(0.,-1.,0.));
#1982=DIRECTION('',(0.,0.,-1.));
#1983=DIRECTION('',(3.03576608295941E-16,0.,-1.));
#1984=DIRECTION('',(-1.,0.,-3.03576608295941E-16));
#1985=DIRECTION('',(1.,0.,3.03576608295941E-16));
#1986=DIRECTION('',(0.,-1.,0.));
#1987=DIRECTION('',(1.,0.,0.));
#1988=DIRECTION('',(-1.,0.,0.));
#1989=DIRECTION('',(0.,0.,1.));
#1990=DIRECTION('',(0.,-1.,0.));
#1991=DIRECTION('',(0.,0.,-1.));
#1992=DIRECTION('',(0.,-1.,0.));
#1993=DIRECTION('',(3.03576608295941E-16,0.,-1.));
#1994=DIRECTION('',(-1.,0.,-3.03576608295941E-16));
#1995=DIRECTION('',(0.,-1.,0.));
#1996=DIRECTION('',(1.,0.,3.03576608295941E-16));
#1997=DIRECTION('',(-1.,0.,0.));
#1998=DIRECTION('',(0.,0.,1.));
#1999=DIRECTION('',(0.,-1.,0.));
#2000=DIRECTION('',(0.,0.,-1.));
#2001=DIRECTION('',(3.03576608295941E-16,0.,-1.));
#2002=DIRECTION('',(-1.,0.,-3.03576608295941E-16));
#2003=DIRECTION('',(1.,0.,3.03576608295941E-16));
#2004=DIRECTION('',(0.,-1.,0.));
#2005=DIRECTION('',(1.,0.,0.));
#2006=DIRECTION('',(-1.,0.,0.));
#2007=DIRECTION('',(0.,0.,1.));
#2008=DIRECTION('',(0.,-1.,0.));
#2009=DIRECTION('',(0.,0.,-1.));
#2010=DIRECTION('',(0.,-1.,0.));
#2011=DIRECTION('',(3.03576608295941E-16,0.,-1.));
#2012=DIRECTION('',(-1.,0.,-3.03576608295941E-16));
#2013=DIRECTION('',(0.,-1.,0.));
#2014=DIRECTION('',(1.,0.,3.03576608295941E-16));
#2015=DIRECTION('',(-1.,0.,0.));
#2016=DIRECTION('',(0.,0.,1.));
#2017=DIRECTION('',(0.,-1.,0.));
#2018=DIRECTION('',(0.,0.,-1.));
#2019=DIRECTION('',(3.03576608295941E-16,0.,-1.));
#2020=DIRECTION('',(-1.,0.,-3.03576608295941E-16));
#2021=DIRECTION('',(1.,0.,3.03576608295941E-16));
#2022=DIRECTION('',(0.,-1.,0.));
#2023=DIRECTION('',(1.,0.,0.));
#2024=DIRECTION('',(-1.,0.,0.));
#2025=DIRECTION('',(0.,0.,1.));
#2026=DIRECTION('',(0.,-1.,0.));
#2027=DIRECTION('',(0.,0.,-1.));
#2028=DIRECTION('',(0.,-1.,0.));
#2029=DIRECTION('',(3.03576608295942E-16,0.,-1.));
#2030=DIRECTION('',(-1.,0.,-3.03576608295942E-16));
#2031=DIRECTION('',(0.,-1.,0.));
#2032=DIRECTION('',(1.,0.,3.03576608295942E-16));
#2033=DIRECTION('',(-1.,0.,-2.16840434497101E-16));
#2034=DIRECTION('',(-2.16840434497101E-16,0.,1.));
#2035=DIRECTION('',(0.,-1.,0.));
#2036=DIRECTION('',(2.16840434497101E-16,0.,-1.));
#2037=DIRECTION('',(3.03576608295942E-16,0.,-1.));
#2038=DIRECTION('',(-1.,0.,-3.03576608295942E-16));
#2039=DIRECTION('',(1.,0.,3.03576608295942E-16));
#2040=DIRECTION('',(0.,-1.,0.));
#2041=DIRECTION('',(1.,0.,0.));
#2042=DIRECTION('',(-1.,0.,0.));
#2043=DIRECTION('',(0.,0.,1.));
#2044=DIRECTION('',(0.,-1.,0.));
#2045=DIRECTION('',(0.,0.,-1.));
#2046=DIRECTION('',(0.,-1.,0.));
#2047=DIRECTION('',(3.03576608295941E-16,0.,-1.));
#2048=DIRECTION('',(-1.,0.,-3.03576608295941E-16));
#2049=DIRECTION('',(0.,-1.,0.));
#2050=DIRECTION('',(1.,0.,3.03576608295941E-16));
#2051=DIRECTION('',(-1.,0.,0.));
#2052=DIRECTION('',(0.,0.,1.));
#2053=DIRECTION('',(0.,-1.,0.));
#2054=DIRECTION('',(0.,0.,-1.));
#2055=DIRECTION('',(3.03576608295941E-16,0.,-1.));
#2056=DIRECTION('',(-1.,0.,-3.03576608295941E-16));
#2057=DIRECTION('',(1.,0.,3.03576608295941E-16));
#2058=DIRECTION('',(0.,-1.,0.));
#2059=DIRECTION('',(1.,0.,0.));
#2060=DIRECTION('',(-1.,0.,0.));
#2061=DIRECTION('',(0.,0.,1.));
#2062=DIRECTION('',(0.,-1.,0.));
#2063=DIRECTION('',(0.,0.,-1.));
#2064=DIRECTION('',(0.,-1.,0.));
#2065=DIRECTION('',(3.03576608295941E-16,0.,-1.));
#2066=DIRECTION('',(-1.,0.,-3.03576608295941E-16));
#2067=DIRECTION('',(0.,-1.,0.));
#2068=DIRECTION('',(1.,0.,3.03576608295941E-16));
#2069=DIRECTION('',(-1.,0.,0.));
#2070=DIRECTION('',(0.,0.,1.));
#2071=DIRECTION('',(0.,-1.,0.));
#2072=DIRECTION('',(0.,0.,-1.));
#2073=DIRECTION('',(3.03576608295941E-16,0.,-1.));
#2074=DIRECTION('',(-1.,0.,-3.03576608295941E-16));
#2075=DIRECTION('',(1.,0.,3.03576608295941E-16));
#2076=DIRECTION('',(0.,-1.,0.));
#2077=DIRECTION('',(1.,0.,0.));
#2078=DIRECTION('',(3.03576608295942E-16,0.,-1.));
#2079=DIRECTION('',(-1.,0.,-3.03576608295942E-16));
#2080=DIRECTION('',(0.,-1.,0.));
#2081=DIRECTION('',(1.,0.,3.03576608295942E-16));
#2082=DIRECTION('',(0.,-1.,0.));
#2083=DIRECTION('',(-1.,0.,0.));
#2084=DIRECTION('',(0.,0.,1.));
#2085=DIRECTION('',(0.,-1.,0.));
#2086=DIRECTION('',(0.,0.,-1.));
#2087=DIRECTION('',(3.03576608295942E-16,0.,-1.));
#2088=DIRECTION('',(-1.,0.,-3.03576608295942E-16));
#2089=DIRECTION('',(0.,-1.,0.));
#2090=DIRECTION('',(1.,0.,3.03576608295942E-16));
#2091=DIRECTION('',(-1.,0.,0.));
#2092=DIRECTION('',(0.,0.,1.));
#2093=DIRECTION('',(0.,0.,-1.));
#2094=DIRECTION('',(0.,-1.,0.));
#2095=DIRECTION('',(1.,0.,0.));
#2096=DIRECTION('',(3.03576608295941E-16,0.,-1.));
#2097=DIRECTION('',(-1.,0.,-3.03576608295941E-16));
#2098=DIRECTION('',(0.,-1.,0.));
#2099=DIRECTION('',(1.,0.,3.03576608295941E-16));
#2100=DIRECTION('',(0.,-1.,0.));
#2101=DIRECTION('',(-1.,0.,0.));
#2102=DIRECTION('',(0.,0.,1.));
#2103=DIRECTION('',(0.,-1.,0.));
#2104=DIRECTION('',(0.,0.,-1.));
#2105=DIRECTION('',(3.25260651745651E-16,0.,-1.));
#2106=DIRECTION('',(-1.,0.,-3.25260651745651E-16));
#2107=DIRECTION('',(0.,-1.,0.));
#2108=DIRECTION('',(1.,0.,3.25260651745651E-16));
#2109=DIRECTION('',(-1.,0.,0.));
#2110=DIRECTION('',(0.,0.,1.));
#2111=DIRECTION('',(0.,0.,-1.));
#2112=DIRECTION('',(0.,-1.,0.));
#2113=DIRECTION('',(1.,0.,0.));
#2114=DIRECTION('',(1.,0.,0.));
#2115=DIRECTION('',(0.,0.,-1.));
#2116=DIRECTION('',(0.,-0.707106781186547,0.707106781186548));
#2117=DIRECTION('',(0.,0.707106781186547,0.707106781186548));
#2118=DIRECTION('',(1.,0.,0.));
#2119=DIRECTION('',(0.,0.,-1.));
#2120=DIRECTION('',(0.,-0.707106781186547,0.707106781186548));
#2121=DIRECTION('',(0.,0.707106781186547,0.707106781186548));
#2122=DIRECTION('',(0.,0.707106781186548,-0.707106781186547));
#2123=DIRECTION('',(0.,0.707106781186547,0.707106781186548));
#2124=DIRECTION('',(1.,0.,0.));
#2125=DIRECTION('',(0.,0.707106781186548,0.707106781186547));
#2126=DIRECTION('',(0.,-0.707106781186547,0.707106781186548));
#2127=CARTESIAN_POINT('',(0.,0.,0.));
#2128=CARTESIAN_POINT('',(0.150675,0.0209,-0.012));
#2129=CARTESIAN_POINT('',(0.150675,0.0209,-0.00146987981256098));
#2130=CARTESIAN_POINT('',(0.307404927968979,0.0209,-0.00146987981256098));
#2131=CARTESIAN_POINT('',(0.295404927968979,0.0209,-0.00146987981256098));
#2132=CARTESIAN_POINT('',(0.295404927968979,0.0209,-0.012));
#2133=CARTESIAN_POINT('',(0.295404927968979,0.0209,-0.00846987981256098));
#2134=CARTESIAN_POINT('',(0.306404927968979,0.0209,-0.00846987981256098));
#2135=CARTESIAN_POINT('',(0.307404927968979,0.0209,-0.00846987981256098));
#2136=CARTESIAN_POINT('',(0.307404927968979,0.0209,-0.00246987981256098));
#2137=CARTESIAN_POINT('',(0.150675,0.0209,-0.0161138995672094));
#2138=CARTESIAN_POINT('',(0.31902794,0.0209,-0.0161138995672094));
#2139=CARTESIAN_POINT('',(-0.01767794,0.0209,-0.0161138995672094));
#2140=CARTESIAN_POINT('',(-0.01767794,0.0209,-0.012));
#2141=CARTESIAN_POINT('',(-0.01767794,0.0209,0.009));
#2142=CARTESIAN_POINT('',(0.150675,0.0209,0.009));
#2143=CARTESIAN_POINT('',(0.31902794,0.0209,0.009));
#2144=CARTESIAN_POINT('',(0.31902794,0.0209,-0.012));
#2145=CARTESIAN_POINT('',(0.153175,0.0209,0.00253012));
#2146=CARTESIAN_POINT('',(0.155675,0.0209,0.00253012));
#2147=CARTESIAN_POINT('',(0.145675,0.0209,0.00253012));
#2148=CARTESIAN_POINT('',(0.145675,0.0209,-0.00046988));
#2149=CARTESIAN_POINT('',(0.145675,0.0209,-0.00146988));
#2150=CARTESIAN_POINT('',(0.148175,0.0209,-0.00146988));
#2151=CARTESIAN_POINT('',(0.155675,0.0209,-0.00146988));
#2152=CARTESIAN_POINT('',(0.155675,0.0209,0.00153012));
#2153=CARTESIAN_POINT('',(0.150675,-0.11585,-0.012));
#2154=CARTESIAN_POINT('',(0.11202794,-0.11585,0.000530119999999915));
#2155=CARTESIAN_POINT('',(0.10702794,-0.11585,0.000530119999999913));
#2156=CARTESIAN_POINT('',(0.11702794,-0.11585,0.000530119999999916));
#2157=CARTESIAN_POINT('',(0.11702794,-0.11585,-0.000469880000000084));
#2158=CARTESIAN_POINT('',(0.11702794,-0.11585,-0.00146988000000008));
#2159=CARTESIAN_POINT('',(0.11202794,-0.11585,-0.00146988000000009));
#2160=CARTESIAN_POINT('',(0.10702794,-0.11585,-0.00146988000000009));
#2161=CARTESIAN_POINT('',(0.10702794,-0.11585,-0.000469880000000087));
#2162=CARTESIAN_POINT('',(0.15202794,-0.11585,-0.00146988000000007));
#2163=CARTESIAN_POINT('',(0.14702794,-0.11585,-0.00146988000000007));
#2164=CARTESIAN_POINT('',(0.15702794,-0.11585,-0.00146988000000007));
#2165=CARTESIAN_POINT('',(0.14702794,-0.11585,-0.000469880000000074));
#2166=CARTESIAN_POINT('',(0.14702794,-0.11585,0.000530119999999926));
#2167=CARTESIAN_POINT('',(0.15202794,-0.11585,0.000530119999999927));
#2168=CARTESIAN_POINT('',(0.15702794,-0.11585,0.000530119999999929));
#2169=CARTESIAN_POINT('',(0.15702794,-0.11585,-0.000469880000000072));
#2170=CARTESIAN_POINT('',(0.19202794,-0.11585,-0.00146988000000006));
#2171=CARTESIAN_POINT('',(0.18702794,-0.11585,-0.00146988000000006));
#2172=CARTESIAN_POINT('',(0.19702794,-0.11585,-0.00146988000000006));
#2173=CARTESIAN_POINT('',(0.18702794,-0.11585,-0.000469880000000062));
#2174=CARTESIAN_POINT('',(0.18702794,-0.11585,0.000530119999999937));
#2175=CARTESIAN_POINT('',(0.19202794,-0.11585,0.000530119999999939));
#2176=CARTESIAN_POINT('',(0.19702794,-0.11585,0.000530119999999942));
#2177=CARTESIAN_POINT('',(0.19702794,-0.11585,-0.000469880000000059));
#2178=CARTESIAN_POINT('',(-0.00797206,-0.11585,-0.00146988000000012));
#2179=CARTESIAN_POINT('',(-0.01297206,-0.11585,-0.00146988000000012));
#2180=CARTESIAN_POINT('',(-0.00297205999999994,-0.11585,-0.00146988000000012));
#2181=CARTESIAN_POINT('',(-0.01297206,-0.11585,-0.000469880000000124));
#2182=CARTESIAN_POINT('',(-0.01297206,-0.11585,0.000530119999999876));
#2183=CARTESIAN_POINT('',(-0.00797206,-0.11585,0.000530119999999878));
#2184=CARTESIAN_POINT('',(-0.00297205999999994,-0.11585,0.000530119999999879));
#2185=CARTESIAN_POINT('',(-0.00297205999999993,-0.11585,-0.000469880000000121));
#2186=CARTESIAN_POINT('',(0.31202794,-0.11585,-0.00146988000000002));
#2187=CARTESIAN_POINT('',(0.30702794,-0.11585,-0.00146988000000003));
#2188=CARTESIAN_POINT('',(0.31702794,-0.11585,-0.00146988000000002));
#2189=CARTESIAN_POINT('',(0.30702794,-0.11585,-0.000469880000000026));
#2190=CARTESIAN_POINT('',(0.30702794,-0.11585,0.000530119999999974));
#2191=CARTESIAN_POINT('',(0.31202794,-0.11585,0.000530119999999976));
#2192=CARTESIAN_POINT('',(0.31702794,-0.11585,0.000530119999999978));
#2193=CARTESIAN_POINT('',(0.31702794,-0.11585,-0.000469880000000023));
#2194=CARTESIAN_POINT('',(0.27202794,-0.11585,-0.00146988000000004));
#2195=CARTESIAN_POINT('',(0.26702794,-0.11585,-0.00146988000000004));
#2196=CARTESIAN_POINT('',(0.27702794,-0.11585,-0.00146988000000003));
#2197=CARTESIAN_POINT('',(0.26702794,-0.11585,-0.000469880000000038));
#2198=CARTESIAN_POINT('',(0.26702794,-0.11585,0.000530119999999963));
#2199=CARTESIAN_POINT('',(0.27202794,-0.11585,0.000530119999999964));
#2200=CARTESIAN_POINT('',(0.27702794,-0.11585,0.000530119999999966));
#2201=CARTESIAN_POINT('',(0.27702794,-0.11585,-0.000469880000000035));
#2202=CARTESIAN_POINT('',(0.23202794,-0.11585,-0.00146988000000005));
#2203=CARTESIAN_POINT('',(0.22702794,-0.11585,-0.00146988000000005));
#2204=CARTESIAN_POINT('',(0.23702794,-0.11585,-0.00146988000000005));
#2205=CARTESIAN_POINT('',(0.22702794,-0.11585,-0.00046988000000005));
#2206=CARTESIAN_POINT('',(0.22702794,-0.11585,0.00053011999999995));
#2207=CARTESIAN_POINT('',(0.23202794,-0.11585,0.000530119999999952));
#2208=CARTESIAN_POINT('',(0.23702794,-0.11585,0.000530119999999954));
#2209=CARTESIAN_POINT('',(0.23702794,-0.11585,-0.000469880000000047));
#2210=CARTESIAN_POINT('',(0.150675,-0.11585,0.009));
#2211=CARTESIAN_POINT('',(-0.01767794,-0.11585,0.009));
#2212=CARTESIAN_POINT('',(0.31902794,-0.11585,0.009));
#2213=CARTESIAN_POINT('',(-0.01767794,-0.11585,-0.00909896423130326));
#2214=CARTESIAN_POINT('',(-0.01767794,-0.11585,-0.00925079271235299));
#2215=CARTESIAN_POINT('',(0.321925,-0.11585,-0.00925079271235299));
#2216=CARTESIAN_POINT('',(0.31902794,-0.11585,-0.00925079271235299));
#2217=CARTESIAN_POINT('',(0.31902794,-0.11585,0.009));
#2218=CARTESIAN_POINT('',(0.07202794,-0.11585,0.000530119999999902));
#2219=CARTESIAN_POINT('',(0.06702794,-0.11585,0.000530119999999901));
#2220=CARTESIAN_POINT('',(0.07702794,-0.11585,0.000530119999999904));
#2221=CARTESIAN_POINT('',(0.07702794,-0.11585,-0.000469880000000096));
#2222=CARTESIAN_POINT('',(0.07702794,-0.11585,-0.0014698800000001));
#2223=CARTESIAN_POINT('',(0.07202794,-0.11585,-0.0014698800000001));
#2224=CARTESIAN_POINT('',(0.06702794,-0.11585,-0.0014698800000001));
#2225=CARTESIAN_POINT('',(0.06702794,-0.11585,-0.000469880000000099));
#2226=CARTESIAN_POINT('',(0.03202794,-0.11585,0.00053011999999989));
#2227=CARTESIAN_POINT('',(0.02702794,-0.11585,0.000530119999999889));
#2228=CARTESIAN_POINT('',(0.03702794,-0.11585,0.000530119999999892));
#2229=CARTESIAN_POINT('',(0.03702794,-0.11585,-0.000469880000000108));
#2230=CARTESIAN_POINT('',(0.03702794,-0.11585,-0.00146988000000011));
#2231=CARTESIAN_POINT('',(0.03202794,-0.11585,-0.00146988000000011));
#2232=CARTESIAN_POINT('',(0.02702794,-0.11585,-0.00146988000000011));
#2233=CARTESIAN_POINT('',(0.02702794,-0.11585,-0.000469880000000111));
#2234=CARTESIAN_POINT('',(0.150675,-0.10885,-0.007));
#2235=CARTESIAN_POINT('',(0.150675,-0.10885,0.));
#2236=CARTESIAN_POINT('',(-0.013575,-0.10885,0.));
#2237=CARTESIAN_POINT('',(0.314925,-0.10885,0.));
#2238=CARTESIAN_POINT('',(0.314925,-0.10885,-0.007));
#2239=CARTESIAN_POINT('',(0.314925,-0.10885,-0.007));
#2240=CARTESIAN_POINT('',(0.150675,-0.10885,-0.007));
#2241=CARTESIAN_POINT('',(-0.013575,-0.10885,-0.007));
#2242=CARTESIAN_POINT('',(-0.013575,-0.10885,-0.007));
#2243=CARTESIAN_POINT('',(0.314925,-0.047475,-0.007));
#2244=CARTESIAN_POINT('',(0.314925,-0.047475,0.));
#2245=CARTESIAN_POINT('',(0.314925,0.0139,0.));
#2246=CARTESIAN_POINT('',(0.314925,0.0139,-0.007));
#2247=CARTESIAN_POINT('',(0.314925,0.0139,-0.007));
#2248=CARTESIAN_POINT('',(0.314925,-0.047475,-0.007));
#2249=CARTESIAN_POINT('',(0.313741482758522,0.0139,-0.007));
#2250=CARTESIAN_POINT('',(0.313741482758522,0.0139,0.));
#2251=CARTESIAN_POINT('',(0.312557965517044,0.0139,0.));
#2252=CARTESIAN_POINT('',(0.312557965517044,0.0139,-0.007));
#2253=CARTESIAN_POINT('',(0.312557965517044,0.0139,-0.007));
#2254=CARTESIAN_POINT('',(0.313741482758522,0.0139,-0.007));
#2255=CARTESIAN_POINT('',(0.312557965517044,0.0154,-0.007));
#2256=CARTESIAN_POINT('',(0.312557965517044,0.0154,0.));
#2257=CARTESIAN_POINT('',(0.312557965517044,0.0169,0.));
#2258=CARTESIAN_POINT('',(0.312557965517044,0.0169,-0.007));
#2259=CARTESIAN_POINT('',(0.312557965517044,0.0169,-0.007));
#2260=CARTESIAN_POINT('',(0.312557965517044,0.0154,-0.007));
#2261=CARTESIAN_POINT('',(0.301384046673774,0.0169,-0.007));
#2262=CARTESIAN_POINT('',(0.301384046673774,0.0169,-0.00246987981256098));
#2263=CARTESIAN_POINT('',(0.306404927968979,0.0169,-0.00246987981256098));
#2264=CARTESIAN_POINT('',(0.296404927968979,0.0169,-0.00246987981256098));
#2265=CARTESIAN_POINT('',(0.306404927968979,0.0169,-0.007));
#2266=CARTESIAN_POINT('',(0.306404927968979,0.0169,-0.007));
#2267=CARTESIAN_POINT('',(0.301384046673774,0.0169,-0.007));
#2268=CARTESIAN_POINT('',(0.301384046673774,0.0169,0.));
#2269=CARTESIAN_POINT('',(0.290210127830505,0.0169,0.));
#2270=CARTESIAN_POINT('',(0.290210127830505,0.0169,-0.007));
#2271=CARTESIAN_POINT('',(0.290210127830505,0.0169,-0.007));
#2272=CARTESIAN_POINT('',(0.301384046673774,0.0169,-0.007));
#2273=CARTESIAN_POINT('',(0.296404927968979,0.0169,-0.007));
#2274=CARTESIAN_POINT('',(0.296404927968979,0.0169,-0.007));
#2275=CARTESIAN_POINT('',(0.290210127830505,0.0154,-0.007));
#2276=CARTESIAN_POINT('',(0.290210127830505,0.0154,0.));
#2277=CARTESIAN_POINT('',(0.290210127830505,0.0139,0.));
#2278=CARTESIAN_POINT('',(0.290210127830505,0.0139,-0.007));
#2279=CARTESIAN_POINT('',(0.290210127830505,0.0139,-0.007));
#2280=CARTESIAN_POINT('',(0.290210127830505,0.0154,-0.007));
#2281=CARTESIAN_POINT('',(0.138317563915253,0.0139,-0.007));
#2282=CARTESIAN_POINT('',(0.138317563915253,0.0139,0.));
#2283=CARTESIAN_POINT('',(-0.013575,0.0139,0.));
#2284=CARTESIAN_POINT('',(-0.013575,0.0139,-0.007));
#2285=CARTESIAN_POINT('',(-0.013575,0.0139,-0.007));
#2286=CARTESIAN_POINT('',(0.138317563915253,0.0139,-0.007));
#2287=CARTESIAN_POINT('',(-0.013575,-0.047475,-0.007));
#2288=CARTESIAN_POINT('',(-0.013575,-0.047475,0.));
#2289=CARTESIAN_POINT('',(-0.013575,-0.047475,-0.007));
#2290=CARTESIAN_POINT('',(0.150675,-0.047475,0.));
#2291=CARTESIAN_POINT('',(0.150675,-0.11285,0.));
#2292=CARTESIAN_POINT('',(0.318925,-0.11285,0.));
#2293=CARTESIAN_POINT('',(-0.017575,-0.11285,0.));
#2294=CARTESIAN_POINT('',(0.318925,0.0174,0.));
#2295=CARTESIAN_POINT('',(0.318925,0.0179,0.));
#2296=CARTESIAN_POINT('',(0.150675,0.0179,0.));
#2297=CARTESIAN_POINT('',(-0.017575,0.0179,0.));
#2298=CARTESIAN_POINT('',(-0.017575,-0.046975,0.));
#2299=CARTESIAN_POINT('',(0.150675,-0.047475,-0.007));
#2300=CARTESIAN_POINT('',(0.306404927968979,-0.047475,-0.007));
#2301=CARTESIAN_POINT('',(0.306404927968979,0.0109,-0.007));
#2302=CARTESIAN_POINT('',(0.150675,0.0109,-0.007));
#2303=CARTESIAN_POINT('',(0.296404927968979,0.0109,-0.007));
#2304=CARTESIAN_POINT('',(0.296404927968979,-0.047475,-0.007));
#2305=CARTESIAN_POINT('',(0.150675,-0.11285,0.009));
#2306=CARTESIAN_POINT('',(0.318925,-0.11285,0.009));
#2307=CARTESIAN_POINT('',(0.318925,-0.11285,0.009));
#2308=CARTESIAN_POINT('',(-0.017575,-0.11285,0.009));
#2309=CARTESIAN_POINT('',(-0.017575,-0.11285,0.009));
#2310=CARTESIAN_POINT('',(0.150675,-0.11285,0.009));
#2311=CARTESIAN_POINT('',(0.150675,0.0179,0.009));
#2312=CARTESIAN_POINT('',(0.318925,0.0179,0.009));
#2313=CARTESIAN_POINT('',(0.318925,0.0179,0.009));
#2314=CARTESIAN_POINT('',(0.150675,0.0179,0.009));
#2315=CARTESIAN_POINT('',(-0.017575,0.0179,0.009));
#2316=CARTESIAN_POINT('',(-0.017575,0.0179,0.009));
#2317=CARTESIAN_POINT('',(0.318925,-0.047475,0.009));
#2318=CARTESIAN_POINT('',(0.318925,-0.047475,0.009));
#2319=CARTESIAN_POINT('',(-0.017575,-0.047475,0.009));
#2320=CARTESIAN_POINT('',(-0.017575,-0.047475,0.009));
#2321=CARTESIAN_POINT('',(0.150675,-0.047475,0.009));
#2322=CARTESIAN_POINT('',(-0.020575,-0.047475,0.009));
#2323=CARTESIAN_POINT('',(-0.020575,0.01800294,0.009));
#2324=CARTESIAN_POINT('',(-0.020575,-0.11295294,0.009));
#2325=CARTESIAN_POINT('',(-0.01767794,-0.11295294,0.009));
#2326=CARTESIAN_POINT('',(0.31902794,-0.11295294,0.009));
#2327=CARTESIAN_POINT('',(0.321925,-0.11295294,0.009));
#2328=CARTESIAN_POINT('',(0.321925,-0.047475,0.009));
#2329=CARTESIAN_POINT('',(0.321925,0.01800294,0.009));
#2330=CARTESIAN_POINT('',(0.31902794,0.01800294,0.009));
#2331=CARTESIAN_POINT('',(-0.01767794,0.01800294,0.009));
#2332=CARTESIAN_POINT('',(-0.020575,-0.11435,-0.012));
#2333=CARTESIAN_POINT('',(-0.020575,-0.114202488173081,-0.00918530666749466));
#2334=CARTESIAN_POINT('',(-0.020575,0.01800294,-0.0161138995672094));
#2335=CARTESIAN_POINT('',(-0.020575,-0.11295294,-0.00925079271235299));
#2336=CARTESIAN_POINT('',(-0.020575,-0.11295294,0.009));
#2337=CARTESIAN_POINT('',(-0.020575,0.01800294,-0.012));
#2338=CARTESIAN_POINT('',(0.321925,0.0194,-0.012));
#2339=CARTESIAN_POINT('',(0.321925,-0.11295294,-0.00909896423130326));
#2340=CARTESIAN_POINT('',(0.321925,-0.11295294,-0.00925079271235299));
#2341=CARTESIAN_POINT('',(0.321925,0.0191811635796727,-0.016175647648519));
#2342=CARTESIAN_POINT('',(0.321925,0.01800294,-0.0161138995672094));
#2343=CARTESIAN_POINT('',(0.321925,0.01800294,-0.012));
#2344=CARTESIAN_POINT('',(-0.020575,-0.047475,-0.0155833819084779));
#2345=CARTESIAN_POINT('',(-0.01767794,-0.047475,-0.0155833819084779));
#2346=CARTESIAN_POINT('',(-0.01767794,-0.113104560405393,-0.0121438823923091));
#2347=CARTESIAN_POINT('',(-0.01767794,0.0178513195946068,-0.0190069892471656));
#2348=CARTESIAN_POINT('',(-0.020575,0.0178513195946068,-0.0190069892471656));
#2349=CARTESIAN_POINT('',(0.31902794,0.0178513195946068,-0.0190069892471656));
#2350=CARTESIAN_POINT('',(0.31902794,-0.047475,-0.0155833819084779));
#2351=CARTESIAN_POINT('',(0.31902794,-0.113104560405393,-0.0121438823923091));
#2352=CARTESIAN_POINT('',(-0.020575,-0.113104560405393,-0.0121438823923091));
#2353=CARTESIAN_POINT('',(-0.020575,-0.11295294,-0.00925079271235299));
#2354=CARTESIAN_POINT('',(-0.01767794,-0.11295294,-0.00925079271235299));
#2355=CARTESIAN_POINT('',(0.31902794,-0.11295294,-0.00925079271235299));
#2356=CARTESIAN_POINT('',(-0.01767794,-0.0473233795946068,-0.0126902922285219));
#2357=CARTESIAN_POINT('',(-0.01767794,-0.11295294,-0.00925079271235299));
#2358=CARTESIAN_POINT('',(-0.01767794,0.01800294,-0.0161138995672094));
#2359=CARTESIAN_POINT('',(0.31902794,0.0191811635796727,-0.016175647648519));
#2360=CARTESIAN_POINT('',(0.31902794,-0.11295294,-0.00925079271235299));
#2361=CARTESIAN_POINT('',(0.31902794,0.01800294,-0.0161138995672094));
#2362=CARTESIAN_POINT('',(-0.020575,0.01800294,-0.0161138995672094));
#2363=CARTESIAN_POINT('',(-0.01767794,0.01800294,-0.0161138995672094));
#2364=CARTESIAN_POINT('',(0.31902794,0.01800294,-0.0161138995672094));
#2365=CARTESIAN_POINT('',(0.301404927968979,0.0109,-0.00496987981256098));
#2366=CARTESIAN_POINT('',(0.306404927968979,0.0109,-0.00496987981256098));
#2367=CARTESIAN_POINT('',(0.306404927968979,0.0109,-0.00746987981256098));
#2368=CARTESIAN_POINT('',(0.301404927968979,0.0109,-0.00746987981256098));
#2369=CARTESIAN_POINT('',(0.296404927968979,0.0109,-0.00746987981256098));
#2370=CARTESIAN_POINT('',(0.296404927968979,0.0109,-0.00496987981256098));
#2371=CARTESIAN_POINT('',(0.301404927968979,0.0109,-0.00246987981256098));
#2372=CARTESIAN_POINT('',(0.296404927968979,0.0109,-0.00246987981256098));
#2373=CARTESIAN_POINT('',(0.296404927968979,0.0186539632260957,-0.00246987981256098));
#2374=CARTESIAN_POINT('',(0.301404927968979,0.0186539632260957,-0.00246987981256098));
#2375=CARTESIAN_POINT('',(0.306404927968979,0.0186539632260957,-0.00246987981256098));
#2376=CARTESIAN_POINT('',(0.306404927968979,0.0109,-0.00246987981256098));
#2377=CARTESIAN_POINT('',(0.306404927968979,0.0109,-0.00496987981256098));
#2378=CARTESIAN_POINT('',(0.306404927968979,0.0186539632260957,-0.00746987981256098));
#2379=CARTESIAN_POINT('',(0.306404927968979,0.0186539632260957,-0.00746987981256098));
#2380=CARTESIAN_POINT('',(0.306404927968979,0.0109,-0.00746987981256098));
#2381=CARTESIAN_POINT('',(0.296404927968979,0.0109,-0.00496987981256098));
#2382=CARTESIAN_POINT('',(0.296404927968979,0.0109,-0.00746987981256098));
#2383=CARTESIAN_POINT('',(0.296404927968979,0.0186539632260957,-0.00746987981256098));
#2384=CARTESIAN_POINT('',(0.296404927968979,0.0186539632260957,-0.00496987981256098));
#2385=CARTESIAN_POINT('',(0.301404927968979,0.0109,-0.00746987981256098));
#2386=CARTESIAN_POINT('',(0.296404927968979,0.0186539632260957,-0.00746987981256098));
#2387=CARTESIAN_POINT('',(0.306404927968979,0.0186539632260957,-0.00496987981256098));
#2388=CARTESIAN_POINT('',(0.306050050305581,0.0178568949438652,-0.0071150021491623));
#2389=CARTESIAN_POINT('',(0.285156947720069,-0.0290697817841456,-0.0237178600614706));
#2390=CARTESIAN_POINT('',(0.150675,0.0209,-0.00146987981256098));
#2391=CARTESIAN_POINT('',(0.296899689747949,0.0175427100762063,-0.00296464159153121));
#2392=CARTESIAN_POINT('',(0.301404927968979,0.0186539632260957,-0.00746987981256098));
#2393=CARTESIAN_POINT('',(0.294903823647525,0.0220254987335478,-0.00897098413401492));
#2394=CARTESIAN_POINT('',(0.295404927968979,0.0209,-0.012));
#2395=CARTESIAN_POINT('',(-0.01767794,-0.11295294,-0.012));
#2396=CARTESIAN_POINT('',(-0.01767794,-0.11295294,-0.00925079271235299));
#2397=CARTESIAN_POINT('',(-0.01767794,-0.11295294,-0.00925079271235299));
#2398=CARTESIAN_POINT('',(-0.01767794,0.01800294,-0.012));
#2399=CARTESIAN_POINT('',(-0.01767794,0.01800294,-0.0161138995672094));
#2400=CARTESIAN_POINT('',(-0.01767794,0.01800294,-0.0161138995672094));
#2401=CARTESIAN_POINT('',(0.31902794,-0.11295294,-0.012));
#2402=CARTESIAN_POINT('',(0.31902794,-0.11295294,-0.009250792712353));
#2403=CARTESIAN_POINT('',(0.31902794,-0.11295294,-0.00925079271235299));
#2404=CARTESIAN_POINT('',(0.31902794,0.01800294,-0.012));
#2405=CARTESIAN_POINT('',(0.31902794,0.01800294,-0.0161138995672094));
#2406=CARTESIAN_POINT('',(0.31902794,0.01800294,-0.0161138995672094));
#2407=CARTESIAN_POINT('',(0.07202794,-0.11385,0.000530119999999902));
#2408=CARTESIAN_POINT('',(0.06702794,-0.11385,0.000530119999999901));
#2409=CARTESIAN_POINT('',(0.06702794,-0.11385,0.000530119999999901));
#2410=CARTESIAN_POINT('',(0.07202794,-0.11385,0.000530119999999902));
#2411=CARTESIAN_POINT('',(0.07702794,-0.11385,0.000530119999999904));
#2412=CARTESIAN_POINT('',(0.07702794,-0.11385,0.000530119999999904));
#2413=CARTESIAN_POINT('',(0.06702794,-0.11385,-0.000469880000000099));
#2414=CARTESIAN_POINT('',(0.06702794,-0.11385,-0.0014698800000001));
#2415=CARTESIAN_POINT('',(0.06702794,-0.11385,-0.0014698800000001));
#2416=CARTESIAN_POINT('',(0.06702794,-0.11385,-0.000469880000000099));
#2417=CARTESIAN_POINT('',(0.07202794,-0.11385,-0.0014698800000001));
#2418=CARTESIAN_POINT('',(0.07702794,-0.11385,-0.0014698800000001));
#2419=CARTESIAN_POINT('',(0.07702794,-0.11385,-0.0014698800000001));
#2420=CARTESIAN_POINT('',(0.07202794,-0.11385,-0.0014698800000001));
#2421=CARTESIAN_POINT('',(0.07702794,-0.11385,-0.000469880000000096));
#2422=CARTESIAN_POINT('',(0.07702794,-0.11385,-0.000469880000000096));
#2423=CARTESIAN_POINT('',(0.150675,-0.11385,0.00376505999999994));
#2424=CARTESIAN_POINT('',(0.22702794,-0.11385,-0.00046988000000005));
#2425=CARTESIAN_POINT('',(0.22702794,-0.11385,-0.00146988000000005));
#2426=CARTESIAN_POINT('',(0.22702794,-0.11385,-0.00146988000000005));
#2427=CARTESIAN_POINT('',(0.22702794,-0.11385,-0.00046988000000005));
#2428=CARTESIAN_POINT('',(0.22702794,-0.11385,0.00053011999999995));
#2429=CARTESIAN_POINT('',(0.22702794,-0.11385,0.00053011999999995));
#2430=CARTESIAN_POINT('',(0.23202794,-0.11385,-0.00146988000000005));
#2431=CARTESIAN_POINT('',(0.23702794,-0.11385,-0.00146988000000005));
#2432=CARTESIAN_POINT('',(0.23702794,-0.11385,-0.00146988000000005));
#2433=CARTESIAN_POINT('',(0.23202794,-0.11385,-0.00146988000000005));
#2434=CARTESIAN_POINT('',(0.23702794,-0.11385,-0.000469880000000047));
#2435=CARTESIAN_POINT('',(0.23702794,-0.11385,0.000530119999999953));
#2436=CARTESIAN_POINT('',(0.23702794,-0.11385,0.000530119999999953));
#2437=CARTESIAN_POINT('',(0.23702794,-0.11385,-0.000469880000000047));
#2438=CARTESIAN_POINT('',(0.23202794,-0.11385,0.000530119999999952));
#2439=CARTESIAN_POINT('',(0.23202794,-0.11385,0.000530119999999952));
#2440=CARTESIAN_POINT('',(0.150675,-0.11385,0.00376505999999994));
#2441=CARTESIAN_POINT('',(0.26702794,-0.11385,-0.000469880000000038));
#2442=CARTESIAN_POINT('',(0.26702794,-0.11385,-0.00146988000000004));
#2443=CARTESIAN_POINT('',(0.26702794,-0.11385,-0.00146988000000004));
#2444=CARTESIAN_POINT('',(0.26702794,-0.11385,-0.000469880000000038));
#2445=CARTESIAN_POINT('',(0.26702794,-0.11385,0.000530119999999963));
#2446=CARTESIAN_POINT('',(0.26702794,-0.11385,0.000530119999999963));
#2447=CARTESIAN_POINT('',(0.27202794,-0.11385,-0.00146988000000004));
#2448=CARTESIAN_POINT('',(0.27702794,-0.11385,-0.00146988000000003));
#2449=CARTESIAN_POINT('',(0.27702794,-0.11385,-0.00146988000000003));
#2450=CARTESIAN_POINT('',(0.27202794,-0.11385,-0.00146988000000004));
#2451=CARTESIAN_POINT('',(0.27702794,-0.11385,-0.000469880000000035));
#2452=CARTESIAN_POINT('',(0.27702794,-0.11385,0.000530119999999966));
#2453=CARTESIAN_POINT('',(0.27702794,-0.11385,0.000530119999999966));
#2454=CARTESIAN_POINT('',(0.27702794,-0.11385,-0.000469880000000035));
#2455=CARTESIAN_POINT('',(0.27202794,-0.11385,0.000530119999999964));
#2456=CARTESIAN_POINT('',(0.27202794,-0.11385,0.000530119999999964));
#2457=CARTESIAN_POINT('',(0.150675,-0.11385,0.00376505999999994));
#2458=CARTESIAN_POINT('',(0.30702794,-0.11385,-0.000469880000000026));
#2459=CARTESIAN_POINT('',(0.30702794,-0.11385,-0.00146988000000003));
#2460=CARTESIAN_POINT('',(0.30702794,-0.11385,-0.00146988000000003));
#2461=CARTESIAN_POINT('',(0.30702794,-0.11385,-0.000469880000000026));
#2462=CARTESIAN_POINT('',(0.30702794,-0.11385,0.000530119999999974));
#2463=CARTESIAN_POINT('',(0.30702794,-0.11385,0.000530119999999974));
#2464=CARTESIAN_POINT('',(0.31202794,-0.11385,-0.00146988000000002));
#2465=CARTESIAN_POINT('',(0.31702794,-0.11385,-0.00146988000000002));
#2466=CARTESIAN_POINT('',(0.31702794,-0.11385,-0.00146988000000002));
#2467=CARTESIAN_POINT('',(0.31202794,-0.11385,-0.00146988000000002));
#2468=CARTESIAN_POINT('',(0.31702794,-0.11385,-0.000469880000000023));
#2469=CARTESIAN_POINT('',(0.31702794,-0.11385,0.000530119999999978));
#2470=CARTESIAN_POINT('',(0.31702794,-0.11385,0.000530119999999978));
#2471=CARTESIAN_POINT('',(0.31702794,-0.11385,-0.000469880000000023));
#2472=CARTESIAN_POINT('',(0.31202794,-0.11385,0.000530119999999976));
#2473=CARTESIAN_POINT('',(0.31202794,-0.11385,0.000530119999999976));
#2474=CARTESIAN_POINT('',(0.150675,-0.11385,0.00376505999999994));
#2475=CARTESIAN_POINT('',(-0.01297206,-0.11385,-0.000469880000000124));
#2476=CARTESIAN_POINT('',(-0.01297206,-0.11385,-0.00146988000000012));
#2477=CARTESIAN_POINT('',(-0.01297206,-0.11385,-0.00146988000000012));
#2478=CARTESIAN_POINT('',(-0.01297206,-0.11385,-0.000469880000000124));
#2479=CARTESIAN_POINT('',(-0.01297206,-0.11385,0.000530119999999876));
#2480=CARTESIAN_POINT('',(-0.01297206,-0.11385,0.000530119999999876));
#2481=CARTESIAN_POINT('',(-0.00797206,-0.11385,-0.00146988000000012));
#2482=CARTESIAN_POINT('',(-0.00297205999999994,-0.11385,-0.00146988000000012));
#2483=CARTESIAN_POINT('',(-0.00297205999999994,-0.11385,-0.00146988000000012));
#2484=CARTESIAN_POINT('',(-0.00797206,-0.11385,-0.00146988000000012));
#2485=CARTESIAN_POINT('',(-0.00297205999999993,-0.11385,-0.000469880000000121));
#2486=CARTESIAN_POINT('',(-0.00297205999999994,-0.11385,0.00053011999999988));
#2487=CARTESIAN_POINT('',(-0.00297205999999994,-0.11385,0.00053011999999988));
#2488=CARTESIAN_POINT('',(-0.00297205999999993,-0.11385,-0.000469880000000121));
#2489=CARTESIAN_POINT('',(-0.00797206,-0.11385,0.000530119999999878));
#2490=CARTESIAN_POINT('',(-0.00797206,-0.11385,0.000530119999999878));
#2491=CARTESIAN_POINT('',(0.150675,-0.11385,0.00376505999999994));
#2492=CARTESIAN_POINT('',(0.18702794,-0.11385,-0.000469880000000062));
#2493=CARTESIAN_POINT('',(0.18702794,-0.11385,-0.00146988000000006));
#2494=CARTESIAN_POINT('',(0.18702794,-0.11385,-0.00146988000000006));
#2495=CARTESIAN_POINT('',(0.18702794,-0.11385,-0.000469880000000062));
#2496=CARTESIAN_POINT('',(0.18702794,-0.11385,0.000530119999999937));
#2497=CARTESIAN_POINT('',(0.18702794,-0.11385,0.000530119999999937));
#2498=CARTESIAN_POINT('',(0.19202794,-0.11385,-0.00146988000000006));
#2499=CARTESIAN_POINT('',(0.19702794,-0.11385,-0.00146988000000006));
#2500=CARTESIAN_POINT('',(0.19702794,-0.11385,-0.00146988000000006));
#2501=CARTESIAN_POINT('',(0.19202794,-0.11385,-0.00146988000000006));
#2502=CARTESIAN_POINT('',(0.19702794,-0.11385,-0.000469880000000059));
#2503=CARTESIAN_POINT('',(0.19702794,-0.11385,0.00053011999999994));
#2504=CARTESIAN_POINT('',(0.19702794,-0.11385,0.00053011999999994));
#2505=CARTESIAN_POINT('',(0.19702794,-0.11385,-0.000469880000000059));
#2506=CARTESIAN_POINT('',(0.19202794,-0.11385,0.000530119999999939));
#2507=CARTESIAN_POINT('',(0.19202794,-0.11385,0.000530119999999939));
#2508=CARTESIAN_POINT('',(0.150675,-0.11385,0.00376505999999994));
#2509=CARTESIAN_POINT('',(0.14702794,-0.11385,-0.000469880000000074));
#2510=CARTESIAN_POINT('',(0.14702794,-0.11385,-0.00146988000000007));
#2511=CARTESIAN_POINT('',(0.14702794,-0.11385,-0.00146988000000007));
#2512=CARTESIAN_POINT('',(0.14702794,-0.11385,-0.000469880000000074));
#2513=CARTESIAN_POINT('',(0.14702794,-0.11385,0.000530119999999926));
#2514=CARTESIAN_POINT('',(0.14702794,-0.11385,0.000530119999999926));
#2515=CARTESIAN_POINT('',(0.15202794,-0.11385,-0.00146988000000007));
#2516=CARTESIAN_POINT('',(0.15702794,-0.11385,-0.00146988000000007));
#2517=CARTESIAN_POINT('',(0.15702794,-0.11385,-0.00146988000000007));
#2518=CARTESIAN_POINT('',(0.15202794,-0.11385,-0.00146988000000007));
#2519=CARTESIAN_POINT('',(0.15702794,-0.11385,-0.000469880000000072));
#2520=CARTESIAN_POINT('',(0.15702794,-0.11385,0.000530119999999928));
#2521=CARTESIAN_POINT('',(0.15702794,-0.11385,0.000530119999999928));
#2522=CARTESIAN_POINT('',(0.15702794,-0.11385,-0.000469880000000072));
#2523=CARTESIAN_POINT('',(0.15202794,-0.11385,0.000530119999999927));
#2524=CARTESIAN_POINT('',(0.15202794,-0.11385,0.000530119999999927));
#2525=CARTESIAN_POINT('',(0.150675,-0.11385,0.00376505999999994));
#2526=CARTESIAN_POINT('',(0.11202794,-0.11385,0.000530119999999915));
#2527=CARTESIAN_POINT('',(0.10702794,-0.11385,0.000530119999999913));
#2528=CARTESIAN_POINT('',(0.10702794,-0.11385,0.000530119999999913));
#2529=CARTESIAN_POINT('',(0.11202794,-0.11385,0.000530119999999915));
#2530=CARTESIAN_POINT('',(0.11702794,-0.11385,0.000530119999999916));
#2531=CARTESIAN_POINT('',(0.11702794,-0.11385,0.000530119999999916));
#2532=CARTESIAN_POINT('',(0.10702794,-0.11385,-0.000469880000000087));
#2533=CARTESIAN_POINT('',(0.10702794,-0.11385,-0.00146988000000009));
#2534=CARTESIAN_POINT('',(0.10702794,-0.11385,-0.00146988000000009));
#2535=CARTESIAN_POINT('',(0.10702794,-0.11385,-0.000469880000000087));
#2536=CARTESIAN_POINT('',(0.11202794,-0.11385,-0.00146988000000009));
#2537=CARTESIAN_POINT('',(0.11702794,-0.11385,-0.00146988000000008));
#2538=CARTESIAN_POINT('',(0.11702794,-0.11385,-0.00146988000000008));
#2539=CARTESIAN_POINT('',(0.11202794,-0.11385,-0.00146988000000009));
#2540=CARTESIAN_POINT('',(0.11702794,-0.11385,-0.000469880000000084));
#2541=CARTESIAN_POINT('',(0.11702794,-0.11385,-0.000469880000000084));
#2542=CARTESIAN_POINT('',(0.150675,-0.11385,0.00376505999999994));
#2543=CARTESIAN_POINT('',(0.03202794,-0.11385,0.00053011999999989));
#2544=CARTESIAN_POINT('',(0.02702794,-0.11385,0.000530119999999889));
#2545=CARTESIAN_POINT('',(0.02702794,-0.11385,0.000530119999999889));
#2546=CARTESIAN_POINT('',(0.03202794,-0.11385,0.00053011999999989));
#2547=CARTESIAN_POINT('',(0.03702794,-0.11385,0.000530119999999892));
#2548=CARTESIAN_POINT('',(0.03702794,-0.11385,0.000530119999999892));
#2549=CARTESIAN_POINT('',(0.02702794,-0.11385,-0.000469880000000111));
#2550=CARTESIAN_POINT('',(0.02702794,-0.11385,-0.00146988000000011));
#2551=CARTESIAN_POINT('',(0.02702794,-0.11385,-0.00146988000000011));
#2552=CARTESIAN_POINT('',(0.02702794,-0.11385,-0.000469880000000111));
#2553=CARTESIAN_POINT('',(0.03202794,-0.11385,-0.00146988000000011));
#2554=CARTESIAN_POINT('',(0.03702794,-0.11385,-0.00146988000000011));
#2555=CARTESIAN_POINT('',(0.03702794,-0.11385,-0.00146988000000011));
#2556=CARTESIAN_POINT('',(0.03202794,-0.11385,-0.00146988000000011));
#2557=CARTESIAN_POINT('',(0.03702794,-0.11385,-0.000469880000000108));
#2558=CARTESIAN_POINT('',(0.03702794,-0.11385,-0.000469880000000108));
#2559=CARTESIAN_POINT('',(0.150675,-0.11385,0.00376505999999994));
#2560=CARTESIAN_POINT('',(0.145675,0.0189,-0.00046988));
#2561=CARTESIAN_POINT('',(0.145675,0.0199,-0.00046988));
#2562=CARTESIAN_POINT('',(0.145675,0.0189,0.00053012));
#2563=CARTESIAN_POINT('',(0.145675,0.0199,0.00153012));
#2564=CARTESIAN_POINT('',(0.155675,0.0189,0.00153012));
#2565=CARTESIAN_POINT('',(0.155675,0.0199,-0.00046988));
#2566=CARTESIAN_POINT('',(0.155675,0.0189,0.00053012));
#2567=CARTESIAN_POINT('',(0.155675,0.0199,0.00153012));
#2568=CARTESIAN_POINT('',(0.145675,0.0199,0.00153012));
#2569=CARTESIAN_POINT('',(0.145675,0.0189,0.00053012));
#2570=CARTESIAN_POINT('',(0.145675,0.0199,-0.00046988));
#2571=MECHANICAL_DESIGN_GEOMETRIC_PRESENTATION_REPRESENTATION('',(#1596),#2572);
#2572=(
GEOMETRIC_REPRESENTATION_CONTEXT(3)
GLOBAL_UNCERTAINTY_ASSIGNED_CONTEXT((#2573))
GLOBAL_UNIT_ASSIGNED_CONTEXT((#2576,#2575,#2574))
REPRESENTATION_CONTEXT('Base Housing','TOP_LEVEL_ASSEMBLY_PART')
);
#2573=UNCERTAINTY_MEASURE_WITH_UNIT(LENGTH_MEASURE(1.E-08),#2576,'DISTANCE_ACCURACY_VALUE','Maximum Tolerance applied to model');
#2574=(
NAMED_UNIT(*)
SI_UNIT($,.STERADIAN.)
SOLID_ANGLE_UNIT()
);
#2575=(
NAMED_UNIT(*)
PLANE_ANGLE_UNIT()
SI_UNIT($,.RADIAN.)
);
#2576=(
LENGTH_UNIT()
NAMED_UNIT(*)
SI_UNIT($,.METRE.)
);
#2577=PRODUCT_DEFINITION_SHAPE('','',#2578);
#2578=PRODUCT_DEFINITION('','',#2580,#2579);
#2579=PRODUCT_DEFINITION_CONTEXT('',#2586,'design');
#2580=PRODUCT_DEFINITION_FORMATION_WITH_SPECIFIED_SOURCE('','',#2582,.NOT_KNOWN.);
#2581=PRODUCT_RELATED_PRODUCT_CATEGORY('','',(#2582));
#2582=PRODUCT('Base Housing','Base Housing','Base Housing',(#2584));
#2583=PRODUCT_CATEGORY('','');
#2584=PRODUCT_CONTEXT('',#2586,'mechanical');
#2585=APPLICATION_PROTOCOL_DEFINITION('international standard','ap242_managed_model_based_3d_engineering',2020,#2586);
#2586=APPLICATION_CONTEXT('managed model based 3d engineering');
#2587=COMPOSITE_SHAPE_ASPECT('DISTANCE.F8K5yWHNOxff0nn_1',$,#2577,$);
#2588=SHAPE_ASPECT('DISTANCE.F8K5yWHNOxff0nn_1',$,#2577,.T.);
#2589=GEOMETRIC_ITEM_SPECIFIC_USAGE('','',#2588,#11,#1505);
#2590=SHAPE_ASPECT_RELATIONSHIP('','',#2587,#2588);
#2591=SHAPE_ASPECT('DISTANCE.F8K5yWHNOxff0nn_1',$,#2577,.T.);
#2592=GEOMETRIC_ITEM_SPECIFIC_USAGE('','',#2591,#11,#1505);
#2593=SHAPE_ASPECT_RELATIONSHIP('','',#2587,#2591);
#2594=SHAPE_ASPECT('DISTANCE.F8K5yWHNOxff0nn_1',$,#2577,.T.);
#2595=GEOMETRIC_ITEM_SPECIFIC_USAGE('','',#2594,#11,#1505);
#2596=SHAPE_ASPECT_RELATIONSHIP('','',#2587,#2594);
#2597=SHAPE_ASPECT('DISTANCE.F8K5yWHNOxff0nn_1',$,#2577,.T.);
#2598=GEOMETRIC_ITEM_SPECIFIC_USAGE('','',#2597,#11,#1505);
#2599=SHAPE_ASPECT_RELATIONSHIP('','',#2587,#2597);
#2600=COMPOSITE_SHAPE_ASPECT('DISTANCE.F8K5yWHNOxff0nn_1',$,#2577,$);
#2601=SHAPE_ASPECT('DISTANCE.F8K5yWHNOxff0nn_1',$,#2577,.T.);
#2602=GEOMETRIC_ITEM_SPECIFIC_USAGE('','',#2601,#11,#1532);
#2603=SHAPE_ASPECT_RELATIONSHIP('','',#2600,#2601);
#2604=SHAPE_ASPECT('DISTANCE.F8K5yWHNOxff0nn_1',$,#2577,.T.);
#2605=GEOMETRIC_ITEM_SPECIFIC_USAGE('','',#2604,#11,#1530);
#2606=SHAPE_ASPECT_RELATIONSHIP('','',#2600,#2604);
#2607=SHAPE_ASPECT('DISTANCE.F8K5yWHNOxff0nn_1',$,#2577,.T.);
#2608=GEOMETRIC_ITEM_SPECIFIC_USAGE('','',#2607,#11,#1531);
#2609=SHAPE_ASPECT_RELATIONSHIP('','',#2600,#2607);
#2610=SHAPE_ASPECT('DISTANCE.F8K5yWHNOxff0nn_1',$,#2577,.T.);
#2611=GEOMETRIC_ITEM_SPECIFIC_USAGE('','',#2610,#11,#1533);
#2612=SHAPE_ASPECT_RELATIONSHIP('','',#2600,#2610);
#2613=DIMENSIONAL_LOCATION('linear distance','DISTANCE.F8K5yWHNOxff0nn_1',#2587,#2600);
#2615=(
LENGTH_UNIT()
NAMED_UNIT(*)
SI_UNIT(.MILLI.,.METRE.)
);
#2616=PRECISION_QUALIFIER(3);
#2614=(
LENGTH_MEASURE_WITH_UNIT()
MEASURE_REPRESENTATION_ITEM()
MEASURE_WITH_UNIT(POSITIVE_LENGTH_MEASURE(1.),#2615)
QUALIFIED_REPRESENTATION_ITEM((#2616))
REPRESENTATION_ITEM('nominal value')
);
#2617=SHAPE_DIMENSION_REPRESENTATION('',(#2614),#2572);
#2618=DIMENSIONAL_CHARACTERISTIC_REPRESENTATION(#2613,#2617);
#2619=PRESENTATION_STYLE_ASSIGNMENT((NULL_STYLE(.NULL.)));
#2620=CARTESIAN_POINT('',(0.295904927968979,0.0209,-0.00496987981256098));
#2621=DIRECTION('',(0.,0.,-1.));
#2622=DIRECTION('',(-1.,0.,0.));
#2623=AXIS2_PLACEMENT_3D('',#2620,#2621,#2622);
#2624=PLANE('',#2623);
#2625=ANNOTATION_PLANE('',(#2619),#2624,(#2652));
#2626=CARTESIAN_POINT('',(0.,0.,0.));
#2627=DIRECTION('',(0.,0.,1.));
#2628=DIRECTION('',(1.,0.,0.));
#2629=AXIS2_PLACEMENT_3D('',#2626,#2627,#2628);
#2630=CARTESIAN_POINT('',(0.,0.,0.));
#2631=DIRECTION('',(0.,0.,1.));
#2632=DIRECTION('',(1.,0.,0.));
#2633=AXIS2_PLACEMENT_3D('',#2630,#2631,#2632);
#2634=SHAPE_REPRESENTATION('',(#2633,#1604),#2572);
#2635=REPRESENTATION_MAP(#2629,#2634);
#2636=MAPPED_ITEM('',#2635,#2629);
#2637=PRESENTATION_STYLE_ASSIGNMENT((NULL_STYLE(.NULL.)));
#2638=STYLED_ITEM('',(#2637),#2636);
#2639=DRAUGHTING_MODEL('',(#2625,#2629,#2636,#2638),#2572);
#2640=DRAUGHTING_PRE_DEFINED_CURVE_FONT('continuous');
#2641=COLOUR_RGB('',0.,0.,0.);
#2642=CURVE_STYLE('',#2640,POSITIVE_LENGTH_MEASURE(0.02),#2641);
#2643=PRESENTATION_STYLE_ASSIGNMENT((#2642));
#2644=COORDINATES_LIST('coordinates',72,((0.2937216,0.0217944,-0.0049699),(0.2964049,0.0209000,-0.0049699),(0.2937216,0.0200056,-0.0049699),(0.2980882,0.0200056,-0.0049699),(0.2954049,0.0209000,-0.0049699),(0.2980882,0.0217944,-0.0049699),(0.2961997,0.0188706,-0.0049699),(0.2960822,0.0189172,-0.0049699),(0.2954747,0.0194189,-0.0049699),(0.2961997,0.0188706,-0.0049699),(0.2954747,0.0194189,-0.0049699),(0.2954170,0.0194866,-0.0049699),(0.2961997,0.0188706,-0.0049699),(0.2954170,0.0194866,-0.0049699),(0.2953922,0.0195586,-0.0049699),(0.2961997,0.0188706,-0.0049699),(0.2953922,0.0195586,-0.0049699),(0.2953922,0.0195924,-0.0049699),(0.2961997,0.0188706,-0.0049699),(0.2953922,0.0195924,-0.0049699),(0.2954260,0.0197205,-0.0049699),(0.2961997,0.0188706,-0.0049699),(0.2954260,0.0197205,-0.0049699),(0.2954853,0.0197774,-0.0049699),(0.2961997,0.0188706,-0.0049699),(0.2954853,0.0197774,-0.0049699),(0.2955657,0.0198062,-0.0049699),(0.2961997,0.0188706,-0.0049699),(0.2955657,0.0198062,-0.0049699),(0.2956070,0.0198083,-0.0049699),(0.2961997,0.0188706,-0.0049699),(0.2956070,0.0198083,-0.0049699),(0.2957224,0.0197713,-0.0049699),(0.2961997,0.0188706,-0.0049699),(0.2957224,0.0197713,-0.0049699),(0.2959933,0.0195321,-0.0049699),(0.2961997,0.0188706,-0.0049699),(0.2959933,0.0195321,-0.0049699),(0.2959933,0.0227177,-0.0049699),(0.2961997,0.0188706,-0.0049699),(0.2959933,0.0227177,-0.0049699),(0.2960086,0.0227997,-0.0049699),(0.2961997,0.0188706,-0.0049699),(0.2960086,0.0227997,-0.0049699),(0.2960547,0.0228680,-0.0049699),(0.2961997,0.0188706,-0.0049699),(0.2960547,0.0228680,-0.0049699),(0.2961229,0.0229140,-0.0049699),(0.2961997,0.0188706,-0.0049699),(0.2961229,0.0229140,-0.0049699),(0.2962050,0.0229294,-0.0049699),(0.2961997,0.0188706,-0.0049699),(0.2962050,0.0229294,-0.0049699),(0.2962878,0.0229140,-0.0049699),(0.2961997,0.0188706,-0.0049699),(0.2962878,0.0229140,-0.0049699),(0.2963563,0.0228680,-0.0049699),(0.2961997,0.0188706,-0.0049699),(0.2963563,0.0228680,-0.0049699),(0.2964023,0.0227997,-0.0049699),(0.2961997,0.0188706,-0.0049699),(0.2964023,0.0227997,-0.0049699),(0.2964177,0.0227177,-0.0049699),(0.2961997,0.0188706,-0.0049699),(0.2964177,0.0227177,-0.0049699),(0.2964177,0.0190908,-0.0049699),(0.2961997,0.0188706,-0.0049699),(0.2964177,0.0190908,-0.0049699),(0.2963894,0.0189775,-0.0049699),(0.2961997,0.0188706,-0.0049699),(0.2963894,0.0189775,-0.0049699),(0.2963044,0.0189024,-0.0049699)));
#2645=COMPLEX_TRIANGULATED_SURFACE_SET('surface set',#2644,72,(),(),(),((1,2,3),(4,5,6),(7,8,9),(10,11,12),(13,14,15),(16,17,18),(19,20,21),(22,23,24),(25,26,27),(28,29,30),(31,32,33),(34,35,36),(37,38,39),(40,41,42),(43,44,45),(46,47,48),(49,50,51),(52,53,54),(55,56,57),(58,59,60),(61,62,63),(64,65,66),(67,68,69),(70,71,72)));
#2646=TESSELLATED_GEOMETRIC_SET('linear dimension',(#2645));
#2647=COORDINATES_LIST('coordinates',10,((0.2964049,0.0209000,-0.0014699),(0.2964049,0.0209000,-0.0084699),(0.2964049,0.0209000,-0.0049699),(0.2964049,0.0209000,-0.0049699),(0.2954049,0.0209000,-0.0049699),(0.2954049,0.0209000,-0.0049699),(0.2974177,0.0209000,-0.0049699),(0.2974177,0.0209000,-0.0049699),(0.2943922,0.0209000,-0.0049699),(0.2943922,0.0209000,-0.0049699)));
#2648=TESSELLATED_CURVE_SET('curve set',#2647,((1,2),(3,4),(5,6),(7,8),(9,10)));
#2649=TESSELLATED_GEOMETRIC_SET('linear dimension',(#2648));
#2650=TESSELLATED_ANNOTATION_OCCURRENCE('linear dimension',(#2643),#2646);
#2651=TESSELLATED_ANNOTATION_OCCURRENCE('linear dimension',(#2643),#2649);
#2652=DRAUGHTING_CALLOUT('linear dimension',(#2650,#2651));
#2653=DRAUGHTING_MODEL_ITEM_ASSOCIATION('','',#2587,#2639,#2652);
#2654=DRAUGHTING_MODEL_ITEM_ASSOCIATION('','',#2600,#2639,#2652);
#2655=DRAUGHTING_MODEL_ITEM_ASSOCIATION('','',#2613,#2639,#2652);
ENDSEC;
END-ISO-10303-21;
